AMBLER_CLASS;NAME;ALTERNATIVE_NAME;SUBFAMILY;blaNAME;GENPEPT_ID;GENBANK_ID;PUBMED_ID;SEQUENCE_LINK;NUMBER_PDB_STRUCTURES;MUTANTS;PHENOTYPE;FUNCTIONAL_INFORMATION;NATURAL_OR_AQUIRED
A;AXC-1;NULL;NULL;blaAXC-1;ATG32091;MF767301;29802257 (DOI);view;NULL;NULL;NULL;carbapenemase;N (Achromobacter xylosoxidans JC186)
A;AXC-2;NULL;NULL;blaAXC-2;AXM44138;MH742744;38392853 (DOI);view;NULL;NULL;NULL;carbapenemase;N (Achromobacter ruhlandii)
A;AXC-3;NULL;NULL;blaAXC-3;AXM44139;MH742745;NULL;view;NULL;NULL;NULL;carbapenemase;N (Achromobacter ruhlandii)
A;AXC-4;NULL;NULL;blaAXC-4;QEJ74006.1;MN339509;NULL;view;NULL;NULL;NULL;carbapenemase;N (Achromobacter xylosoxidans 196353)
A;AXC-5;NULL;NULL;blaAXC-5;QEJ80833.1;MN370453;NULL;view;NULL;NULL;NULL;carbapenemase;N (Achromobacter xylosoxidans 174423)
A;AXC-6;NULL;NULL;blaAXC-6;QUR41148;MZ025964;NULL;view;NULL;NULL;NULL;carbapenemase;N (Achromobacter ruhlandii)
A;AXC-7;NULL;NULL;blaAXC-7;UGN25768;OL516042;NULL;view;NULL;NULL;NULL;carbapenemase;N (Achromobacter xylosoxidans 163342)
A;AXC-8;NULL;NULL;blaAXC-8;BFR50331;LC834166;NULL;view;NULL;NULL;NULL;carbapenemase;N (Achromobacter ruhlandii GS627)
A;BIC-1;NULL;NULL;blaBIC-1;ADB56658;GQ260093;19901091 (DOI);view;NULL;NULL;NULL;carbapenemase;A
A;BIC-2;NULL;NULL;blaBIC-2;WKD79667;OR143113;NULL;view;NULL;NULL;NULL;carbapenemase;A
A;BKC-1;NULL;NULL;blaBKC-1;AKD43328;KP689347;26055384 (DOI);view;NULL;NULL;NULL;carbapenemase;A
A;BKC-2;NULL;NULL;blaBKC-2;QJR96167;MT427610;33318020 (DOI);view;NULL;NULL;NULL;carbapenemase;A
A;CRP-1;NULL;NULL;blaCRP-1;KIA78998;JTGE01000141;26892778 (DOI);view;NULL;NULL;NULL;carbapenemase;N (Chromobacterium piscinae)
A;CRH-1;NULL;NULL;blaCRH-1;WP_043592266;NZ_JRFR01000016;26892778 (DOI);view;2;NULL;NULL;carbapenemase;N (Chromobacterium haemolyticum)
A;CRH-2;NULL;NULL;blaCRH-2;AQZ55549;KY773614;NULL;view;NULL;NULL;NULL;carbapenemase;N (Chromobacterium haemolyticum)
A;CRH-3;NULL;NULL;blaCRH-3;AQZ55550;KY773615;NULL;view;NULL;NULL;NULL;carbapenemase;N (Chromobacterium haemolyticum)
A;FLC-1;NULL;NULL;blaFLC-1;ATX60370;MG309750;30910900 (DOI);view;NULL;NULL;NULL;carbapenemase;A
A;FPH-1;NULL;NULL;blaFPH-1;AJI54894;CP009442;22450977 (DOI);view;NULL;NULL;NULL;carbapenemase;N (Francisella philomiragia O#319-036 [FSC 153])
A;FRI-1;NULL;NULL;blaFRI-1;ALE30770;KT192551;26392482 (DOI);view;NULL;NULL;NULL;carbapenemase;A
A;FRI-2;NULL;NULL;blaFRI-2;ANZ90381;KX620467;28605515 (DOI);view;NULL;NULL;NULL;carbapenemase;A
A;FRI-3;NULL;NULL;blaFRI-3;AQS23610;KY524440;31302698 (DOI);view;NULL;NULL;NULL;carbapenemase;A
A;FRI-4;NULL;NULL;blaFRI-4;WP_088245210;NG_055267;30060114 (DOI);view;NULL;NULL;NULL;carbapenemase;A
A;FRI-5;NULL;NULL;blaFRI-5;AWA42532;MH208723;NULL;view;NULL;NULL;NULL;carbapenemase;A
A;FRI-6;NULL;NULL;blaFRI-6;AZK35806;MK248729;31725164 (DOI);view;NULL;NULL;NULL;carbapenemase;A
A;FRI-7;NULL;NULL;blaFRI-7;BBI97867;AP019534;NULL;view;NULL;NULL;NULL;carbapenemase;A
A;FRI-8;NULL;NULL;blaFRI-8;BBJ69931;AP019635;36802273 (DOI);view;NULL;NULL;NULL;carbapenemase;A
A;FRI-9;NULL;NULL;blaFRI-9;BBJ65425;AP019633;NULL;view;NULL;NULL;NULL;carbapenemase;A
A;FRI-10;NULL;NULL;blaFRI-10;QPQ08642;MW349709;NULL;view;NULL;NULL;NULL;carbapenemase;A
A;FRI-11;NULL;NULL;blaFRI-11;UAN38692;CP074155;NULL;view;NULL;NULL;NULL;carbapenemase;A
A;FRI-12;NULL;NULL;blaFRI-12;UUM03679;OP142442;39046566 (DOI);view;NULL;NULL;NULL;carbapenemase;A
A;GES-4;NULL;NULL;blaGES-4;BAD08689;AB116260;15273099 (DOI);view;NULL;NULL;2f;carbapenemase;A
A;GES-5;NULL;NULL;blaGES-5;AKP49275;KR014105;15135524 (DOI);view;8;NULL;2f;carbapenemase;A
A;GES-14;NULL;NULL;blaGES-14;ADC91899;GU207844;20805394 (DOI);view;1;NULL;2f;carbapenemase;A
A;GES-16;NULL;NULL;blaGES-16;ADJ94120;HM173356;29861147 (DOI);view;NULL;NULL;2f;carbapenemase;A
A;GES-20;NULL;NULL;blaGES-20;YP_006953606;NC_019081;22526300 (DOI);view;NULL;NULL;2f;carbapenemase;A
A;GES-21;NULL;NULL;blaGES-21;AFK80745;JQ772478;—(—);view;NULL;NULL;2f;carbapenemase;A
A;GES-24;NULL;NULL;blaGES-24;BAP75641;AB901141;30289383 (DOI);view;NULL;NULL;2f;carbapenemase;A
A;GES-25;NULL;NULL;blaGES-25;ALE31310;KT732289;—(—);view;NULL;NULL;2f;carbapenemase;A
A;GES-28;NULL;NULL;blaGES-28;ALC74967;KT626944;—(—);view;NULL;NULL;2f;carbapenemase;A
A;GES-30;NULL;NULL;blaGES-30;BAU51851;LC126615;—(—);view;NULL;NULL;2f;carbapenemase;A
A;GES-33;NULL;NULL;blaGES-33;ARB50425;KY783911;NULL;view;NULL;NULL;NULL;carbapenemase;A
A;GES-39;NULL;NULL;blaGES-39;AXQ11875;MH780083;NULL;view;NULL;NULL;NULL;carbapenemase;A
A;GES-40;NULL;NULL;blaGES-40;AYP70147;MK105833;NULL;view;NULL;NULL;NULL;carbapenemase;A
A;GES-41;NULL;NULL;blaGES-41;QCO90782;MK880227;NULL;view;NULL;NULL;NULL;carbapenemase;A
A;GES-47;NULL;NULL;blaGES-47;BCT36862;LC612389;NULL;view;NULL;NULL;NULL;carbapenemase;A
A;GES-48;NULL;NULL;blaGES-48;BCT36863;LC612390;NULL;view;NULL;NULL;NULL;carbapenemase;A
A;GES-49;NULL;NULL;blaGES-49;BCY26593;LC637995;NULL;view;NULL;NULL;NULL;carbapenemase;A
A;GES-50;NULL;NULL;blaGES-50;BDB58072;LC654878;NULL;view;NULL;NULL;NULL;carbapenemase;A
A;GES-51;NULL;NULL;blaGES-51;BBV94593;AP022467;NULL;view;NULL;NULL;NULL;carbapenemase;A
A;GES-53;NULL;NULL;blaGES-53;UQM94989;ON418962;NULL;view;NULL;NULL;NULL;carbapenemase;A
A;GES-54;NULL;NULL;blaGES-54;BDI54505;LC709174;NULL;view;NULL;NULL;NULL;carbapenemase;A
A;GES-58;NULL;NULL;blaGES-58;BED98385;LC763412;NULL;view;NULL;NULL;NULL;carbapenemase;A
A;GES-66;NULL;NULL;blaGES-66;MEX5467441;JBFSES010000053;NULL;view;NULL;NULL;NULL;carbapenemase;A
A;GPC-1;NULL;NULL;blaGPC-1;AWB15813;MH211206;31960033 (DOI);view;NULL;NULL;NULL;carbapenemase;A
A;IMI-1;NULL;IMI-like;blaIMI-1;AAA93461;U50278;8878585 (—);view;NULL;NULL;2f;carbapenemase;N (Enterobacter cloacae)
A;IMI-2;NULL;IMI-like;blaIMI-2;ABA00479;DQ173429;15752444 (DOI);view;NULL;NULL;2f;carbapenemase;A
A;IMI-3;NULL;IMI-like;blaIMI-3;ACX71212;GU015024;21192875 (DOI);view;NULL;NULL;2f;carbapenemase;N (Enterobacter cloacae)
A;IMI-4;NULL;IMI-like;blaIMI-4;AHE78014;KF958750;NULL;view;NULL;NULL;2f;carbapenemase;N (Enterobacter cloacae)
A;IMI-5;NULL;IMI-like;blaIMI-5;AME15649;KT599915;NULL;view;NULL;NULL;2f;carbapenemase;N (Enterobacter cloacae)
A;IMI-6;NULL;IMI-like;blaIMI-6;AME15652;KT599916;NULL;view;NULL;NULL;2f;carbapenemase;A
A;IMI-7;NULL;IMI-like;blaIMI-7;AIS19858;KM103296;NULL;view;NULL;NULL;2f;carbapenemase;N (Enterobacter cloacae)
A;IMI-8;NULL;IMI-like;blaIMI-8;AIY69088;KP081315;NULL;view;NULL;NULL;2f;carbapenemase;N (Enterobacter cloacae)
A;IMI-9;NULL;IMI-like;blaIMI-9;KSX64667;LNHM01000007;NULL;view;NULL;NULL;2f;carbapenemase;N (Enterobacter sp. 50588862)
A;IMI-10;NULL;IMI-like;blaIMI-10;MDX7665057;JAXAFB010000014;NULL;view;NULL;NULL;NULL;carbapenemase;N (Enterobacter asburiae)
A;IMI-12;NULL;IMI-like;blaIMI-12;ANH79183;KU697357;NULL;view;NULL;NULL;2f;carbapenemase;N (Enterobacter asburiae)
A;IMI-13;NULL;IMI-like;blaIMI-13;ANJ78207;KX371620;NULL;view;NULL;NULL;NULL;carbapenemase;N (Enterobacter asburiae 107E1)
A;IMI-14;NULL;IMI-like;blaIMI-14;APY16311;KY501227;NULL;view;NULL;NULL;NULL;carbapenemase;N (Enterobacter hormaechei NRZ-31141)
A;IMI-15;NULL;IMI-like;blaIMI-15;AQW35407;KY688372;NULL;view;NULL;NULL;NULL;carbapenemase;N (Enterobacter cloacae subsp. cloacae smu953)
A;IMI-16;NULL;IMI-like;blaIMI-16;ASE05857;MF373390;NULL;view;NULL;NULL;NULL;carbapenemase;N (Enterobacter cloacae N17-00710)
A;IMI-17;NULL;IMI-like;blaIMI-17;ATU32976;MG450750;NULL;view;NULL;NULL;NULL;carbapenemase;N (Enterobacter cloacae 143D4)
A;IMI-18;NULL;IMI-like;blaIMI-18;BBH72281;LC439298;NULL;view;NULL;NULL;NULL;carbapenemase;N (Enterobacter cloacae)
A;IMI-19;NULL;IMI-like;blaIMI-19;QCE31565;MK807025;NULL;view;NULL;NULL;NULL;carbapenemase;N (Enterobacter cloacae)
A;IMI-20;NULL;IMI-like;blaIMI-20;QFX75996;MN619794;33126924 (DOI);view;NULL;NULL;NULL;carbapenemase;N (Enterobacter bugandensis nEC134)
A;IMI-21;NULL;IMI-like;blaIMI-21;QPQ08641;MW349708;NULL;view;NULL;NULL;NULL;carbapenemase;N (Enterobacter asburiae)
A;IMI-22;NULL;IMI-like;blaIMI-22;UAN29788;CP074169;NULL;view;NULL;NULL;NULL;carbapenemase;A
A;IMI-23;NULL;IMI-like;blaIMI-23;UAN29726;CP074169;NULL;view;NULL;NULL;NULL;carbapenemase;A
A;IMI-24;NULL;IMI-like;blaIMI-24;ULG04426;OM525830;NULL;view;NULL;NULL;NULL;carbapenemase;N (Enterobacter cloacae)
A;IMI-25;NULL;IMI-like;blaIMI-25;WVW91583;PP296989;NULL;view;NULL;NULL;NULL;carbapenemase;N (Enterobacter cloacae complex sp.)
A;IMI-26;NULL;IMI-like;blaIMI-26;WVW91584;PP296990;NULL;view;NULL;NULL;NULL;carbapenemase;N (Enterobacter cloacae complex sp.)
A;IMI-27;NULL;IMI-like;blaIMI-27;RAY77953;QMCS01000083;NULL;view;NULL;NULL;NULL;carbapenemase;N (Enterobacter cloacae 148H3)
A;IMI-29;NULL;NULL;blaIMI-29;XMD53574;PQ666869;NULL;view;NULL;NULL;NULL;carbapenemase;N (Enterobacter cloacae)
A;IMI-30;NULL;NULL;blaIMI-30;XNY97132;PV010178;NULL;view;NULL;NULL;NULL;carbapenemase;N (Enterobacter asburiae 499D3)
A;KPC-2;KPC-1;NULL;blaKPC-2;OBR18659;LDDY01000008;11257029 (DOI) 12615876 (DOI) 31127297 (DOI) 37255469 (DOI);view;68;14;2f;carbapenemase;A
A;KPC-3;NULL;NULL;blaKPC-3;AIL25506;KJ748372;15561858 (DOI) 16251324 (DOI) 31127297 (DOI) 34339281 (DOI) 37255469 (DOI);view;2;NULL;2f;carbapenemase;A
A;KPC-4;NULL;NULL;blaKPC-4;KDF02556;JMUK01000029;19015357 (DOI) 23114770 (DOI);view;5;NULL;2f;carbapenemase;A
A;KPC-5;NULL;NULL;blaKPC-5;KTH61645;LPOR01000022;19015357 (DOI) 23114770 (DOI);view;NULL;NULL;2f;carbapenemase;A
A;KPC-6;NULL;NULL;blaKPC-6;ACB71165;EU555534;22908150 (DOI);view;NULL;NULL;2f;carbapenemase;A
A;KPC-7;NULL;NULL;blaKPC-7;ACE62798;EU729727;20513702 (DOI);view;NULL;NULL;2f;carbapenemase;A
A;KPC-10;NULL;NULL;blaKPC-10;ACS35345;GQ140348;20038618 (DOI);view;NULL;NULL;2f;carbapenemase;A
A;KPC-11;NULL;NULL;blaKPC-11;ADH95186;HM066995;21670192 (DOI) 22322349 (DOI);view;NULL;NULL;2f;carbapenemase;A
A;KPC-13;NULL;NULL;blaKPC-13;AEA73284;HQ342889;NULL;view;NULL;NULL;2f;carbapenemase;A
A;KPC-15;NULL;NULL;blaKPC-15;AGF70638;KC433553;25360633 (DOI);view;NULL;NULL;2f;carbapenemase;A
A;KPC-16;NULL;NULL;blaKPC-16;AGJ01153;KC465199;NULL;view;NULL;NULL;2f;carbapenemase;A
A;KPC-17;NULL;NULL;blaKPC-17;AGJ01154;KC465200;NULL;view;NULL;NULL;2f;carbapenemase;A
A;KPC-18;NULL;NULL;blaKPC-18;ALV83364;KT884517;NULL;view;NULL;NULL;2f;carbapenemase;A
A;KPC-19;NULL;NULL;blaKPC-19;AIH07017;KJ775801;NULL;view;NULL;NULL;2f;carbapenemase;A
A;KPC-21;NULL;NULL;blaKPC-21;CEF57509;LN609376;NULL;view;NULL;NULL;2f;carbapenemase;A
A;KPC-22;NULL;NULL;blaKPC-22;AIX87991;KM379100;NULL;view;NULL;NULL;2f;carbapenemase;A
A;KPC-23;KPC-9;NULL;blaKPC-23;AWU66461;MH450213;22964247 (DOI);view;NULL;NULL;2f;carbapenemase;A
A;KPC-24;NULL;NULL;blaKPC-24;AKQ06274;KR052099;27436389 (DOI);view;NULL;NULL;2f;carbapenemase;A
A;KPC-26;NULL;NULL;blaKPC-26;ANY26940;KX619622;28971868 (DOI);view;NULL;NULL;2f;carbapenemase;A
A;KPC-27;NULL;NULL;blaKPC-27;AOR05747;KX828722;NULL;view;NULL;NULL;2f;carbapenemase;A
A;KPC-34;NULL;NULL;blaKPC-34;AMS25623;KU985429;29855588 (DOI);view;NULL;NULL;NULL;carbapenemase;A
A;KPC-36;NULL;NULL;blaKPC-36;AXC08545;MH593787;31593765 (DOI);view;NULL;NULL;NULL;carbapenemase;A
A;KPC-37;NULL;NULL;blaKPC-37;AXL13972;MH718730;NULL;view;NULL;NULL;NULL;carbapenemase;A
A;KPC-38;NULL;NULL;blaKPC-38;AYP70144;MK098861;NULL;view;NULL;NULL;NULL;carbapenemase;A
A;KPC-42;NULL;NULL;blaKPC-42;QBC75465;MK467612;NULL;view;NULL;NULL;NULL;carbapenemase;A
A;KPC-43;NULL;NULL;blaKPC-43;QBO66649;MK628511;NULL;view;NULL;NULL;NULL;carbapenemase;A
A;KPC-45;NULL;NULL;blaKPC-45;QDM39441;MN104596;NULL;view;NULL;NULL;NULL;carbapenemase;A
A;KPC-54;NULL;NULL;blaKPC-54;QHA33651;MN854706;NULL;view;NULL;NULL;NULL;carbapenemase;A
A;KPC-55;NULL;NULL;blaKPC-55;QIS31290;MT028409;33133036 (DOI);view;NULL;NULL;NULL;carbapenemase;A
A;KPC-56;NULL;NULL;blaKPC-56;OVG32154;NDBX01000081;NULL;view;NULL;NULL;NULL;carbapenemase;A
A;KPC-59;NULL;NULL;blaKPC-59;QJX44696;MT463290;NULL;view;NULL;NULL;NULL;carbapenemase;A
A;KPC-60;NULL;NULL;blaKPC-60;QJX44698;MT482411;NULL;view;NULL;NULL;NULL;carbapenemase;A
A;KPC-75;NULL;NULL;blaKPC-75;QNL15886;MT920645;NULL;view;NULL;NULL;NULL;carbapenemase;A
A;KPC-77;NULL;NULL;blaKPC-77;QOJ39190;MW030519;NULL;view;NULL;NULL;NULL;carbapenemase;A
A;KPC-80;NULL;NULL;blaKPC-80;QQL91944;MW444845;38319084 (DOI);view;NULL;NULL;NULL;carbapenemase;A
A;KPC-81;NULL;NULL;blaKPC-81;QQL91945;MW444846;38319084 (DOI);view;NULL;NULL;NULL;carbapenemase;A
A;KPC-83;NULL;NULL;blaKPC-83;QRM14288;MW581775;NULL;view;NULL;NULL;NULL;carbapenemase;A
A;KPC-85;NULL;NULL;blaKPC-85;QTV25836;MW896839;39002702 (DOI);view;NULL;NULL;NULL;carbapenemase;A
A;KPC-89;NULL;NULL;blaKPC-89;QWW21252;MZ401141;NULL;view;NULL;NULL;NULL;carbapenemase;A
A;KPC-91;NULL;NULL;blaKPC-91;QWW21254;MZ404505;NULL;view;NULL;NULL;NULL;carbapenemase;A
A;KPC-96;NULL;NULL;blaKPC-96;UAY85936;OK086970;38319084 (DOI);view;NULL;NULL;NULL;carbapenemase;A
A;KPC-97;NULL;NULL;blaKPC-97;UAY85937;OK086971;38319084 (DOI);view;NULL;NULL;NULL;carbapenemase;A
A;KPC-98;NULL;NULL;blaKPC-98;UAZ57792;MZ893466;37875180 (DOI);view;NULL;NULL;NULL;carbapenemase;A
A;KPC-102;NULL;NULL;blaKPC-102;UDU33959;OK652013;NULL;view;NULL;NULL;NULL;carbapenemase;A
A;KPC-116;NULL;NULL;blaKPC-116;ULU82669;OM729575;NULL;view;NULL;NULL;NULL;carbapenemase;A
A;KPC-118;NULL;NULL;blaKPC-118;UNN26048;OM933712;NULL;view;NULL;NULL;NULL;carbapenemase;A
A;KPC-119;NULL;NULL;blaKPC-119;UNN26049;OM933713;NULL;view;NULL;NULL;NULL;carbapenemase;A
A;KPC-120;NULL;NULL;blaKPC-120;UNN26051;OM933715;NULL;view;NULL;NULL;NULL;carbapenemase;A
A;KPC-121;NULL;NULL;blaKPC-121;UNN26053;OM933717;NULL;view;NULL;NULL;NULL;carbapenemase;A
A;KPC-122;NULL;NULL;blaKPC-122;UNN26056;OM933720;NULL;view;NULL;NULL;NULL;carbapenemase;A
A;KPC-126;NULL;NULL;blaKPC-126;UPY21302;OM830488;NULL;view;NULL;NULL;NULL;carbapenemase;A
A;KPC-127;NULL;NULL;blaKPC-127;URC16702;ON521725;NULL;view;NULL;NULL;NULL;carbapenemase;A
A;KPC-128;NULL;NULL;blaKPC-128;URC16704;ON521727;NULL;view;NULL;NULL;NULL;carbapenemase;A
A;KPC-131;NULL;NULL;blaKPC-131;USQ89943;ON823194;NULL;view;NULL;NULL;NULL;carbapenemase;A
A;KPC-133;NULL;NULL;blaKPC-133;UUG60968;OP081531;NULL;view;NULL;NULL;NULL;carbapenemase;A
A;KPC-136;NULL;NULL;blaKPC-136;WEG44273;OQ579152;NULL;view;NULL;NULL;NULL;carbapenemase;A
A;KPC-146;NULL;NULL;blaKPC-146;UZC76861;OP696903;NULL;view;NULL;NULL;NULL;carbapenemase;A
A;KPC-147;NULL;NULL;blaKPC-147;UZC76862;OP696904;NULL;view;NULL;NULL;NULL;carbapenemase;A
A;KPC-149;NULL;NULL;blaKPC-149;UZF98429;OP778041;NULL;view;NULL;NULL;NULL;carbapenemase;A
A;KPC-156;NULL;NULL;blaKPC-156;WCS94746;OQ390084;NULL;view;NULL;NULL;NULL;carbapenemase;A
A;KPC-157;NULL;NULL;blaKPC-157;MCS4340177;JALIZZ010000036;NULL;view;NULL;NULL;NULL;carbapenemase;A
A;KPC-160;NULL;NULL;blaKPC-160;QOT47587;MW077228;NULL;view;NULL;NULL;NULL;carbapenemase;A
A;KPC-161;NULL;NULL;blaKPC-161;WEG44275;OQ579137;NULL;view;NULL;NULL;NULL;carbapenemase;A
A;KPC-162;NULL;NULL;blaKPC-162;WEG44276;OQ579138;NULL;view;NULL;NULL;NULL;carbapenemase;A
A;KPC-163;NULL;NULL;blaKPC-163;WEG44277;OQ579139;NULL;view;NULL;NULL;NULL;carbapenemase;A
A;KPC-164;NULL;NULL;blaKPC-164;WEG44278;OQ579140;NULL;view;NULL;NULL;NULL;carbapenemase;A
A;KPC-165;NULL;NULL;blaKPC-165;WEG44279;OQ579141;NULL;view;NULL;NULL;NULL;carbapenemase;A
A;KPC-166;NULL;NULL;blaKPC-166;HBU2411190;DAGFBH010000045;38584042 (DOI);view;NULL;NULL;NULL;carbapenemase;A
A;KPC-181;NULL;NULL;blaKPC-181;MDE8827207;JAREOJ010000064;NULL;view;NULL;NULL;NULL;carbapenemase;A
A;KPC-182;NULL;NULL;blaKPC-182;WKT28611;OR282796;NULL;view;NULL;NULL;NULL;carbapenemase;A
A;KPC-183;NULL;NULL;blaKPC-183;WKT28615;OR282800;NULL;view;NULL;NULL;NULL;carbapenemase;A
A;KPC-184;NULL;NULL;blaKPC-184;WKT28616;OR282801;NULL;view;NULL;NULL;NULL;carbapenemase;A
A;KPC-195;NULL;NULL;blaKPC-195;WNR58177;OR590804;NULL;view;NULL;NULL;NULL;carbapenemase;A
A;KPC-211;NULL;NULL;blaKPC-211;WVD92244;PP194258;NULL;view;NULL;NULL;NULL;carbapenemase;A
A;KPC-212;NULL;NULL;blaKPC-212;WVD92245;PP194259;NULL;view;NULL;NULL;NULL;carbapenemase;A
A;KPC-223;NULL;NULL;blaKPC-223;WZW71004;PP701811;NULL;view;NULL;NULL;NULL;carbapenemase;A
A;KPC-231;NULL;NULL;blaKPC-231;XFH17878;PQ117760;NULL;view;NULL;NULL;NULL;carbapenemase;A
A;KPC-232;NULL;NULL;blaKPC-232;XFH17880;PQ117762;NULL;view;NULL;NULL;NULL;carbapenemase;A
A;KPC-236;NULL;NULL;blaKPC-236;XHO32892;PQ394549;NULL;view;NULL;NULL;NULL;carbapenemase;A
A;KPC-237;NULL;NULL;blaKPC-237;XHO32893;PQ394550;NULL;view;NULL;NULL;NULL;carbapenemase;A
A;KPC-238;NULL;NULL;blaKPC-238;XHO32894;PQ394551;NULL;view;NULL;NULL;NULL;carbapenemase;A
A;KPC-239;NULL;NULL;blaKPC-239;XHO32895;PQ394552;NULL;view;NULL;NULL;NULL;carbapenemase;A
A;KPC-240;NULL;NULL;blaKPC-240;XHO32896;PQ394553;NULL;view;NULL;NULL;NULL;carbapenemase;A
A;KPC-241;NULL;NULL;blaKPC-241;XHO32897;PQ394554;NULL;view;NULL;NULL;NULL;carbapenemase;A
A;KPC-242;NULL;NULL;blaKPC-242;XHO32898;PQ394555;NULL;view;NULL;NULL;NULL;carbapenemase;A
A;KPC-243;NULL;NULL;blaKPC-243;XKQ46068;PQ571658;NULL;view;NULL;NULL;NULL;carbapenemase;A
A;KPC-244;NULL;NULL;blaKPC-244;MFH7848025;ABEZTZ040000033;NULL;view;NULL;NULL;NULL;carbapenemase;A
A;KPC-245;NULL;NULL;blaKPC-245;MFL3882384;JBJGWA010000036;40113084 (DOI);view;NULL;NULL;NULL;carbapenemase;A
A;KPC-246;NULL;NULL;blaKPC-246;XMD53573;PQ666868;NULL;view;NULL;NULL;NULL;carbapenemase;A
A;KPC-247;NULL;NULL;blaKPC-247;XMD53575;PQ666870;NULL;view;NULL;NULL;NULL;carbapenemase;A
A;KPC-251;NULL;NULL;blaKPC-251;XLZ96863;PQ825746;NULL;view;NULL;NULL;NULL;carbapenemase;A
A;KPC-256;NULL;NULL;blaKPC-256;XOU30610;PV075146;NULL;view;NULL;NULL;NULL;carbapenemase;A
A;KPC-257;NULL;NULL;blaKPC-257;XOU30609;PV075145;NULL;view;NULL;NULL;NULL;carbapenemase;A
A;KPC-262;NULL;NULL;blaKPC-262;MFU1763767;JBLMKQ010000073;NULL;view;NULL;NULL;NULL;carbapenemase;A
A;KPC-263;NULL;NULL;blaKPC-263;XPO98277;PV219192;NULL;view;NULL;NULL;NULL;carbapenemase;A
A;NmcA-1;NOR-1;IMI-like;blaNmcA-1;AKN35351;KR057492;8052644 (—) 8517720 (DOI);view;NULL;NULL;2f;carbapenemase;N (Enterobacter cloacae)
A;PAD-1;NULL;NULL;blaPAD-1;KXF74838;LNTU01000040;28827656 (DOI);view;NULL;NULL;NULL;carbapenemase;N (Paramesorhizobium deserti A-3-E)
A;PenA-1;NULL;NULL;blaPenA-1;AAB53622;U85041;9371340 (—) 23658015 (DOI);view;3;NULL;NULL;carbapenemase;N (Burkholderia multivorans ATCC 17616)
A;SFC-1;NULL;NULL;blaSFC-1;AAR06587;AY354402;15155245 (DOI);view;4;2;NULL;carbapenemase;N (Serratia fonticola)
A;SFC-2;NULL;NULL;blaSFC-2;UAN48719;CP074147;NULL;view;NULL;NULL;NULL;carbapenemase;N (Serratia sp. JSRIV001)
A;SFC-3;NULL;NULL;blaSFC-3;WP_051363721;NG_077966;NULL;view;NULL;NULL;NULL;carbapenemase;N (Serratia fonticola AU-AP2C)
A;SME-1;NULL;NULL;blaSME-1;CAA82281;Z28968;8092824 (DOI);view;1;NULL;2f;carbapenemase;N (Serratia marcescens)
A;SME-2;NULL;NULL;blaSME-2;AAG29813;AF275256;11036019;view;NULL;NULL;2f;carbapenemase;N (Serratia marcescens)
A;SME-3;NULL;NULL;blaSME-3;AAS92558;AY584237;17005839 (DOI);view;NULL;NULL;2f;carbapenemase;N (Serratia marcescens)
A;SME-4;NULL;NULL;blaSME-4;AAB03414;U60295;NULL;view;NULL;NULL;2f;carbapenemase;N (Serratia marcescens)
A;SME-5;NULL;NULL;blaSME-5;AHV85514;KJ188748;NULL;view;NULL;NULL;2f;carbapenemase;N (Serratia marcescens)
A;SME-6;NULL;NULL;blaSME-6;XHJ89680;PQ361319;40219834 (DOI);view;NULL;NULL;NULL;carbapenemase;N (Serratia ureilytica Sm82556279)
A;VCC-1;NULL;NULL;blaVCC-1;ALU63998;KT818596;26824956 (DOI) 37889006 (DOI);view;2;NULL;NULL;carbapenemase;A
B1;BlaB-33;NULL;NULL;blaBlaB-33;AKH95151;CP006576;NULL;view;NULL;NULL;NULL;carbapenemase;N (Elizabethkingia anophelis FMS-007)
B1;CGB-1;NULL;NULL;blaCGB-1;AAL55263;AF339734;12183230 (DOI);view;NULL;NULL;3a;carbapenemase;N (Chryseobacterium gleum)
B1;DIM-1;NULL;NULL;blaDIM-1;AGC92784;KC004136;20308383 (DOI);view;2;NULL;NULL;carbapenemase;A
B1;EBR-1;NULL;NULL;blaEBR-1;AAN32638;AF416700;12234848 (DOI);view;NULL;NULL;3a;carbapenemase;N (Empedobacter brevis)
B1;FIM-1;NULL;NULL;blaFIM-1;AFV91534;JX570731;23114762 (DOI);view;1;NULL;NULL;carbapenemase;A
B1;GIM-1;NULL;NULL;blaGIM-1;ALO69078;KT290950;15561840 (DOI);view;9;NULL;NULL;carbapenemase;A
B1;GIM-2;NULL;NULL;blaGIM-2;AIY26289;KM659858;25547359 (DOI);view;NULL;NULL;NULL;carbapenemase;A
B1;GIM-3;NULL;NULL;blaGIM-3;BDR24829;LC727552;NULL;view;NULL;NULL;NULL;carbapenemase;A
B1;GRD23-1;NULL;NULL;blaGRD23-1;APR64493;KU167043;28082950 (DOI);view;NULL;NULL;NULL;carbapenemase;N (uncultured bacterium)
B1;IMP-1;NULL;NULL;blaIMP-1;ABK27309;EF027105;8141584 (DOI);view;31;20;3a;carbapenemase;A
B1;IMP-2;NULL;NULL;blaIMP-2;CAB94707;AJ243491;10770756 (DOI);view;1;NULL;3a;carbapenemase;A
B1;IMP-3;MET-1;NULL;blaIMP-3;BAA77393;AB010417;10898670 (DOI) 9627953 (DOI);view;NULL;NULL;3a;carbapenemase;A
B1;IMP-4;NULL;NULL;blaIMP-4;AAK13078;AF244145;11181348 (DOI);view;NULL;NULL;3a;carbapenemase;A
B1;IMP-5;NULL;NULL;blaIMP-5;AAK27847;AF290912;12393197 (DOI);view;NULL;NULL;3a;carbapenemase;A
B1;IMP-6;NULL;NULL;blaIMP-6;BAM62797;AB753460;11302793 (DOI);view;3;NULL;3a;carbapenemase;A
B1;IMP-7;NULL;NULL;blaIMP-7;AAK12087;AF318077;11751148 (DOI);view;NULL;NULL;3a;carbapenemase;A
B1;IMP-8;IMP-47;NULL;blaIMP-8;ABG82195;DQ845788;11451699 (DOI);view;NULL;NULL;3a;carbapenemase;A
B1;IMP-9;NULL;NULL;blaIMP-9;ACM66938;FJ655384;16377710 (DOI) 23716048 (DOI);view;NULL;NULL;3a;carbapenemase;A
B1;IMP-10;NULL;NULL;blaIMP-10;BAB72071;AB074435;12019129 (DOI);view;NULL;NULL;3a;carbapenemase;A
B1;IMP-11;NULL;NULL;blaIMP-11;BAB72072;AB074436;21862476 (DOI);view;NULL;NULL;3a;carbapenemase;A
B1;IMP-12;NULL;NULL;blaIMP-12;CAD12765;AJ420864;12709317 (DOI);view;NULL;NULL;3a;carbapenemase;A
B1;IMP-13;NULL;NULL;blaIMP-13;KDF30439;JMUP01000026;12951335 (DOI);view;6;NULL;3a;carbapenemase;A
B1;IMP-14;NULL;NULL;blaIMP-14;AHY18660;KJ406505;NULL;view;NULL;NULL;3a;carbapenemase;A
B1;IMP-15;NULL;NULL;blaIMP-15;AAT49070;AY553333;18362195 (DOI);view;NULL;NULL;3a;carbapenemase;A
B1;IMP-16;NULL;NULL;blaIMP-16;CAE48334;AJ584652;15561846 (DOI);view;NULL;NULL;3a;carbapenemase;A
B1;IMP-17;NULL;NULL;blaIMP-17;CAD55935;AJ512502;NULL;view;NULL;NULL;3a;carbapenemase;A
B1;IMP-18;NULL;NULL;blaIMP-18;AAV49162;AY780674;16723605 (DOI);view;1;NULL;3a;carbapenemase;A
B1;IMP-19;NULL;NULL;blaIMP-19;BAD89183;AB201263;17938180 (DOI) 21862476 (DOI);view;NULL;NULL;3a;carbapenemase;A
B1;IMP-20;NULL;NULL;blaIMP-20;BAD81061;AB196988;NULL;view;NULL;NULL;3a;carbapenemase;A
B1;IMP-21;NULL;NULL;blaIMP-21;BAD89802;AB204557;NULL;view;NULL;NULL;3a;carbapenemase;A
B1;IMP-22;NULL;NULL;blaIMP-22;BAM62879;AB754495;19270313 (DOI);view;NULL;NULL;3a;carbapenemase;A
B1;IMP-23;NULL;NULL;blaIMP-23;ABD85195;DQ417222;NULL;view;NULL;NULL;3a;carbapenemase;A
B1;IMP-24;NULL;NULL;blaIMP-24;ABM68358;EF192154;18804966 (DOI);view;NULL;NULL;3a;carbapenemase;A
B1;IMP-25;NULL;NULL;blaIMP-25;ACB41775;EU541448;23006757 (DOI);view;NULL;NULL;3a;carbapenemase;A
B1;IMP-26;NULL;NULL;blaIMP-26;ABC24668;DQ307573;20463166 (DOI);view;NULL;NULL;3a;carbapenemase;A
B1;IMP-27;NULL;NULL;blaIMP-27;AEH41427;JF894248;27503648 (DOI);view;1;NULL;3a;carbapenemase;A
B1;IMP-28;NULL;NULL;blaIMP-28;ADU33210;HQ263342;22668859 (DOI);view;NULL;NULL;3a;carbapenemase;A
B1;IMP-29;NULL;NULL;blaIMP-29;ADT63777;HQ438058;22290960 (DOI);view;NULL;NULL;3a;carbapenemase;A
B1;IMP-30;NULL;NULL;blaIMP-30;AJQ17574;KM589497;23836186 (DOI);view;NULL;NULL;3a;carbapenemase;A
B1;IMP-31;NULL;NULL;blaIMP-31;AGS82587;KF148593;25835992 (DOI);view;NULL;NULL;3a;carbapenemase;A
B1;IMP-32;NULL;NULL;blaIMP-32;AFR33816;JQ002629;NULL;view;NULL;NULL;3a;carbapenemase;A
B1;IMP-33;NULL;NULL;blaIMP-33;AEU17778;JN848782;24041889 (DOI);view;NULL;NULL;3a;carbapenemase;A
B1;IMP-34;NULL;NULL;blaIMP-34;AKA21047;KM877517;23541689 (DOI);view;NULL;NULL;3a;carbapenemase;A
B1;IMP-35;NULL;NULL;blaIMP-35;AFO59566;JF816544;23341129 (DOI);view;NULL;NULL;3a;carbapenemase;A
B1;IMP-36;NULL;NULL;blaIMP-36;Assigned;NULL;NULL;NULL;NULL;NULL;NULL;carbapenemase;NULL
B1;IMP-37;NULL;NULL;blaIMP-37;AFP97028;JX131372;23089049 (DOI);view;NULL;NULL;3a;carbapenemase;A
B1;IMP-38;NULL;NULL;blaIMP-38;AEN75249;HQ875573;NULL;view;NULL;NULL;3a;carbapenemase;A
B1;IMP-39;NULL;NULL;blaIMP-39;QBC73593;MK507818;NULL;view;NULL;NULL;3a;carbapenemase;A
B1;IMP-40;NULL;NULL;blaIMP-40;BAM62794;AB753457;NULL;view;NULL;NULL;3a;carbapenemase;A
B1;IMP-41;NULL;NULL;blaIMP-41;BAM62795;AB753458;NULL;view;NULL;NULL;3a;carbapenemase;A
B1;IMP-42;NULL;NULL;blaIMP-42;BAM62793;AB753456;NULL;view;NULL;NULL;3a;carbapenemase;A
B1;IMP-43;NULL;NULL;blaIMP-43;BAM98935;AB777500;23836174 (DOI);view;NULL;NULL;3a;carbapenemase;A
B1;IMP-44;NULL;NULL;blaIMP-44;BAM98942;AB777501;23836174 (DOI);view;NULL;NULL;3a;carbapenemase;A
B1;IMP-45;NULL;NULL;blaIMP-45;ABY60377;EU352796;24777897 (DOI);view;NULL;NULL;3a;carbapenemase;A
B1;IMP-46;NULL;NULL;blaIMP-46;QBC73594;MK507819;NULL;view;NULL;NULL;NULL;carbapenemase;A
B1;IMP-48;NULL;NULL;blaIMP-48;AIT76110;KM087857;NULL;view;NULL;NULL;3a;carbapenemase;A
B1;IMP-49;NULL;NULL;blaIMP-49;AKO63210;KP681694;NULL;view;NULL;NULL;3a;carbapenemase;A
B1;IMP-50;NULL;NULL;blaIMP-50;MDX7491165;JAXAEM010000010;NULL;view;NULL;NULL;3a;carbapenemase;A
B1;IMP-51;NULL;NULL;blaIMP-51;BAQ56016;LC031883;NULL;view;NULL;NULL;3a;carbapenemase;A
B1;IMP-52;NULL;NULL;blaIMP-52;BAR80870;LC055762;NULL;view;NULL;NULL;3a;carbapenemase;A
B1;IMP-53;NULL;NULL;blaIMP-53;ADI49230;HM106457;NULL;view;NULL;NULL;3a;carbapenemase;A
B1;IMP-54;NULL;NULL;blaIMP-54;ALN95135;KU052795;NULL;view;NULL;NULL;3a;carbapenemase;A
B1;IMP-55;NULL;NULL;blaIMP-55;ALO79334;KT935306;27430533 (DOI) 28336429 (DOI);view;NULL;NULL;3a;carbapenemase;A
B1;IMP-56;NULL;NULL;blaIMP-56;ALT53802;KU315553;NULL;view;NULL;NULL;3a;carbapenemase;A
B1;IMP-57;NULL;NULL;blaIMP-57;Assigned;NULL;NULL;NULL;NULL;NULL;NULL;carbapenemase;A
B1;IMP-58;NULL;NULL;blaIMP-58;AMJ16609;KU647281;NULL;view;NULL;NULL;3a;carbapenemase;A
B1;IMP-59;NULL;NULL;blaIMP-59;ANC95010;KX196782;NULL;view;NULL;NULL;3a;carbapenemase;A
B1;IMP-60;NULL;NULL;blaIMP-60;BAV14383;LC159227;NULL;view;NULL;NULL;3a;carbapenemase;A
B1;IMP-61;NULL;NULL;blaIMP-61;ANQ38580;KX462700;NULL;view;NULL;NULL;3a;carbapenemase;A
B1;IMP-62;NULL;NULL;blaIMP-62;AOE46845;KX753224;NULL;view;NULL;NULL;3a;carbapenemase;A
B1;IMP-63;NULL;NULL;blaIMP-63;AOR06148;KX821663;30886610 (DOI);view;NULL;NULL;3a;carbapenemase;A
B1;IMP-64;NULL;NULL;blaIMP-64;AOV81905;KX949735;NULL;view;NULL;NULL;3a;carbapenemase;A
B1;IMP-65;NULL;NULL;blaIMP-65;APM84539;KY315991;31270990 (DOI);view;NULL;NULL;NULL;carbapenemase;A
B1;IMP-66;NULL;NULL;blaIMP-66;BAV78863;LC190726;NULL;view;NULL;NULL;NULL;carbapenemase;A
B1;IMP-67;NULL;NULL;blaIMP-67;ARX71247;MF281100;NULL;view;NULL;NULL;NULL;carbapenemase;A
B1;IMP-68;NULL;NULL;blaIMP-68;ASU31903;MF669572;31666316 (DOI);view;NULL;NULL;NULL;carbapenemase;A
B1;IMP-69;NULL;NULL;blaIMP-69;ATJ25943;MF678349;32176782 (DOI);view;NULL;NULL;NULL;carbapenemase;A
B1;IMP-70;NULL;NULL;blaIMP-70;AUM56801;MG748725;NULL;view;NULL;NULL;NULL;carbapenemase;A
B1;IMP-71;NULL;NULL;blaIMP-71;AUS29441;MG818167;NULL;view;NULL;NULL;NULL;carbapenemase;A
B1;IMP-72;NULL;NULL;blaIMP-72;Assigned;NULL;NULL;NULL;NULL;NULL;NULL;carbapenemase;A
B1;IMP-73;NULL;NULL;blaIMP-73;AVK78200;MH021848;NULL;view;NULL;NULL;NULL;carbapenemase;A
B1;IMP-74;NULL;NULL;blaIMP-74;AWI33303;MH243349;NULL;view;NULL;NULL;NULL;carbapenemase;A
B1;IMP-75;NULL;NULL;blaIMP-75;AWI33304;MH243350;NULL;view;NULL;NULL;NULL;carbapenemase;A
B1;IMP-76;NULL;NULL;blaIMP-76;BBE43066;LC389062;NULL;view;NULL;NULL;NULL;carbapenemase;A
B1;IMP-77;NULL;NULL;blaIMP-77;BBE43067;LC389063;NULL;view;NULL;NULL;NULL;carbapenemase;A
B1;IMP-78;NULL;NULL;blaIMP-78;BBE43068;LC389064;NULL;view;NULL;NULL;NULL;carbapenemase;A
B1;IMP-79;NULL;NULL;blaIMP-79;AXH79883;MG873561;NULL;view;NULL;NULL;NULL;carbapenemase;A
B1;IMP-80;NULL;NULL;blaIMP-80;BBG06478;LC420635;NULL;view;NULL;NULL;NULL;carbapenemase;A
B1;IMP-81;NULL;NULL;blaIMP-81;QDC28548;MN017299;NULL;view;NULL;NULL;NULL;carbapenemase;A
B1;IMP-82;NULL;NULL;blaIMP-82;QDC28549;MN057782;NULL;view;NULL;NULL;NULL;carbapenemase;A
B1;IMP-83;NULL;NULL;blaIMP-83;QDM39440;MN104595;NULL;view;NULL;NULL;NULL;carbapenemase;A
B1;IMP-84;NULL;NULL;blaIMP-84;QDY98369;MN219692;NULL;view;NULL;NULL;NULL;carbapenemase;A
B1;IMP-85;NULL;NULL;blaIMP-85;QEV89919;MN510335;NULL;view;NULL;NULL;NULL;carbapenemase;A
B1;IMP-86;NULL;NULL;blaIMP-86;QIZ64888;MT241520;NULL;view;NULL;NULL;NULL;carbapenemase;A
B1;IMP-87;NULL;NULL;blaIMP-87;QIZ64889;MT241521;NULL;view;NULL;NULL;NULL;carbapenemase;A
B1;IMP-88;NULL;NULL;blaIMP-88;BCH68486;LC558310;NULL;view;NULL;NULL;NULL;carbapenemase;A
B1;IMP-89;NULL;NULL;blaIMP-89;QIZ22804;MN961670;37092959 (DOI);view;NULL;NULL;NULL;carbapenemase;A
B1;IMP-90;NULL;NULL;blaIMP-90;QTG68658;MW811441;NULL;view;NULL;NULL;NULL;carbapenemase;A
B1;IMP-91;NULL;NULL;blaIMP-91;QMX80023;CP059995;37092959 (DOI);view;NULL;NULL;NULL;carbapenemase;A
B1;IMP-92;NULL;NULL;blaIMP-92;UJT87582;OM280335;NULL;view;NULL;NULL;NULL;carbapenemase;A
B1;IMP-93;NULL;NULL;blaIMP-93;MCF1770911;JAKEVW010000034;NULL;view;NULL;NULL;NULL;carbapenemase;A
B1;IMP-94;NULL;NULL;blaIMP-94;UKC75980;OM460740;NULL;view;NULL;NULL;NULL;carbapenemase;A
B1;IMP-95;NULL;NULL;blaIMP-95;UNN26052;OM933716;NULL;view;NULL;NULL;NULL;carbapenemase;A
B1;IMP-96;NULL;NULL;blaIMP-96;MBC4797580;JACNSP010000038;37092959 (DOI);view;NULL;NULL;NULL;carbapenemase;A
B1;IMP-97;NULL;NULL;blaIMP-97;BDR24828;LC727551;NULL;view;NULL;NULL;NULL;carbapenemase;A
B1;IMP-98;NULL;NULL;blaIMP-98;BDU49371;LC740578;NULL;view;NULL;NULL;NULL;carbapenemase;A
B1;IMP-99;NULL;NULL;blaIMP-99;WEG44269;OQ533023;NULL;view;NULL;NULL;NULL;carbapenemase;A
B1;IMP-100;NULL;NULL;blaIMP-100;CAI9794927;CATODC010000003;NULL;view;NULL;NULL;NULL;carbapenemase;A
B1;IMP-101;NULL;NULL;blaIMP-101;WIF03690;OR063824;NULL;view;NULL;NULL;NULL;carbapenemase;A
B1;IMP-102;NULL;NULL;blaIMP-102;WLF01979;OR367336;NULL;view;NULL;NULL;NULL;carbapenemase;A
B1;NDM-1;NULL;NULL;blaNDM-1;AHM26723;KJ018857;19770275 (DOI);view;134;2;3a;carbapenemase;A
B1;NDM-2;NULL;NULL;blaNDM-2;AEA41876;JF703135;21427107 (DOI) 32014252 (DOI);view;NULL;NULL;3a;carbapenemase;A
B1;NDM-3;NULL;NULL;blaNDM-3;AFK80349;JQ734687;23330550 (DOI);view;2;NULL;3a;carbapenemase;A
B1;NDM-4;NULL;NULL;blaNDM-4;AFB82585;JQ348841;22252797 (DOI);view;6;NULL;3a;carbapenemase;A
B1;NDM-5;NULL;NULL;blaNDM-5;ANE23847;KX062216;21930874 (DOI);view;2;NULL;3a;carbapenemase;A
B1;NDM-6;NULL;NULL;blaNDM-6;AEX08599;JN967644;23731823 (DOI);view;2;NULL;3a;carbapenemase;A
B1;NDM-7;NULL;NULL;blaNDM-7;AKN35289;KP826705;23557929 (DOI);view;1;NULL;3a;carbapenemase;A
B1;NDM-8;NULL;NULL;blaNDM-8;AJE61442;KP265938;23459485 (DOI);view;1;NULL;3a;carbapenemase;A
B1;NDM-9;NULL;NULL;blaNDM-9;AGU91756;KC999080;24913967 (DOI);view;1;NULL;3a;carbapenemase;A
B1;NDM-10;NULL;NULL;blaNDM-10;AGT37351;KF361506;26776144 (DOI);view;NULL;NULL;3a;carbapenemase;A
B1;NDM-11;NULL;NULL;blaNDM-11;AJE61443;KP265939;NULL;view;NULL;NULL;3a;carbapenemase;A
B1;NDM-12;NULL;NULL;blaNDM-12;BAO79439;AB926431;25092693 (DOI);view;2;NULL;3a;carbapenemase;A
B1;NDM-13;NULL;NULL;blaNDM-13;BAQ02518;LC012596;26169399 (DOI);view;NULL;NULL;3a;carbapenemase;A
B1;NDM-14;NULL;NULL;blaNDM-14;AJP18054;KM210086;25645836 (DOI);view;NULL;NULL;3a;carbapenemase;A
B1;NDM-15;NULL;NULL;blaNDM-15;AKF43458;KP735848;NULL;view;NULL;NULL;3a;carbapenemase;A
B1;NDM-16a;NULL;NULL;blaNDM-16a;AKZ20823;KP862821;NULL;view;NULL;NULL;3a;carbapenemase;A
B1;NDM-16b;NULL;NULL;blaNDM-16b;AMO51458;KU285430;NULL;view;NULL;NULL;3a;carbapenemase;A
B1;NDM-17;NULL;NULL;blaNDM-17;AOT73359;KX812714;NULL;view;NULL;NULL;3a;carbapenemase;A
B1;NDM-18;NULL;NULL;blaNDM-18;APZ75411;KY503030;NULL;view;NULL;NULL;3a;carbapenemase;A
B1;NDM-19;NULL;NULL;blaNDM-19;ASC49561;MF370080;31285120 (DOI);view;NULL;NULL;3a;carbapenemase;A
B1;NDM-20;NULL;NULL;blaNDM-20;AQY45923;KY654092;29515538 (DOI);view;NULL;NULL;NULL;carbapenemase;A
B1;NDM-21;NULL;NULL;blaNDM-21;ATJ25942;MG183694;29912337 (DOI);view;NULL;NULL;NULL;carbapenemase;A
B1;NDM-22;NULL;NULL;blaNDM-22;AWI33311;MH243357;NULL;view;NULL;NULL;NULL;carbapenemase;A
B1;NDM-23;NULL;NULL;blaNDM-23;AWU66462;MH450214;NULL;view;NULL;NULL;NULL;carbapenemase;A
B1;NDM-24;NULL;NULL;blaNDM-24;AWU66463;MH450215;NULL;view;NULL;NULL;NULL;carbapenemase;A
B1;NDM-25;NULL;NULL;blaNDM-25;AYF56302;MH986670;NULL;view;NULL;NULL;NULL;carbapenemase;A
B1;NDM-26;NULL;NULL;blaNDM-26;AYN72942;MK079575;NULL;view;NULL;NULL;NULL;carbapenemase;A
B1;NDM-27;NULL;NULL;blaNDM-27;AYP70146;MK105832;NULL;view;NULL;NULL;NULL;carbapenemase;A
B1;NDM-28;NULL;NULL;blaNDM-28;QAT97614;MK425035;NULL;view;NULL;NULL;NULL;carbapenemase;A
B1;NDM-29;NULL;NULL;blaNDM-29;QFZ95817;MN624980;34659178 (DOI);view;NULL;NULL;NULL;carbapenemase;A
B1;NDM-30;NULL;NULL;blaNDM-30;QPK66974;MW306748;NULL;view;NULL;NULL;NULL;carbapenemase;A
B1;NDM-31;NULL;NULL;blaNDM-31;QPK66975;MW306749;NULL;view;NULL;NULL;NULL;carbapenemase;A
B1;NDM-33;NULL;NULL;blaNDM-33;MCA0463598;JAGTHW010000086;NULL;view;NULL;NULL;NULL;carbapenemase;A
B1;NDM-34;NULL;NULL;blaNDM-34;QVU28093;MZ254705;NULL;view;NULL;NULL;NULL;carbapenemase;A
B1;NDM-35;NULL;NULL;blaNDM-35;QVU28098;MZ265788;NULL;view;NULL;NULL;NULL;carbapenemase;A
B1;NDM-36;NULL;NULL;blaNDM-36;MBT0741168;JAHAWN010000063;36810726 (DOI);view;NULL;NULL;NULL;carbapenemase;A
B1;NDM-37;NULL;NULL;blaNDM-37;MBT0809506;JAHAWM010000071;36810726 (DOI);view;NULL;NULL;NULL;carbapenemase;A
B1;NDM-38;NULL;NULL;blaNDM-38;QWO25674;MZ359766;NULL;view;NULL;NULL;NULL;carbapenemase;A
B1;NDM-39;NULL;NULL;blaNDM-39;QYZ89892;MZ748325;NULL;view;NULL;NULL;NULL;carbapenemase;A
B1;NDM-40;NULL;NULL;blaNDM-40;QYZ89893;MZ748326;NULL;view;NULL;NULL;NULL;carbapenemase;A
B1;NDM-41;NULL;NULL;blaNDM-41;UAX43328;MZ913436;NULL;view;NULL;NULL;NULL;carbapenemase;A
B1;NDM-42;NULL;NULL;blaNDM-42;UOU25745;ON205946;36247096 (DOI);view;NULL;NULL;NULL;carbapenemase;A
B1;NDM-43;NULL;NULL;blaNDM-43;UTQ48691;ON954084;NULL;view;NULL;NULL;NULL;carbapenemase;A
B1;NDM-44;NULL;NULL;blaNDM-44;UVJ50740;OP288001;NULL;view;NULL;NULL;NULL;carbapenemase;A
B1;NDM-45;NULL;NULL;blaNDM-45;UZC76856;OP696898;NULL;view;NULL;NULL;NULL;carbapenemase;A
B1;NDM-46;NULL;NULL;blaNDM-46;UZC76857;OP696899;NULL;view;NULL;NULL;NULL;carbapenemase;A
B1;NDM-47;NULL;NULL;blaNDM-47;UZC76858;OP696900;NULL;view;NULL;NULL;NULL;carbapenemase;A
B1;NDM-48;NULL;NULL;blaNDM-48;UZC76860;OP696902;NULL;view;NULL;NULL;NULL;carbapenemase;A
B1;NDM-49;NULL;NULL;blaNDM-49;WAS27907;OP966824;NULL;view;NULL;NULL;NULL;carbapenemase;A
B1;NDM-50;NULL;NULL;blaNDM-50;WP_274293087;NG_149664;NULL;view;NULL;NULL;NULL;carbapenemase;A
B1;NDM-51;NULL;NULL;blaNDM-51;WEG43790;OQ442836;NULL;view;NULL;NULL;NULL;carbapenemase;A
B1;NDM-52;NULL;NULL;blaNDM-52;WEM34775;OQ564973;NULL;view;NULL;NULL;NULL;carbapenemase;A
B1;NDM-53;NULL;NULL;blaNDM-53;WEG44271;OQ595422;NULL;view;NULL;NULL;NULL;carbapenemase;A
B1;NDM-54;NULL;NULL;blaNDM-54;WEG44272;OQ595423;NULL;view;NULL;NULL;NULL;carbapenemase;A
B1;NDM-55;NULL;NULL;blaNDM-55;WEY36504;OQ708894;NULL;view;NULL;NULL;NULL;carbapenemase;A
B1;SIM-1;NULL;NULL;blaSIM-1;AER61546;JF731030;16251286 (DOI);view;NULL;NULL;NULL;carbapenemase;A
B1;SIM-2;NULL;NULL;blaSIM-2;ALA09092;KT013203;26706613 (DOI);view;NULL;NULL;NULL;carbapenemase;A
B1;SPM-1;NULL;NULL;blaSPM-1;AAR15341;AY341249;15047554 (DOI) 12407123 (DOI);view;5;NULL;3a;carbapenemase;A
B1;SPN79-1;NULL;NULL;blaSPN79-1;APR64486;KU167036;28082950 (DOI);view;NULL;NULL;NULL;carbapenemase;N (uncultured bacterium)
B1;TMB-1;NULL;NULL;blaTMB-1;CBY88906;FR771847;22290947 (DOI) 30252055 (DOI);view;1;NULL;NULL;carbapenemase;A
B1;TMB-2;NULL;NULL;blaTMB-2;BAM73613;AB758278;23390208 (DOI);view;NULL;NULL;NULL;carbapenemase;N (Acinetobacter courvalinii)
B1;VIM-1;NULL;VIM-1-like;blaVIM-1;CAC35170;AJ278514;10390207 (—);view;72;NULL;3a;carbapenemase;A
B1;VIM-2;NULL;VIM-2-like;blaVIM-2;AAO43978;AY204637;10722487 (DOI);view;92;NULL;3a;carbapenemase;A
B1;VIM-3;NULL;VIM-2-like;blaVIM-3;AAG27703;AF300454;11451678 (DOI);view;NULL;NULL;3a;carbapenemase;A
B1;VIM-4;NULL;VIM-1-like;blaVIM-4;ACD43502;EU581706;12435718 (DOI);view;2;NULL;3a;carbapenemase;A
B1;VIM-5;NULL;VIM-1-like;blaVIM-5;AAX89037;AY910754;15190017 (DOI);view;4;NULL;3a;carbapenemase;A
B1;VIM-6;NULL;VIM-2-like;blaVIM-6;ABS29633;EF645347;15155248 (DOI);view;NULL;NULL;3a;carbapenemase;A
B1;VIM-7;NULL;VIM-7-like;blaVIM-7;CAD61201;AJ536835;14693560 (DOI) 18591274 (DOI);view;7;3;3a;carbapenemase;A
B1;VIM-8;NULL;VIM-2-like;blaVIM-8;AAS13759;AY524987;15528701 (DOI);view;NULL;NULL;3a;carbapenemase;A
B1;VIM-9;NULL;VIM-2-like;blaVIM-9;AAS13760;AY524988;NULL;view;NULL;NULL;3a;carbapenemase;A
B1;VIM-10;NULL;VIM-2-like;blaVIM-10;AAS13761;AY524989;NULL;view;NULL;NULL;3a;carbapenemase;A
B1;VIM-11;NULL;VIM-2-like;blaVIM-11;ABI20792;DQ835309;15616342 (DOI);view;NULL;NULL;3a;carbapenemase;A
B1;VIM-12;NULL;VIM-1-like;blaVIM-12;AAZ73123;DQ143913;16304191 (DOI);view;NULL;NULL;3a;carbapenemase;A
B1;VIM-13;NULL;VIM-1-like;blaVIM-13;ABC94518;DQ365886;18644957 (DOI);view;NULL;NULL;3a;carbapenemase;A
B1;VIM-14;NULL;VIM-1-like;blaVIM-14;AAT48653;AY635904;21521413 (DOI);view;NULL;NULL;3a;carbapenemase;A
B1;VIM-15;NULL;VIM-2-like;blaVIM-15;ACB54702;EU419745;18519714 (DOI);view;NULL;NULL;3a;carbapenemase;A
B1;VIM-16;NULL;VIM-2-like;blaVIM-16;ACB54703;EU419746;18519714 (DOI);view;NULL;NULL;3a;carbapenemase;A
B1;VIM-17;NULL;VIM-2-like;blaVIM-17;ABW90721;EU118148;19164147 (DOI);view;NULL;NULL;3a;carbapenemase;A
B1;VIM-18;NULL;VIM-2-like;blaVIM-18;CAO83029;AM778091;19164147 (DOI);view;NULL;NULL;3a;carbapenemase;A
B1;VIM-19;NULL;VIM-1-like;blaVIM-19;ACR15114;FJ499397;19917750 (DOI) 19901092 (DOI);view;NULL;NULL;3a;carbapenemase;A
B1;VIM-20;NULL;VIM-2-like;blaVIM-20;ACV13198;GQ414736;NULL;view;2;NULL;3a;carbapenemase;A
B1;VIM-23;NULL;VIM-2-like;blaVIM-23;BAV32121;LC169586;20961909 (DOI);view;NULL;NULL;3a;carbapenemase;A
B1;VIM-24;NULL;VIM-2-like;blaVIM-24;ADL27533;HM855205;21282438 (DOI);view;NULL;NULL;3a;carbapenemase;A
B1;VIM-25;NULL;VIM-1-like;blaVIM-25;BAU21041;LC107421;NULL;view;NULL;NULL;3a;carbapenemase;A
B1;VIM-26;NULL;VIM-1-like;blaVIM-26;AJT60374;KM975295;21595797 (DOI);view;4;NULL;3a;carbapenemase;A
B1;VIM-27;NULL;VIM-1-like;blaVIM-27;ADX78234;HQ858608;21518835 (DOI);view;NULL;NULL;3a;carbapenemase;A
B1;VIM-28;NULL;VIM-1-like;blaVIM-28;AEI25539;JF900599;NULL;view;1;NULL;3a;carbapenemase;A
B1;VIM-29;NULL;VIM-1-like;blaVIM-29;AFP99885;JX311308;38197500 (DOI);view;NULL;NULL;3a;carbapenemase;A
B1;VIM-30;NULL;VIM-2-like;blaVIM-30;AET05999;JN129451;NULL;view;NULL;NULL;3a;carbapenemase;A
B1;VIM-31;NULL;VIM-2-like;blaVIM-31;AFK24647;JN982330;22391550 (DOI);view;2;NULL;3a;carbapenemase;A
B1;VIM-32;NULL;VIM-1-like;blaVIM-32;AEZ49857;JN676230;NULL;view;NULL;NULL;3a;carbapenemase;A
B1;VIM-33;NULL;VIM-1-like;blaVIM-33;AFP99175;JX258134;23070171 (DOI);view;NULL;NULL;3a;carbapenemase;A
B1;VIM-34;NULL;VIM-1-like;blaVIM-34;AFN88953;JX013656;23934739 (DOI);view;NULL;NULL;3a;carbapenemase;A
B1;VIM-35;NULL;VIM-1-like;blaVIM-35;AGC50805;JX982634;25267671 (DOI);view;NULL;NULL;3a;carbapenemase;A
B1;VIM-36;NULL;VIM-2-like;blaVIM-36;AGC50806;JX982635;24603963 (DOI);view;NULL;NULL;3a;carbapenemase;A
B1;VIM-37;NULL;VIM-1-like;blaVIM-37;AGC50807;JX982636;24603963 (DOI);view;NULL;NULL;3a;carbapenemase;A
B1;VIM-38;NULL;VIM-1-like;blaVIM-38;AGE83081;KC469971;24428980 (DOI);view;NULL;NULL;3a;carbapenemase;A
B1;VIM-39;NULL;VIM-1-like;blaVIM-39;AGS82586;KF131539;26369975 (DOI);view;NULL;NULL;3a;carbapenemase;A
B1;VIM-40;NULL;VIM-1-like;blaVIM-40;CDN33428;HG934765;NULL;view;NULL;NULL;3a;carbapenemase;A
B1;VIM-41;NULL;VIM-2-like;blaVIM-41;AKQ98358;KP771862;NULL;view;NULL;NULL;3a;carbapenemase;A
B1;VIM-42;NULL;VIM-1-like;blaVIM-42;AJP08641;KP071470;NULL;view;NULL;NULL;3a;carbapenemase;A
B1;VIM-43;NULL;VIM-1-like;blaVIM-43;AJP67511;KP096412;NULL;view;NULL;NULL;3a;carbapenemase;A
B1;VIM-44;NULL;VIM-2-like;blaVIM-44;AKO63212;KP681696;NULL;view;NULL;NULL;3a;carbapenemase;A
B1;VIM-45;NULL;VIM-2-like;blaVIM-45;AKO63211;KP681695;NULL;view;NULL;NULL;3a;carbapenemase;A
B1;VIM-46;NULL;VIM-2-like;blaVIM-46;AKQ98357;KP749829;NULL;view;NULL;NULL;3a;carbapenemase;A
B1;VIM-47;NULL;VIM-1-like;blaVIM-47;ALK87206;KT954134;NULL;view;NULL;NULL;3a;carbapenemase;A
B1;VIM-48;NULL;VIM-2-like;blaVIM-48;ALM96779;KT964061;NULL;view;NULL;NULL;3a;carbapenemase;A
B1;VIM-49;NULL;VIM-1-like;blaVIM-49;AMD11802;KU663374;NULL;view;NULL;NULL;3a;carbapenemase;A
B1;VIM-50;NULL;VIM-2-like;blaVIM-50;AMD11803;KU663375;NULL;view;NULL;NULL;3a;carbapenemase;A
B1;VIM-51;NULL;VIM-2-like;blaVIM-51;AMK97465;KU746270;NULL;view;NULL;NULL;3a;carbapenemase;A
B1;VIM-52;NULL;VIM-1-like;blaVIM-52;ANI25016;KX349731;NULL;view;NULL;NULL;3a;carbapenemase;A
B1;VIM-53;NULL;VIM-2-like;blaVIM-53;AOP17664;KX788872;NULL;view;NULL;NULL;3a;carbapenemase;A
B1;VIM-54;NULL;VIM-1-like;blaVIM-54;APY16324;KY508061;NULL;view;NULL;NULL;3a;carbapenemase;A
B1;VIM-55;NULL;VIM-1-like;blaVIM-55;ATY69436;MG552720;NULL;view;NULL;NULL;3a;carbapenemase;A
B1;VIM-56;NULL;VIM-2-like;blaVIM-56;AUT30820;MG834535;NULL;view;NULL;NULL;3a;carbapenemase;A
B1;VIM-57;NULL;VIM-1-like;blaVIM-57;AWU66465;MH450217;NULL;view;NULL;NULL;3a;carbapenemase;A
B1;VIM-58;NULL;VIM-2-like;blaVIM-58;AWV82454;MH479908;NULL;view;NULL;NULL;3a;carbapenemase;A
B1;VIM-59;NULL;VIM-1-like;blaVIM-59;AWY71041;MH548439;NULL;view;NULL;NULL;3a;carbapenemase;A
B1;VIM-60;NULL;VIM-2-like;blaVIM-60;BBF24895;LC405957;NULL;view;NULL;NULL;3a;carbapenemase;A
B1;VIM-61;NULL;VIM-7-like;blaVIM-61;AYP70145;MK098862;NULL;view;NULL;NULL;3a;carbapenemase;A
B1;VIM-62;NULL;VIM-2-like;blaVIM-62;AXH79879;MG717459;NULL;view;NULL;NULL;3a;carbapenemase;A
B1;VIM-63;NULL;VIM-2-like;blaVIM-63;QCB64361;MK780742;35758752 (DOI);view;NULL;NULL;3a;carbapenemase;A
B1;VIM-64;NULL;VIM-1-like;blaVIM-64;QCE31562;MK807022;NULL;view;NULL;NULL;3a;carbapenemase;A
B1;VIM-65;NULL;VIM-2-like;blaVIM-65;QCE31563;MK807023;NULL;view;NULL;NULL;3a;carbapenemase;A
B1;VIM-66;NULL;VIM-2-like;blaVIM-66;BBJ06445;LC467967;NULL;view;NULL;NULL;3a;carbapenemase;A
B1;VIM-67;NULL;VIM-2-like;blaVIM-67;QDM39451;MN166907;NULL;view;NULL;NULL;3a;carbapenemase;A
B1;VIM-68;NULL;VIM-1-like;blaVIM-68;QED08960;MN267702;NULL;view;NULL;NULL;3a;carbapenemase;A
B1;VIM-69;NULL;VIM-7-like;blaVIM-69;RZN95180;SGUI01000104;NULL;view;NULL;NULL;3a;carbapenemase;A
B1;VIM-70;NULL;VIM-1-like;blaVIM-70;QHI08146;MN920417;NULL;view;NULL;NULL;3a;carbapenemase;A
B1;VIM-71;NULL;VIM-1-like;blaVIM-71;QKV50751;MT588301;37879253 (DOI);view;NULL;NULL;3a;carbapenemase;A
B1;VIM-72;NULL;VIM-2-like;blaVIM-72;QNG62079;MT872420;NULL;view;NULL;NULL;3a;carbapenemase;A
B1;VIM-73;NULL;VIM-2-like;blaVIM-73;QNG62080;MT872421;NULL;view;NULL;NULL;3a;carbapenemase;A
B1;VIM-74;NULL;VIM-2-like;blaVIM-74;QTG68659;MW811442;NULL;view;NULL;NULL;3a;carbapenemase;A
B1;VIM-75;NULL;VIM-1-like;blaVIM-75;QYZ89894;MZ748327;NULL;view;NULL;NULL;3a;carbapenemase;A
B1;VIM-76;NULL;VIM-2-like;blaVIM-76;BDA82255;LC648428;NULL;view;NULL;NULL;3a;carbapenemase;A
B1;VIM-77;NULL;VIM-2-like;blaVIM-77;UAZ67559;MZ947163;NULL;view;NULL;NULL;3a;carbapenemase;A
B1;VIM-78;NULL;VIM-1-like;blaVIM-78;TRM49072;VJOR01000013;NULL;view;NULL;NULL;3a;carbapenemase;A
B1;VIM-79;NULL;VIM-1-like;blaVIM-79;UBL87558;OK217280;NULL;view;NULL;NULL;3a;carbapenemase;A
B1;VIM-80;NULL;VIM-2-like;blaVIM-80;MBB1102980;JACHQW010000003;NULL;view;NULL;NULL;3a;carbapenemase;A
B1;VIM-81;NULL;VIM-2-like;blaVIM-81;UNZ81762;ON059758;NULL;view;NULL;NULL;3a;carbapenemase;A
B1;VIM-82;NULL;VIM-2-like;blaVIM-82;WP_238839790;NG_088450;NULL;view;NULL;NULL;3a;carbapenemase;A
B1;VIM-83;NULL;VIM-1-like;blaVIM-83;UWI53403;OP353772;NULL;view;NULL;NULL;3a;carbapenemase;A
B1;VIM-84;NULL;VIM-2-like;blaVIM-84;UWQ12890;ON688661;37707305 (DOI);view;NULL;NULL;3a;carbapenemase;A
B1;VIM-85;NULL;VIM-2-like;blaVIM-85;MCT7418277;JAODBV010000002;37707305 (DOI);view;NULL;NULL;3a;carbapenemase;A
B1;VIM-86;NULL;VIM-1-like;blaVIM-86;WAU52774;OP998371;38197500 (DOI);view;NULL;NULL;3a;carbapenemase;A
B1;VIM-87;NULL;VIM-2-like;blaVIM-87;EME7055635;ABPYXB010000003;NULL;view;NULL;NULL;3a;carbapenemase;A
B2;SFH-1;NULL;NULL;blaSFH-1;WP_024531368;NZ_AUZV01000091;12821491 (DOI);view;5;NULL;NULL;carbapenemase;N (Serratia fonticola)
B2;YEM-1;NULL;NULL;blaYEM-1;CQH06348;CTIO01000005;32540974 (DOI);view;NULL;NULL;NULL;carbapenemase;N (Yersinia mollaretii 107/02)
B3;ALG6-1;NULL;NULL;blaALG6-1;APR64488;KU167038;28082950 (DOI);view;NULL;NULL;NULL;carbapenemase;N (uncultured bacterium)
B3;ALG11-1;NULL;NULL;blaALG11-1;APR64489;KU167039;28082950 (DOI);view;NULL;NULL;NULL;carbapenemase;N (uncultured bacterium)
B3;CRD3-1;NULL;NULL;blaCRD3-1;APR64487;KU167037;28082950 (DOI);view;NULL;NULL;NULL;carbapenemase;N (uncultured bacterium)
B3;DHT2-1;NULL;NULL;blaDHT2-1;APR64485;KU167035;28082950 (DOI);view;NULL;NULL;NULL;carbapenemase;N (uncultured bacterium)
B3;ESP-2;NULL;NULL;blaESP-2;APR64490;KU167040;28082950 (DOI);view;NULL;NULL;NULL;carbapenemase;N (uncultured bacterium)
B3;GRD33-1;NULL;NULL;blaGRD33-1;APR64492;KU167042;28082950 (DOI);view;NULL;NULL;NULL;carbapenemase;N (uncultured bacterium)
B3;NWM-1;NULL;NULL;blaNWM-1;QXM27671;MZ497415;39611581 (DOI);view;NULL;NULL;NULL;carbapenemase;N (Pseudomonas aeruginosa)
B3;PEDO-1;NULL;NULL;blaPEDO-1;AJP77059;KP109677;26482314 (DOI) 28082950 (DOI);view;NULL;NULL;NULL;carbapenemase;N (Pedobacter roseus SI-33)
D;OXA-23;ARI-1;OXA-23-like;blaOXA-23;AAV65289;AY795964;10602749 (DOI);view;15;NULL;2df;carbapenemase;A and N (Acinetobacter radioresistens)
D;OXA-24;OXA-40;OXA-24-like;blaOXA-24;AAL92496;AY082394;12499201 (DOI) 10817708 (DOI) 10817708 (DOI);view;30;2;2df;carbapenemase;A
D;OXA-25;NULL;OXA-24-like;blaOXA-25;AAG35607;AF201826;11158758 (DOI);view;NULL;NULL;2df;carbapenemase;A
D;OXA-26;NULL;OXA-24-like;blaOXA-26;AAG35608;AF201827;11158758 (DOI);view;NULL;NULL;2df;carbapenemase;A
D;OXA-27;NULL;OXA-23-like;blaOXA-27;AAG35609;AF201828;11158758 (DOI);view;NULL;NULL;2df;carbapenemase;A
D;OXA-48;NULL;OXA-48-like;blaOXA-48;CRN12977;LN864820;14693513 (DOI) 16952941 (DOI);view;93;NULL;2df;carbapenemase;A
D;OXA-49;NULL;OXA-23-like;blaOXA-49;AAP40270;AY288523;22842601;view;NULL;NULL;2df;carbapenemase;A
D;OXA-51;NULL;OXA-51-like;blaOXA-51;ABD47672;DQ385606;15649299 (DOI);view;3;NULL;2df;carbapenemase;N (Acinetobacter baumannii)
D;OXA-54;NULL;OXA-48-like;blaOXA-54;AAR89917;AY500137;14693565 (DOI);view;1;NULL;2df;carbapenemase;N (Shewanella oneidensis)
D;OXA-55;NULL;OXA-55-like;blaOXA-55;AAR03105;AY343493;15105119;view;NULL;NULL;2df;carbapenemase;N (Shewanella algae)
D;OXA-58;NULL;OXA-58-like;blaOXA-58;AAW57529;AY665723;15616297 (DOI) 16569863 (DOI);view;16;NULL;2df;carbapenemase;A
D;OXA-60;NULL;OXA-60-like;blaOXA-60;AAQ08905;AF525303;15504844 (DOI);view;NULL;NULL;2d;carbapenemase;N (Ralstonia pickettii)
D;OXA-62;NULL;OXA-62-like;blaOXA-62;AAR32134;AY423074;16569848 (DOI);view;NULL;NULL;2df;carbapenemase;N (Pandoraea pnomenusa)
D;OXA-64;NULL;OXA-51-like;blaOXA-64;AAW81336;AY750907;15760431 (DOI);view;NULL;NULL;2df;carbapenemase;N (Acinetobacter baumannii)
D;OXA-65;NULL;OXA-51-like;blaOXA-65;AAW81337;AY750908;15760431 (DOI);view;NULL;NULL;2df;carbapenemase;N (Acinetobacter baumannii)
D;OXA-66;NULL;OXA-51-like;blaOXA-66;AAW81338;AY750909;15760431 (DOI);view;3;NULL;2df;carbapenemase;N (Acinetobacter baumannii)
D;OXA-67;NULL;OXA-51-like;blaOXA-67;ABF50983;DQ491200;NULL;view;NULL;NULL;2df;carbapenemase;N (Acinetobacter baumannii)
D;OXA-68;NULL;OXA-51-like;blaOXA-68;AAW81339;AY750910;15760431 (DOI);view;NULL;NULL;2df;carbapenemase;N (Acinetobacter baumannii)
D;OXA-69;NULL;OXA-51-like;blaOXA-69;AAW51371;AY859527;15760431 (DOI);view;NULL;NULL;2df;carbapenemase;N (Acinetobacter baumannii)
D;OXA-70;NULL;OXA-51-like;blaOXA-70;AAW81341;AY750912;15760431 (DOI);view;NULL;NULL;2df;carbapenemase;N (Acinetobacter baumannii)
D;OXA-71;NULL;OXA-51-like;blaOXA-71;AAW51372;AY859528;15760431 (DOI);view;NULL;NULL;2df;carbapenemase;N (Acinetobacter baumannii)
D;OXA-72;NULL;OXA-24-like;blaOXA-72;AAU86900;AY739646;17846127 (DOI);view;NULL;NULL;2df;carbapenemase;A
D;OXA-73;NULL;OXA-23-like;blaOXA-73;AAW22056;AY762325;NULL;view;NULL;NULL;2df;carbapenemase;A
D;OXA-75;NULL;OXA-51-like;blaOXA-75;AAW51373;AY859529;16189095 (DOI);view;NULL;NULL;2df;carbapenemase;N (Acinetobacter baumannii)
D;OXA-76;NULL;OXA-51-like;blaOXA-76;AAX51234;AY949203;NULL;view;NULL;NULL;2df;carbapenemase;N (Acinetobacter baumannii)
D;OXA-77;NULL;OXA-51-like;blaOXA-77;AAX51233;AY949202;NULL;view;NULL;NULL;2df;carbapenemase;N (Acinetobacter baumannii)
D;OXA-78;NULL;OXA-51-like;blaOXA-78;AAW81358;AY862132;NULL;view;NULL;NULL;2df;carbapenemase;N (Acinetobacter baumannii)
D;OXA-79;NULL;OXA-51-like;blaOXA-79;ABV71246;EU019534;17850339 (DOI);view;NULL;NULL;2df;carbapenemase;N (Acinetobacter baumannii)
D;OXA-80;NULL;OXA-51-like;blaOXA-80;ABV71247;EU019535;17850339 (DOI);view;NULL;NULL;2df;carbapenemase;N (Acinetobacter baumannii)
D;OXA-82;NULL;OXA-51-like;blaOXA-82;ABJ09790;DQ987479;17850339 (DOI);view;NULL;NULL;2df;carbapenemase;N (Acinetobacter baumannii)
D;OXA-83;NULL;OXA-51-like;blaOXA-83;ABC26007;DQ309277;16630258 17610600;view;NULL;NULL;2df;carbapenemase;N (Acinetobacter baumannii)
D;OXA-84;NULL;OXA-51-like;blaOXA-84;ABC26006;DQ309276;16630258 17610600;view;NULL;NULL;2df;carbapenemase;N (Acinetobacter baumannii)
D;OXA-86;NULL;OXA-51-like;blaOXA-86;AAZ78361;DQ149247;16816400 (DOI);view;NULL;NULL;2df;carbapenemase;N (Acinetobacter baumannii)
D;OXA-87;NULL;OXA-51-like;blaOXA-87;ABC84263;DQ348075;16816400 (DOI);view;NULL;NULL;2df;carbapenemase;A
D;OXA-88;NULL;OXA-51-like;blaOXA-88;ABD48715;DQ392963;17284537 (DOI);view;NULL;NULL;2df;carbapenemase;N (Acinetobacter baumannii)
D;OXA-89;NULL;OXA-51-like;blaOXA-89;ABE03012;DQ445683;16844350 (DOI);view;NULL;NULL;2df;carbapenemase;N (Acinetobacter baumannii)
D;OXA-90;NULL;OXA-51-like;blaOXA-90;ACD84986;EU547443;19567349 (DOI);view;NULL;NULL;2df;carbapenemase;N (Acinetobacter baumannii)
D;OXA-91;NULL;OXA-51-like;blaOXA-91;ABF47914;DQ519086;17284537 (DOI);view;NULL;NULL;2df;carbapenemase;N (Acinetobacter baumannii)
D;OXA-92;NULL;OXA-51-like;blaOXA-92;ABC61637;DQ335566;17391399 (DOI);view;NULL;NULL;2df;carbapenemase;N (Acinetobacter baumannii)
D;OXA-93;NULL;OXA-51-like;blaOXA-93;ABF47916;DQ519087;17284537 (DOI);view;NULL;NULL;2df;carbapenemase;N (Acinetobacter baumannii)
D;OXA-94;NULL;OXA-51-like;blaOXA-94;ABF47917;DQ519088;17284537 (DOI);view;NULL;NULL;2df;carbapenemase;N (Acinetobacter baumannii)
D;OXA-95;NULL;OXA-51-like;blaOXA-95;ABF47918;DQ519089;17284537 (DOI);view;NULL;NULL;2df;carbapenemase;N (Acinetobacter baumannii)
D;OXA-96;NULL;OXA-58-like;blaOXA-96;ABF47919;DQ519090;17284537 (DOI);view;NULL;NULL;2df;carbapenemase;A
D;OXA-97;NULL;OXA-58-like;blaOXA-97;ABO33299;EF102240;18299404 (DOI);view;NULL;NULL;2df;carbapenemase;A
D;OXA-98;NULL;OXA-51-like;blaOXA-98;ABX45058;EU255288;NULL;view;NULL;NULL;2df;carbapenemase;N (Acinetobacter baumannii)
D;OXA-99;NULL;OXA-51-like;blaOXA-99;ABI53716;DQ888718;19394202 (DOI);view;NULL;NULL;2df;carbapenemase;N (Acinetobacter baumannii)
D;OXA-100;NULL;OXA-51-like;blaOXA-100;ACD84987;EU547444;NULL;view;NULL;NULL;2df;carbapenemase;N (Acinetobacter baumannii)
D;OXA-103;NULL;OXA-23-like;blaOXA-103;ENV88740;APQF01000011;18195058 (DOI);view;NULL;NULL;NULL;carbapenemase;N (Acinetobacter radioresistens)
D;OXA-104;NULL;OXA-51-like;blaOXA-104;ABQ52429;EF581285;17850339 (DOI);view;NULL;NULL;2df;carbapenemase;N (Acinetobacter baumannii)
D;OXA-106;NULL;OXA-51-like;blaOXA-106;ABV31686;EF650032;17850339 (DOI);view;NULL;NULL;2df;carbapenemase;N (Acinetobacter baumannii)
D;OXA-107;NULL;OXA-51-like;blaOXA-107;KKI95855;LAVJ01000082;17850339 (DOI);view;NULL;NULL;2df;carbapenemase;N (Acinetobacter baumannii)
D;OXA-108;NULL;OXA-51-like;blaOXA-108;ABV31688;EF650034;17850339 (DOI);view;NULL;NULL;2df;carbapenemase;N (Acinetobacter baumannii)
D;OXA-109;NULL;OXA-51-like;blaOXA-109;ABV31689;EF650035;17850339 (DOI);view;NULL;NULL;2df;carbapenemase;N (Acinetobacter baumannii)
D;OXA-110;NULL;OXA-51-like;blaOXA-110;ABV31690;EF650036;17850339 (DOI);view;NULL;NULL;2df;carbapenemase;N (Acinetobacter baumannii)
D;OXA-111;NULL;OXA-51-like;blaOXA-111;ABV31691;EF650037;17850339 (DOI);view;NULL;NULL;2df;carbapenemase;N (Acinetobacter baumannii)
D;OXA-112;NULL;OXA-51-like;blaOXA-112;ABV31692;EF650038;17850339 (DOI);view;NULL;NULL;2df;carbapenemase;N (Acinetobacter baumannii)
D;OXA-113;NULL;OXA-51-like;blaOXA-113;ABW70410;EF653400;17881631 (DOI);view;NULL;NULL;2df;carbapenemase;N (Acinetobacter baumannii)
D;OXA-115;NULL;OXA-51-like;blaOXA-115;ABS71123;EU029998;NULL;view;NULL;NULL;2df;carbapenemase;N (Acinetobacter baumannii)
D;OXA-117;NULL;OXA-51-like;blaOXA-117;ACV49885;GQ423625;NULL;view;NULL;NULL;2df;carbapenemase;N (Acinetobacter baumannii)
D;OXA-120;NULL;OXA-51-like;blaOXA-120;ABX45059;EU255289;22972816 (DOI);view;NULL;NULL;2df;carbapenemase;N (Acinetobacter baumannii)
D;OXA-121;NULL;OXA-51-like;blaOXA-121;ABX45060;EU255290;24247131 (DOI);view;NULL;NULL;NULL;carbapenemase;N (Acinetobacter baumannii)
D;OXA-122;NULL;OXA-51-like;blaOXA-122;ABX45061;EU255291;NULL;view;NULL;NULL;NULL;carbapenemase;N (Acinetobacter baumannii)
D;OXA-123;NULL;OXA-51-like;blaOXA-123;ABX45062;EU255292;NULL;view;NULL;NULL;NULL;carbapenemase;N (Acinetobacter baumannii)
D;OXA-124;NULL;OXA-51-like;blaOXA-124;ABX45063;EU255293;NULL;view;NULL;NULL;NULL;carbapenemase;N (Acinetobacter baumannii)
D;OXA-125;NULL;OXA-51-like;blaOXA-125;ABX45064;EU255294;NULL;view;NULL;NULL;NULL;carbapenemase;N (Acinetobacter baumannii)
D;OXA-126;NULL;OXA-51-like;blaOXA-126;ABX45065;EU255295;NULL;view;NULL;NULL;NULL;carbapenemase;N (Acinetobacter baumannii)
D;OXA-127;NULL;OXA-51-like;blaOXA-127;ABX45066;EU255296;NULL;view;NULL;NULL;NULL;carbapenemase;N (Acinetobacter baumannii)
D;OXA-128;NULL;OXA-51-like;blaOXA-128;ABY77907;EU375515;19223304 (DOI);view;NULL;NULL;2df;carbapenemase;N (Acinetobacter baumannii)
D;OXA-130;NULL;OXA-51-like;blaOXA-130;ACD84988;EU547445;19567349 (DOI);view;NULL;NULL;2df;carbapenemase;N (Acinetobacter baumannii)
D;OXA-131;NULL;OXA-51-like;blaOXA-131;ACD84989;EU547446;19567349 (DOI);view;NULL;NULL;NULL;carbapenemase;N (Acinetobacter baumannii)
D;OXA-132;NULL;OXA-51-like;blaOXA-132;ACD84990;EU547447;19567349 (DOI);view;NULL;NULL;2df;carbapenemase;N (Acinetobacter baumannii)
D;OXA-133;NULL;OXA-23-like;blaOXA-133;ACE63186;EU571228;18957398 (DOI) 19015330 (DOI);view;NULL;NULL;2df;carbapenemase;N (Acinetobacter radioresistens)
D;OXA-134;NULL;OXA-134-like;blaOXA-134;ADM47435;HQ122933;20837764 (DOI);view;NULL;NULL;2df;carbapenemase;N (Acinetobacter lwoffii)
D;OXA-138;NULL;OXA-51-like;blaOXA-138;ACD45467;EU670845;NULL;view;NULL;NULL;2df;carbapenemase;N (Acinetobacter nosocomialis)
D;OXA-139;NULL;OXA-24-like;blaOXA-139;CAQ51348;AM991978;NULL;view;NULL;NULL;2df;carbapenemase;A
D;OXA-143;NULL;OXA-143-like;blaOXA-143;ACX70402;GQ861437;19770279 (DOI) 31355630 (DOI);view;1;NULL;2df;carbapenemase;A
D;OXA-144;NULL;OXA-51-like;blaOXA-144;ACY56711;FJ872530;NULL;view;NULL;NULL;2df;carbapenemase;N (Acinetobacter baumannii)
D;OXA-146;NULL;OXA-23-like;blaOXA-146;ACI28281;FJ194494;23877677 (DOI);view;NULL;NULL;2df;carbapenemase;A
D;OXA-148;NULL;OXA-51-like;blaOXA-148;ACX31140;GQ853679;21831604 (DOI);view;NULL;NULL;2df;carbapenemase;N (Acinetobacter baumannii)
D;OXA-149;NULL;OXA-51-like;blaOXA-149;ACX31141;GQ853680;21831604 (DOI);view;NULL;NULL;NULL;carbapenemase;N (Acinetobacter baumannii)
D;OXA-150;NULL;OXA-51-like;blaOXA-150;ACX31142;GQ853681;21831604 (DOI);view;NULL;NULL;2df;carbapenemase;N (Acinetobacter baumannii)
D;OXA-151;OXA-135;OXA-62-like;blaOXA-151;AIU26587;CP009553;26349828 (DOI);view;NULL;NULL;NULL;carbapenemase;N (Pandoraea pnomenusa)
D;OXA-152;NULL;OXA-62-like;blaOXA-152;ALA99186;KP771980;26349828 (DOI);view;NULL;NULL;NULL;carbapenemase;N (Pandoraea pnomenusa)
D;OXA-153;NULL;OXA-153-like;blaOXA-153;ALA99187;KP771981;26349828 (DOI);view;NULL;NULL;NULL;carbapenemase;N (Pandoraea apista)
D;OXA-154;NULL;OXA-154-like;blaOXA-154;ALA99188;KP771982;26349828 (DOI);view;NULL;NULL;NULL;carbapenemase;N (Pandoraea sputorum)
D;OXA-155;NULL;OXA-154-like;blaOXA-155;ALA99189;KP771983;26349828 (DOI);view;NULL;NULL;NULL;carbapenemase;N (Pandoraea sputorum)
D;OXA-156;NULL;OXA-156-like;blaOXA-156;ALA99190;KP771984;26349828 (DOI);view;NULL;NULL;NULL;carbapenemase;N (Pandoraea pulmonicola)
D;OXA-157;NULL;OXA-157-like;blaOXA-157;ALA99191;KP771985;26349828 (DOI);view;NULL;NULL;NULL;carbapenemase;N (Pandoraea norimbergensis)
D;OXA-158;NULL;OXA-158-like;blaOXA-158;ALA99192;KP771986;26349828 (DOI);view;NULL;NULL;NULL;carbapenemase;N (Pandoraea sp. Va8523)
D;OXA-159;NULL;OXA-158-like;blaOXA-159;ALA99193;KP771987;26349828 (DOI);view;NULL;NULL;NULL;carbapenemase;N (Pandoraea sp. HD7676)
D;OXA-160;NULL;OXA-24-like;blaOXA-160;ADB28891;GU199038;21041501 (DOI);view;2;1;2df;carbapenemase;A
D;OXA-162;NULL;OXA-48-like;blaOXA-162;ACZ73269;GU197550;22845331 (DOI);view;NULL;NULL;2df;carbapenemase;A
D;OXA-164;NULL;OXA-58-like;blaOXA-164;ADK34116;GU831575;20921306 (DOI);view;NULL;NULL;2df;carbapenemase;A
D;OXA-165;NULL;OXA-23-like;blaOXA-165;ADK35869;HM488986;NULL;view;NULL;NULL;2df;carbapenemase;A
D;OXA-166;NULL;OXA-23-like;blaOXA-166;ADK35870;HM488987;NULL;view;NULL;NULL;NULL;carbapenemase;A
D;OXA-167;NULL;OXA-23-like;blaOXA-167;ADK35871;HM488988;NULL;view;NULL;NULL;NULL;carbapenemase;A
D;OXA-168;NULL;OXA-23-like;blaOXA-168;ADK35872;HM488989;NULL;view;NULL;NULL;NULL;carbapenemase;A
D;OXA-169;NULL;OXA-23-like;blaOXA-169;ADK35873;HM488990;NULL;view;NULL;NULL;NULL;carbapenemase;A
D;OXA-170;NULL;OXA-23-like;blaOXA-170;ADK35874;HM488991;NULL;view;NULL;NULL;NULL;carbapenemase;A
D;OXA-171;NULL;OXA-23-like;blaOXA-171;ADK35875;HM488992;NULL;view;NULL;NULL;2df;carbapenemase;A
D;OXA-172;NULL;OXA-51-like;blaOXA-172;ADI58616;HM113558;20713680 (DOI);view;NULL;NULL;2df;carbapenemase;N (Acinetobacter baumannii)
D;OXA-173;NULL;OXA-51-like;blaOXA-173;ADI58617;HM113559;20713680 (DOI);view;NULL;NULL;NULL;carbapenemase;N (Acinetobacter baumannii)
D;OXA-174;NULL;OXA-51-like;blaOXA-174;ADI58618;HM113560;20713680 (DOI);view;NULL;NULL;NULL;carbapenemase;N (Acinetobacter baumannii)
D;OXA-175;NULL;OXA-51-like;blaOXA-175;ADI58619;HM113561;20713680 (DOI);view;NULL;NULL;NULL;carbapenemase;N (Acinetobacter baumannii)
D;OXA-176;NULL;OXA-51-like;blaOXA-176;ADI58620;HM113562;20713680 (DOI);view;NULL;NULL;NULL;carbapenemase;N (Acinetobacter baumannii)
D;OXA-177;NULL;OXA-51-like;blaOXA-177;ADI58621;HM113563;20713680 (DOI);view;NULL;NULL;NULL;carbapenemase;N (Acinetobacter baumannii)
D;OXA-178;NULL;OXA-51-like;blaOXA-178;ADI58622;HM113564;NULL;view;NULL;NULL;NULL;carbapenemase;N (Acinetobacter baumannii)
D;OXA-179;NULL;OXA-51-like;blaOXA-179;ADM26744;HM570035;21393175 (DOI);view;NULL;NULL;NULL;carbapenemase;N (Acinetobacter baumannii)
D;OXA-180;NULL;OXA-51-like;blaOXA-180;ADM26745;HM570036;21393175 (DOI);view;NULL;NULL;2df;carbapenemase;N (Acinetobacter baumannii)
D;OXA-181;NULL;OXA-48-like;blaOXA-181;OCW44893;CM004561;21768505 (DOI);view;1;NULL;2df;carbapenemase;A
D;OXA-182;NULL;OXA-143-like;blaOXA-182;ADK92148;HM640278;20884158 (DOI);view;NULL;NULL;2df;carbapenemase;A
D;OXA-194;NULL;OXA-51-like;blaOXA-194;AEB98920;HQ425492;22083478 (DOI);view;NULL;NULL;2df;carbapenemase;N (Acinetobacter nosocomialis)
D;OXA-195;NULL;OXA-51-like;blaOXA-195;AEB98921;HQ425493;22083478 (DOI);view;NULL;NULL;NULL;carbapenemase;N (Acinetobacter nosocomialis)
D;OXA-196;NULL;OXA-51-like;blaOXA-196;AEB98922;HQ425494;22083478 (DOI);view;NULL;NULL;NULL;carbapenemase;N (Acinetobacter nosocomialis)
D;OXA-197;NULL;OXA-51-like;blaOXA-197;AEB98923;HQ425495;22083478 (DOI);view;NULL;NULL;2df;carbapenemase;N (Acinetobacter nosocomialis)
D;OXA-198;NULL;OXA-198-like;blaOXA-198;NHM12962;VKNX01000048;21788473 (DOI) 29581118 (DOI);view;NULL;NULL;NULL;carbapenemase;A
D;OXA-199;NULL;OXA-48-like;blaOXA-199;AFC95894;JN704570;23110226 (DOI);view;NULL;NULL;2df;carbapenemase;A
D;OXA-200;NULL;OXA-51-like;blaOXA-200;ADX07745;HQ734811;22422849 (DOI);view;NULL;NULL;2df;carbapenemase;N (Acinetobacter baumannii)
D;OXA-201;NULL;OXA-51-like;blaOXA-201;ADX07746;HQ734812;22422849 (DOI);view;NULL;NULL;NULL;carbapenemase;N (Acinetobacter baumannii)
D;OXA-202;NULL;OXA-51-like;blaOXA-202;ADX07747;HQ734813;22422849 (DOI);view;NULL;NULL;NULL;carbapenemase;N (Acinetobacter baumannii)
D;OXA-203;NULL;OXA-51-like;blaOXA-203;ADX07748;HQ998857;21289143 (DOI);view;NULL;NULL;2df;carbapenemase;N (Acinetobacter baumannii)
D;OXA-204;NULL;OXA-48-like;blaOXA-204;AJF39128;KP027885;23114766 (DOI);view;NULL;NULL;2df;carbapenemase;A
D;OXA-206;NULL;OXA-51-like;blaOXA-206;BAL15076;AB634250;NULL;view;NULL;NULL;2df;carbapenemase;N (Acinetobacter baumannii)
D;OXA-207;NULL;OXA-24-like;blaOXA-207;KQD65153;LLFS01000355;24890588 (DOI);view;NULL;NULL;2df;carbapenemase;N (Acinetobacter baumannii)
D;OXA-208;NULL;OXA-51-like;blaOXA-208;AGV04654;KF305665;NULL;view;NULL;NULL;2df;carbapenemase;N (Acinetobacter baumannii)
D;OXA-211;NULL;OXA-211-like;blaOXA-211;AEV91550;JN861779;22128805 (DOI);view;NULL;NULL;2df;carbapenemase;N (Acinetobacter johnsonii)
D;OXA-212;NULL;OXA-211-like;blaOXA-212;AEV91551;JN861780;22128805 (DOI);view;NULL;NULL;2df;carbapenemase;N (Acinetobacter johnsonii)
D;OXA-213;NULL;OXA-213-like;blaOXA-213;AEV91552;JN861781;22128805 (DOI);view;NULL;NULL;2df;carbapenemase;N (Acinetobacter calcoaceticus)
D;OXA-214;NULL;OXA-214-like;blaOXA-214;AEV91553;JN861782;22128805 (DOI);view;NULL;NULL;2df;carbapenemase;N (Acinetobacter haemolyticus)
D;OXA-215;NULL;OXA-214-like;blaOXA-215;AEV91554;JN861783;22128805 (DOI);view;NULL;NULL;2df;carbapenemase;N (Acinetobacter haemolyticus)
D;OXA-216;NULL;OXA-51-like;blaOXA-216;CCA94649;FR865168;22325121 (DOI);view;NULL;NULL;2df;carbapenemase;N (Acinetobacter baumannii)
D;OXA-217;NULL;OXA-51-like;blaOXA-217;AEO44980;JN603240;22325121 (DOI);view;NULL;NULL;2df;carbapenemase;N (Acinetobacter baumannii)
D;OXA-219;NULL;OXA-51-like;blaOXA-219;AEL17179;JN215211;22422849 (DOI);view;NULL;NULL;2df;carbapenemase;N (Acinetobacter baumannii)
D;OXA-223;NULL;OXA-51-like;blaOXA-223;AEL88491;JN248564;22422849 (DOI);view;NULL;NULL;2df;carbapenemase;N (Acinetobacter baumannii)
D;OXA-225;NULL;OXA-23-like;blaOXA-225;AEP43731;JN638887;NULL;view;1;1;2df;carbapenemase;A
D;OXA-228;NULL;OXA-229-like;blaOXA-228;AFM55001;JQ422053;22508298 (DOI);view;NULL;NULL;2df;carbapenemase;N (Acinetobacter bereziniae)
D;OXA-229;NULL;OXA-229-like;blaOXA-229;AFM55000;JQ422052;22508298 (DOI);view;NULL;NULL;2df;carbapenemase;N (Acinetobacter bereziniae)
D;OXA-230;NULL;OXA-229-like;blaOXA-230;AFM55002;JQ422054;22508298 (DOI);view;NULL;NULL;2df;carbapenemase;N (Acinetobacter bereziniae)
D;OXA-231;NULL;OXA-143-like;blaOXA-231;AFG29918;JQ326200;24566181 (DOI) 31355630 (DOI) 22736746 (DOI);view;1;NULL;2df;carbapenemase;A
D;OXA-232;NULL;OXA-48-like;blaOXA-232;AGD91915;JX423831;23305656 (DOI);view;1;NULL;2df;carbapenemase;A
D;OXA-233;NULL;OXA-10-like;blaOXA-233;AID67109;KJ657570;NULL;view;NULL;NULL;2df;carbapenemase;A
D;OXA-234;NULL;OXA-51-like;blaOXA-234;WP_038350216;NG_050607;NULL;view;NULL;NULL;NULL;carbapenemase;N (Acinetobacter baumannii)
D;OXA-235;NULL;OXA-134-like;blaOXA-235;AFH36330;JQ820240;23439638 (DOI);view;NULL;NULL;2df;carbapenemase;A
D;OXA-236;NULL;OXA-134-like;blaOXA-236;AFH36332;JQ820242;23439638 (DOI);view;NULL;NULL;NULL;carbapenemase;A
D;OXA-237;NULL;OXA-134-like;blaOXA-237;AFH36331;JQ820241;23439638 (DOI);view;NULL;NULL;2df;carbapenemase;A
D;OXA-239;NULL;OXA-23-like;blaOXA-239;AFN65709;JQ837239;NULL;view;3;NULL;2df;carbapenemase;A
D;OXA-241;NULL;OXA-51-like;blaOXA-241;AFO55201;JX025021;23439638 (DOI);view;NULL;NULL;2df;carbapenemase;N (Acinetobacter baumannii)
D;OXA-242;NULL;OXA-51-like;blaOXA-242;AFO55202;JX025022;23439638 (DOI);view;NULL;NULL;2df;carbapenemase;N (Acinetobacter baumannii)
D;OXA-244;NULL;OXA-48-like;blaOXA-244;AKJ18768;KP659189;23034714 (DOI);view;NULL;NULL;2df;carbapenemase;A
D;OXA-245;NULL;OXA-48-like;blaOXA-245;AGC60013;JX438001;23034714 (DOI);view;1;NULL;2df;carbapenemase;A
D;OXA-247;NULL;OXA-48-like;blaOXA-247;AGC70814;JX893517;23402333 (DOI);view;NULL;NULL;2def;carbapenemase;A
D;OXA-248;NULL;OXA-51-like;blaOXA-248;CCJ32596;HE963769;22972816 (DOI);view;NULL;NULL;2df;carbapenemase;N (Acinetobacter baumannii)
D;OXA-249;NULL;OXA-51-like;blaOXA-249;CCJ32597;HE963770;22972816 (DOI);view;NULL;NULL;NULL;carbapenemase;N (Acinetobacter baumannii)
D;OXA-250;NULL;OXA-51-like;blaOXA-250;CCJ32598;HE963771;22972816 (DOI);view;NULL;NULL;2df;carbapenemase;N (Acinetobacter baumannii)
D;OXA-253;NULL;OXA-143-like;blaOXA-253;AGK07368;KC479324;24566181 (DOI);view;NULL;NULL;2df;carbapenemase;A
D;OXA-254;NULL;OXA-51-like;blaOXA-254;BAN10684;AB781687;23719027 (DOI);view;NULL;NULL;2df;carbapenemase;N (Acinetobacter baumannii)
D;OXA-255;NULL;OXA-143-like;blaOXA-255;AGK07369;KC479325;24566181 (DOI);view;NULL;NULL;2df;carbapenemase;A
D;OXA-257;NULL;OXA-229-like;blaOXA-257;AGK07370;KC567681;23934740 (DOI);view;NULL;NULL;2df;carbapenemase;N (Acinetobacter bereziniae)
D;OXA-259;NULL;OXA-51-like;blaOXA-259;AGU69249;KF057028;24277043 (DOI);view;NULL;NULL;NULL;carbapenemase;N (Acinetobacter baumannii)
D;OXA-260;NULL;OXA-51-like;blaOXA-260;ENU54757;APOR01000009;24277043 (DOI);view;NULL;NULL;NULL;carbapenemase;N (Acinetobacter baumannii NIPH 1362)
D;OXA-261;NULL;OXA-51-like;blaOXA-261;ENW35072;APQV01000009;24277043 (DOI);view;NULL;NULL;NULL;carbapenemase;N (Acinetobacter baumannii NIPH 201)
D;OXA-262;NULL;OXA-51-like;blaOXA-262;ENW50687;APRA01000005;24277043 (DOI);view;NULL;NULL;NULL;carbapenemase;N (Acinetobacter baumannii NIPH 67)
D;OXA-263;NULL;OXA-51-like;blaOXA-263;ENW43915;APQY01000006;24277043 (DOI);view;NULL;NULL;NULL;carbapenemase;N (Acinetobacter baumannii NIPH 329)
D;OXA-264;NULL;OXA-214-like;blaOXA-264;ENW20318;APQQ01000012;24277043 (DOI);view;NULL;NULL;NULL;carbapenemase;N (Acinetobacter haemolyticus CIP 64.3)
D;OXA-265;NULL;OXA-214-like;blaOXA-265;ENW22086;APQR01000003;24277043 (DOI);view;NULL;NULL;NULL;carbapenemase;N (Acinetobacter haemolyticus NIPH 261)
D;OXA-267;NULL;OXA-213-like;blaOXA-267;ENV93423;APQH01000006;24277043 (DOI);view;NULL;NULL;NULL;carbapenemase;N (Acinetobacter calcoaceticus ANC 3680)
D;OXA-268;NULL;OXA-213-like;blaOXA-268;ENU09033;APOE01000008;24277043 (DOI);view;NULL;NULL;NULL;carbapenemase;N (Acinetobacter calcoaceticus NIPH 13)
D;OXA-269;NULL;OXA-213-like;blaOXA-269;EOQ63861;APQJ01000007;24277043 (DOI);view;NULL;NULL;NULL;carbapenemase;N (Acinetobacter calcoaceticus ANC 3811)
D;OXA-270;NULL;OXA-270-like;blaOXA-270;EOQ69512;APQM01000006;24277043 (DOI);view;NULL;NULL;NULL;carbapenemase;N (Acinetobacter pittii ANC 4050)
D;OXA-271;NULL;OXA-270-like;blaOXA-271;EOQ72432;APQO01000006;24277043 (DOI);view;NULL;NULL;NULL;carbapenemase;N (Acinetobacter pittii ANC 4052)
D;OXA-272;NULL;OXA-270-like;blaOXA-272;ODL97810;LSAL01000001;24277043 (DOI);view;NULL;NULL;NULL;carbapenemase;N (Acinetobacter pittii)
D;OXA-273;NULL;OXA-270-like;blaOXA-273;ENW12288;APQN01000012;24277043 (DOI);view;NULL;NULL;NULL;carbapenemase;N (Acinetobacter pittii ANC 3678)
D;OXA-274;NULL;OXA-274-like;blaOXA-274;ENU56528;APOS01000038;24277043 (DOI);view;NULL;NULL;NULL;carbapenemase;N (Acinetobacter guillouiae CIP 63.46)
D;OXA-275;NULL;OXA-274-like;blaOXA-275;ENV18923;APPJ01000001;24277043 (DOI);view;NULL;NULL;NULL;carbapenemase;N (Acinetobacter guillouiae NIPH 991)
D;OXA-276;NULL;OXA-134-like;blaOXA-276;ENV13583;APPI01000013;24277043 (DOI);view;NULL;NULL;NULL;carbapenemase;N (Acinetobacter schindleri NIPH 900)
D;OXA-277;NULL;OXA-134-like;blaOXA-277;ENV45890;APPQ01000011;24277043 (DOI);view;NULL;NULL;NULL;carbapenemase;N (Acinetobacter schindleri CIP 107287)
D;OXA-278;NULL;OXA-134-like;blaOXA-278;AGI65307;KC771279;23554204 (DOI);view;NULL;NULL;2df;carbapenemase;N (Acinetobacter schindleri)
D;OXA-280;NULL;OXA-211-like;blaOXA-280;ENV74419;APPZ01000001;24277043 (DOI);view;NULL;NULL;NULL;carbapenemase;N (Acinetobacter johnsonii ANC 3681)
D;OXA-281;NULL;OXA-211-like;blaOXA-281;ENU38533;APON01000041;24277043 (DOI);view;NULL;NULL;NULL;carbapenemase;N (Acinetobacter johnsonii CIP 64.6)
D;OXA-282;NULL;OXA-134-like;blaOXA-282;ENW25362;APQS01000019;24277043 (DOI);view;NULL;NULL;NULL;carbapenemase;N (Acinetobacter lwoffii NCTC 5866 = CIP 64.10 = NIPH 512)
D;OXA-283;NULL;OXA-134-like;blaOXA-283;ESJ94497;AYHO01000005;24277043 (DOI);view;NULL;NULL;NULL;carbapenemase;N (Acinetobacter lwoffii NCTC 5866 = CIP 64.10 = NIPH 512)
D;OXA-284;NULL;OXA-134-like;blaOXA-284;ENX16434;APRU01000004;24277043 (DOI);view;NULL;NULL;NULL;carbapenemase;N (Acinetobacter sp. CIP 51.11)
D;OXA-285;NULL;OXA-134-like;blaOXA-285;ENX26326;APRY01000059;24277043 (DOI);view;NULL;NULL;NULL;carbapenemase;N (Acinetobacter sp. CIP 64.7)
D;OXA-286;NULL;OXA-286-like;blaOXA-286;ENU21708;APOI01000030;24277043 (DOI);view;NULL;NULL;NULL;carbapenemase;N (Acinetobacter sp. NIPH 809)
D;OXA-287;NULL;OXA-286-like;blaOXA-287;WP_032865068;NG_050609;24277043 (DOI);view;NULL;NULL;NULL;carbapenemase;N (Acinetobacter sp. CIP 56.2)
D;OXA-288;NULL;OXA-286-like;blaOXA-288;ENX60508;APRN01000033;24277043 (DOI);view;NULL;NULL;NULL;carbapenemase;N (Acinetobacter sp. CIP 70.18)
D;OXA-291;NULL;OXA-286-like;blaOXA-291;ENW94121;APRL01000010;24277043 (DOI);view;NULL;NULL;NULL;carbapenemase;N (Acinetobacter sp. ANC 4105)
D;OXA-292;NULL;OXA-286-like;blaOXA-292;ENX53612;APRO01000007;24277043 (DOI);view;NULL;NULL;NULL;carbapenemase;N (Acinetobacter sp. NIPH 1867)
D;OXA-293;NULL;OXA-286-like;blaOXA-293;WP_032877719;NG_050610;24277043 (DOI);view;NULL;NULL;NULL;carbapenemase;N (Acinetobacter sp. ANC 3929)
D;OXA-300;NULL;OXA-229-like;blaOXA-300;ENV20093;APPK01000054;24277043 (DOI);view;NULL;NULL;NULL;carbapenemase;N (Acinetobacter bereziniae NIPH 3)
D;OXA-301;NULL;OXA-229-like;blaOXA-301;ENV90372;APQG01000050;24277043 (DOI);view;NULL;NULL;NULL;carbapenemase;N (Acinetobacter bereziniae LMG 1003 = CIP 70.12)
D;OXA-302;NULL;OXA-286-like;blaOXA-302;ENX18112;APRT01000004;24277043 (DOI);view;NULL;NULL;NULL;carbapenemase;N (Acinetobacter sp. CIP 64.2)
D;OXA-303;NULL;OXA-286-like;blaOXA-303;ENX56371;APSD01000035;24277043 (DOI);view;NULL;NULL;NULL;carbapenemase;N (Acinetobacter sp. ANC 3880)
D;OXA-304;NULL;OXA-213-like;blaOXA-304;ENX45276;APSC01000007;24277043 (DOI);view;NULL;NULL;NULL;carbapenemase;N (Acinetobacter sp. NIPH 542)
D;OXA-305;NULL;OXA-213-like;blaOXA-305;ENV02983;APPF01000021;24277043 (DOI);view;NULL;NULL;NULL;carbapenemase;N (Acinetobacter sp. NIPH 817)
D;OXA-306;NULL;OXA-286-like;blaOXA-306;ENX38336;APSB01000022;24277043 (DOI);view;NULL;NULL;NULL;carbapenemase;N (Acinetobacter sp. NIPH 2100)
D;OXA-307;NULL;OXA-286-like;blaOXA-307;WP_032879257;NG_050611;24277043 (DOI);view;NULL;NULL;NULL;carbapenemase;N (Acinetobacter sp. NIPH 1859)
D;OXA-309;NULL;OXA-211-like;blaOXA-309;CCW28916;HF947514;24267783 (DOI);view;NULL;NULL;2df;carbapenemase;N (Acinetobacter johnsonii)
D;OXA-312;NULL;OXA-51-like;blaOXA-312;AGU69250;KF057029;24247131 (DOI);view;NULL;NULL;NULL;carbapenemase;N (Acinetobacter baumannii)
D;OXA-313;NULL;OXA-51-like;blaOXA-313;AGU69251;KF057030;24247131 (DOI);view;NULL;NULL;NULL;carbapenemase;N (Acinetobacter baumannii)
D;OXA-314;NULL;OXA-51-like;blaOXA-314;AGU69252;KF057031;24247131 (DOI);view;NULL;NULL;NULL;carbapenemase;N (Acinetobacter baumannii)
D;OXA-315;NULL;OXA-51-like;blaOXA-315;AGU69253;KF057032;24247131 (DOI);view;NULL;NULL;NULL;carbapenemase;N (Acinetobacter baumannii)
D;OXA-316;NULL;OXA-51-like;blaOXA-316;AGU69254;KF057033;24247131 (DOI);view;NULL;NULL;NULL;carbapenemase;N (Acinetobacter baumannii)
D;OXA-317;NULL;OXA-51-like;blaOXA-317;AGU69255;KF057034;24247131 (DOI);view;NULL;NULL;NULL;carbapenemase;N (Acinetobacter baumannii)
D;OXA-322;NULL;OXA-213-like;blaOXA-322;AGW16404;KF203096;24288030 (DOI);view;NULL;NULL;NULL;carbapenemase;N (Acinetobacter calcoaceticus)
D;OXA-323;NULL;OXA-213-like;blaOXA-323;AGW16405;KF203097;24288032 (DOI);view;NULL;NULL;NULL;carbapenemase;N (Acinetobacter calcoaceticus)
D;OXA-324;NULL;OXA-213-like;blaOXA-324;AGW16406;KF203098;24288034 (DOI);view;NULL;NULL;NULL;carbapenemase;N (Acinetobacter calcoaceticus)
D;OXA-325;NULL;OXA-213-like;blaOXA-325;AGW16407;KF203099;24288036 (DOI);view;NULL;NULL;NULL;carbapenemase;N (Acinetobacter calcoaceticus)
D;OXA-326;NULL;OXA-213-like;blaOXA-326;AGW16408;KF203100;24288038 (DOI);view;NULL;NULL;NULL;carbapenemase;N (Acinetobacter calcoaceticus)
D;OXA-327;NULL;OXA-213-like;blaOXA-327;AGW16409;KF203101;24288040 (DOI);view;NULL;NULL;NULL;carbapenemase;N (Acinetobacter calcoaceticus)
D;OXA-328;NULL;OXA-213-like;blaOXA-328;AGW16410;KF203102;24288042 (DOI);view;NULL;NULL;NULL;carbapenemase;N (Acinetobacter calcoaceticus)
D;OXA-329;NULL;OXA-213-like;blaOXA-329;AGW16411;KF203103;24288044 (DOI);view;NULL;NULL;NULL;carbapenemase;N (Acinetobacter calcoaceticus)
D;OXA-330;NULL;OXA-213-like;blaOXA-330;AGW16412;KF203104;24288046 (DOI);view;NULL;NULL;NULL;carbapenemase;N (Acinetobacter calcoaceticus)
D;OXA-331;NULL;OXA-213-like;blaOXA-331;AGW16413;KF203105;24288048 (DOI);view;NULL;NULL;NULL;carbapenemase;N (Acinetobacter calcoaceticus)
D;OXA-332;NULL;OXA-213-like;blaOXA-332;AGW16414;KF203106;24288050 (DOI);view;NULL;NULL;NULL;carbapenemase;N (Acinetobacter calcoaceticus)
D;OXA-333;NULL;OXA-211-like;blaOXA-333;AGW16415;KF203107;24288030 (DOI);view;NULL;NULL;NULL;carbapenemase;N (Acinetobacter johnsonii)
D;OXA-334;NULL;OXA-211-like;blaOXA-334;AGW16416;KF203108;24288032 (DOI);view;NULL;NULL;NULL;carbapenemase;N (Acinetobacter johnsonii)
D;OXA-335;NULL;OXA-134-like;blaOXA-335;AGW16417;KF203109;24288029 (DOI);view;NULL;NULL;NULL;carbapenemase;N (Acinetobacter lwoffii)
D;OXA-336;NULL;OXA-51-like;blaOXA-336;AHN07452;KF048907;NULL;view;NULL;NULL;NULL;carbapenemase;N (Acinetobacter baumannii)
D;OXA-337;NULL;OXA-51-like;blaOXA-337;AHN07453;KF048908;NULL;view;NULL;NULL;NULL;carbapenemase;N (Acinetobacter baumannii)
D;OXA-338;NULL;OXA-51-like;blaOXA-338;AHN07454;KF048909;25616789 (DOI);view;NULL;NULL;NULL;carbapenemase;N (Acinetobacter baumannii)
D;OXA-339;NULL;OXA-51-like;blaOXA-339;AHN07456;KF048911;25616791 (DOI);view;NULL;NULL;NULL;carbapenemase;N (Acinetobacter baumannii)
D;OXA-340;NULL;OXA-51-like;blaOXA-340;AHN07457;KF048912;25616793 (DOI);view;NULL;NULL;NULL;carbapenemase;N (Acinetobacter baumannii)
D;OXA-341;NULL;OXA-51-like;blaOXA-341;AHN07458;KF048913;25616795 (DOI);view;NULL;NULL;NULL;carbapenemase;N (Acinetobacter baumannii)
D;OXA-342;NULL;OXA-51-like;blaOXA-342;AHN07460;KF048915;25616797 (DOI);view;NULL;NULL;NULL;carbapenemase;N (Acinetobacter baumannii)
D;OXA-343;NULL;OXA-51-like;blaOXA-343;AHN07461;KF048916;25616799 (DOI);view;NULL;NULL;NULL;carbapenemase;N (Acinetobacter baumannii)
D;OXA-344;NULL;OXA-51-like;blaOXA-344;AHN07462;KF048917;25616801 (DOI);view;NULL;NULL;NULL;carbapenemase;N (Acinetobacter baumannii)
D;OXA-345;NULL;OXA-51-like;blaOXA-345;AHN07463;KF048918;25616803 (DOI);view;NULL;NULL;NULL;carbapenemase;N (Acinetobacter baumannii)
D;OXA-346;NULL;OXA-51-like;blaOXA-346;AHN07464;KF048919;25616805 (DOI);view;NULL;NULL;NULL;carbapenemase;N (Acinetobacter baumannii)
D;OXA-348;NULL;OXA-213-like;blaOXA-348;AGW83446;KF297577;24288030 (DOI);view;NULL;NULL;NULL;carbapenemase;N (Acinetobacter calcoaceticus)
D;OXA-349;NULL;OXA-213-like;blaOXA-349;AGW83447;KF297578;24288032 (DOI);view;NULL;NULL;NULL;carbapenemase;N (Acinetobacter calcoaceticus)
D;OXA-350;NULL;OXA-213-like;blaOXA-350;AGW83448;KF297579;24288034 (DOI);view;NULL;NULL;NULL;carbapenemase;N (Acinetobacter calcoaceticus)
D;OXA-351;NULL;OXA-213-like;blaOXA-351;AGW83449;KF297580;24288036 (DOI);view;NULL;NULL;NULL;carbapenemase;N (Acinetobacter calcoaceticus)
D;OXA-352;NULL;OXA-213-like;blaOXA-352;AGW83450;KF297581;24288038 (DOI);view;NULL;NULL;NULL;carbapenemase;N (Acinetobacter calcoaceticus)
D;OXA-353;NULL;OXA-213-like;blaOXA-353;AGW83451;KF297582;24288040 (DOI);view;NULL;NULL;NULL;carbapenemase;N (Acinetobacter calcoaceticus)
D;OXA-354;NULL;OXA-213-like;blaOXA-354;AGW83452;KF297583;24288042 (DOI);view;NULL;NULL;NULL;carbapenemase;N (Acinetobacter calcoaceticus)
D;OXA-355;NULL;OXA-229-like;blaOXA-355;AGW83453;KF297584;24288030 (DOI);view;NULL;NULL;NULL;carbapenemase;N (Acinetobacter bereziniae)
D;OXA-356;NULL;OXA-229-like;blaOXA-356;AGW83454;KF297585;24288032 (DOI);view;NULL;NULL;NULL;carbapenemase;N (Acinetobacter bereziniae)
D;OXA-357;NULL;OXA-213-like;blaOXA-357;AGZ83153;KF421160;24288030 (DOI);view;NULL;NULL;NULL;carbapenemase;N (Acinetobacter calcoaceticus)
D;OXA-358;NULL;OXA-213-like;blaOXA-358;AGZ83154;KF421161;24288032 (DOI);view;NULL;NULL;NULL;carbapenemase;N (Acinetobacter calcoaceticus)
D;OXA-359;NULL;OXA-213-like;blaOXA-359;AGZ83155;KF421162;24288034 (DOI);view;NULL;NULL;NULL;carbapenemase;N (Acinetobacter calcoaceticus)
D;OXA-360;NULL;OXA-134-like;blaOXA-360;AGZ83156;KF421163;24288030 (DOI);view;NULL;NULL;NULL;carbapenemase;N (Acinetobacter schindleri)
D;OXA-361;NULL;OXA-134-like;blaOXA-361;AHA11124;KF460531;24288032 (DOI);view;NULL;NULL;NULL;carbapenemase;N (Acinetobacter lwoffii)
D;OXA-362;NULL;OXA-134-like;blaOXA-362;AHA11125;KF460532;24288034 (DOI);view;NULL;NULL;NULL;carbapenemase;N (Acinetobacter lwoffii)
D;OXA-363;NULL;OXA-134-like;blaOXA-363;AHA11126;KF460533;24288036 (DOI);view;NULL;NULL;NULL;carbapenemase;N (Acinetobacter lwoffii)
D;OXA-365;NULL;OXA-51-like;blaOXA-365;AHI63011;KF885217;24622099 (DOI);view;NULL;NULL;NULL;carbapenemase;N (Acinetobacter baumannii)
D;OXA-366;NULL;OXA-23-like;blaOXA-366;AJO16038;KP050485;NULL;view;NULL;NULL;NULL;carbapenemase;A
D;OXA-371;NULL;OXA-51-like;blaOXA-371;BAO09635;AB871653;NULL;view;NULL;NULL;NULL;carbapenemase;N (Acinetobacter baumannii)
D;OXA-372;NULL;OXA-372-like;blaOXA-372;AIG22448;KJ746496;26126492 (DOI);view;NULL;NULL;NULL;carbapenemase;A
D;OXA-373;NULL;OXA-211-like;blaOXA-373;CDM87362;HG931732;NULL;view;NULL;NULL;NULL;carbapenemase;N (Acinetobacter johnsonii)
D;OXA-374;NULL;OXA-51-like;blaOXA-374;AHL30274;KF986255;NULL;view;NULL;NULL;NULL;carbapenemase;N (Acinetobacter baumannii)
D;OXA-375;NULL;OXA-51-like;blaOXA-375;AHL30275;KF986256;NULL;view;NULL;NULL;NULL;carbapenemase;N (Acinetobacter baumannii)
D;OXA-376;NULL;OXA-51-like;blaOXA-376;AHL30276;KF986257;NULL;view;NULL;NULL;NULL;carbapenemase;N (Acinetobacter baumannii)
D;OXA-377;NULL;OXA-51-like;blaOXA-377;AHL30277;KF986258;NULL;view;NULL;NULL;NULL;carbapenemase;N (Acinetobacter baumannii)
D;OXA-378;NULL;OXA-51-like;blaOXA-378;AHL30278;KF986259;NULL;view;NULL;NULL;NULL;carbapenemase;N (Acinetobacter baumannii)
D;OXA-379;NULL;OXA-51-like;blaOXA-379;AHL30279;KF986260;NULL;view;NULL;NULL;NULL;carbapenemase;N (Acinetobacter baumannii)
D;OXA-380;NULL;OXA-51-like;blaOXA-380;AHL30280;KF986261;NULL;view;NULL;NULL;NULL;carbapenemase;N (Acinetobacter baumannii)
D;OXA-381;NULL;OXA-51-like;blaOXA-381;AHL30285;KJ135344;NULL;view;NULL;NULL;NULL;carbapenemase;N (Acinetobacter baumannii)
D;OXA-382;NULL;OXA-51-like;blaOXA-382;AHL30286;KJ135345;NULL;view;NULL;NULL;NULL;carbapenemase;N (Acinetobacter baumannii)
D;OXA-383;NULL;OXA-51-like;blaOXA-383;AHL30281;KF986262;NULL;view;NULL;NULL;NULL;carbapenemase;N (Acinetobacter baumannii)
D;OXA-384;NULL;OXA-51-like;blaOXA-384;AHL30282;KF986263;NULL;view;NULL;NULL;NULL;carbapenemase;N (Acinetobacter baumannii)
D;OXA-385;NULL;OXA-51-like;blaOXA-385;AHL30272;KF986253;NULL;view;NULL;NULL;NULL;carbapenemase;N (Acinetobacter baumannii)
D;OXA-386;NULL;OXA-51-like;blaOXA-386;AHL30273;KF986254;NULL;view;NULL;NULL;NULL;carbapenemase;N (Acinetobacter baumannii)
D;OXA-387;NULL;OXA-51-like;blaOXA-387;AHK51384;KJ173478;NULL;view;NULL;NULL;NULL;carbapenemase;N (Acinetobacter baumannii)
D;OXA-388;NULL;OXA-51-like;blaOXA-388;AHL30284;KJ135343;NULL;view;NULL;NULL;NULL;carbapenemase;N (Acinetobacter baumannii)
D;OXA-389;NULL;OXA-51-like;blaOXA-389;AHL30287;KJ135346;NULL;view;NULL;NULL;NULL;carbapenemase;N (Acinetobacter baumannii)
D;OXA-390;NULL;OXA-51-like;blaOXA-390;AHL30283;KJ135342;NULL;view;NULL;NULL;NULL;carbapenemase;N (Acinetobacter baumannii)
D;OXA-391;NULL;OXA-51-like;blaOXA-391;AHN53381;KJ427797;NULL;view;NULL;NULL;NULL;carbapenemase;N (Acinetobacter baumannii)
D;OXA-397;NULL;OXA-58-like;blaOXA-397;AIT76118;KM087865;NULL;view;NULL;NULL;NULL;carbapenemase;N (Acinetobacter baumannii)
D;OXA-398;NULL;OXA-23-like;blaOXA-398;AIT76095;KM087842;NULL;view;NULL;NULL;NULL;carbapenemase;A
D;OXA-400;NULL;OXA-51-like;blaOXA-400;AIS39036;KJ780078;NULL;view;NULL;NULL;NULL;carbapenemase;N (Acinetobacter baumannii)
D;OXA-401;NULL;OXA-51-like;blaOXA-401;AIS39034;KJ780076;NULL;view;NULL;NULL;NULL;carbapenemase;N (Acinetobacter baumannii)
D;OXA-402;NULL;OXA-51-like;blaOXA-402;AFZ84681;JX865391;NULL;view;NULL;NULL;NULL;carbapenemase;N (Acinetobacter baumannii)
D;OXA-403;NULL;OXA-51-like;blaOXA-403;AIM47095;KJ920337;NULL;view;NULL;NULL;NULL;carbapenemase;N (Acinetobacter baumannii)
D;OXA-404;NULL;OXA-51-like;blaOXA-404;AIM47096;KJ920338;NULL;view;NULL;NULL;NULL;carbapenemase;N (Acinetobacter baumannii)
D;OXA-406;NULL;OXA-51-like;blaOXA-406;AJD07402;KJ584915;25616789 (DOI);view;NULL;NULL;NULL;carbapenemase;N (Acinetobacter baumannii)
D;OXA-407;NULL;OXA-51-like;blaOXA-407;AJD07403;KJ584916;25616791 (DOI);view;NULL;NULL;NULL;carbapenemase;N (Acinetobacter baumannii)
D;OXA-408;NULL;OXA-51-like;blaOXA-408;AJD07404;KJ584917;25616793 (DOI);view;NULL;NULL;NULL;carbapenemase;N (Acinetobacter baumannii)
D;OXA-409;NULL;OXA-51-like;blaOXA-409;AJD07405;KJ584918;25616795 (DOI);view;NULL;NULL;NULL;carbapenemase;N (Acinetobacter baumannii)
D;OXA-410;NULL;OXA-51-like;blaOXA-410;HCT5551642;DAKAKM010000001;25616796 (DOI);view;NULL;NULL;NULL;carbapenemase;N (Acinetobacter baumannii)
D;OXA-411;NULL;OXA-51-like;blaOXA-411;AJD07406;KJ584920;25616798 (DOI);view;NULL;NULL;NULL;carbapenemase;N (Acinetobacter baumannii)
D;OXA-412;NULL;OXA-51-like;blaOXA-412;AJD07407;KJ584921;25616800 (DOI);view;NULL;NULL;NULL;carbapenemase;N (Acinetobacter baumannii)
D;OXA-413;NULL;OXA-51-like;blaOXA-413;AJD07408;KJ584922;25616802 (DOI);view;NULL;NULL;NULL;carbapenemase;N (Acinetobacter baumannii)
D;OXA-414;NULL;OXA-51-like;blaOXA-414;AJD07401;KJ584914;25616804 (DOI);view;NULL;NULL;NULL;carbapenemase;N (Acinetobacter baumannii)
D;OXA-417;NULL;OXA-213-like;blaOXA-417;AIU44173;KM220587;NULL;view;NULL;NULL;NULL;carbapenemase;N (Acinetobacter calcoaceticus)
D;OXA-418;NULL;OXA-229-like;blaOXA-418;AIN56719;KJ997966;NULL;view;NULL;NULL;NULL;carbapenemase;N (Acinetobacter bereziniae)
D;OXA-420;NULL;OXA-58-like;blaOXA-420;BAP28835;AB983359;NULL;view;NULL;NULL;NULL;carbapenemase;A and N (Acinetobacter baumannii)
D;OXA-421;NULL;OXA-270-like;blaOXA-421;AIZ00987;KM401566;25428154 (DOI);view;NULL;NULL;NULL;carbapenemase;N (Acinetobacter pittii)
D;OXA-422;NULL;OXA-23-like;blaOXA-422;AIY30331;KM433671;NULL;view;NULL;NULL;NULL;carbapenemase;A
D;OXA-423;NULL;OXA-23-like;blaOXA-423;AIY30332;KM433672;33204124 (DOI);view;NULL;NULL;NULL;carbapenemase;A
D;OXA-424;NULL;OXA-51-like;blaOXA-424;AJA32742;KM588352;25487794 (DOI);view;NULL;NULL;NULL;carbapenemase;N (Acinetobacter baumannii)
D;OXA-425;NULL;OXA-51-like;blaOXA-425;AJA32743;KM588353;25487796 (DOI);view;NULL;NULL;NULL;carbapenemase;N (Acinetobacter baumannii)
D;OXA-426;NULL;OXA-51-like;blaOXA-426;AJA32744;KM588354;25487798 (DOI);view;NULL;NULL;NULL;carbapenemase;N (Acinetobacter baumannii)
D;OXA-427;NULL;OXA-427-like;blaOXA-427;ARO85965;KX827604;28859446 (DOI);view;1;NULL;NULL;carbapenemase;A
D;OXA-429;NULL;OXA-51-like;blaOXA-429;AJG01375;KM979376;NULL;view;NULL;NULL;NULL;carbapenemase;N (Acinetobacter baumannii)
D;OXA-430;NULL;OXA-51-like;blaOXA-430;AJG01376;KM979377;NULL;view;NULL;NULL;NULL;carbapenemase;N (Acinetobacter baumannii)
D;OXA-431;NULL;OXA-51-like;blaOXA-431;AJG01377;KM979378;NULL;view;NULL;NULL;NULL;carbapenemase;N (Acinetobacter baumannii)
D;OXA-432;NULL;OXA-51-like;blaOXA-432;AJG01378;KM979379;NULL;view;NULL;NULL;NULL;carbapenemase;N (Acinetobacter baumannii)
D;OXA-433;NULL;OXA-51-like;blaOXA-433;AJG01379;KM979380;NULL;view;NULL;NULL;NULL;carbapenemase;N (Acinetobacter baumannii)
D;OXA-435;NULL;OXA-23-like;blaOXA-435;AJT57878;KP144324;NULL;view;NULL;NULL;NULL;carbapenemase;A
D;OXA-437;NULL;OXA-24-like;blaOXA-437;AKL59536;KP410856;NULL;view;NULL;NULL;NULL;carbapenemase;N (Acinetobacter baumannii)
D;OXA-440;NULL;OXA-23-like;blaOXA-440;AKR53962;KP727574;NULL;view;NULL;NULL;NULL;carbapenemase;A
D;OXA-441;NULL;OXA-51-like;blaOXA-441;AFZ84684;JX865394;NULL;view;NULL;NULL;NULL;carbapenemase;N (Acinetobacter baumannii)
D;OXA-442;NULL;OXA-51-like;blaOXA-442;AKU37610;KP844571;NULL;view;NULL;NULL;NULL;carbapenemase;N (Acinetobacter baumannii)
D;OXA-444;NULL;OXA-60-like;blaOXA-444;AJW47014;CP010800;25953190 (DOI);view;NULL;NULL;NULL;carbapenemase;N (Ralstonia mannitolilytica)
D;OXA-480;NULL;OXA-51-like;blaOXA-480;ALL53530;KR872296;NULL;view;NULL;NULL;NULL;carbapenemase;N (Acinetobacter baumannii)
D;OXA-482;NULL;OXA-23-like;blaOXA-482;AKF41839;KP264124;NULL;view;NULL;NULL;NULL;carbapenemase;A
D;OXA-483;NULL;OXA-23-like;blaOXA-483;AKF41840;KP264125;NULL;view;NULL;NULL;NULL;carbapenemase;A
D;OXA-496;NULL;OXA-134-like;blaOXA-496;ALM26450;KT200608;30150791 (DOI);view;NULL;NULL;NULL;carbapenemase;N (Acinetobacter lwoffii)
D;OXA-497;NULL;OXA-51-like;blaOXA-497;KRW26153;LKJZ01000136;NULL;view;NULL;NULL;NULL;carbapenemase;N (Acinetobacter baumannii)
D;OXA-498;NULL;OXA-211-like;blaOXA-498;WP_063454569;NG_068178;NULL;view;NULL;NULL;NULL;carbapenemase;N (Acinetobacter johnsonii)
D;OXA-499;NULL;OXA-143-like;blaOXA-499;ALM96709;KT964029;28264850 (DOI);view;NULL;NULL;NULL;carbapenemase;A
D;OXA-500;NULL;OXA-270-like;blaOXA-500;ALP13523;KU167108;NULL;view;NULL;NULL;NULL;carbapenemase;N (Acinetobacter pittii NRZ_01528)
D;OXA-501;NULL;OXA-270-like;blaOXA-501;ALP13525;KU167110;NULL;view;NULL;NULL;NULL;carbapenemase;N (Acinetobacter pittii)
D;OXA-502;NULL;OXA-270-like;blaOXA-502;ALP13526;KU167111;NULL;view;NULL;NULL;NULL;carbapenemase;N (Acinetobacter pittii)
D;OXA-503;NULL;OXA-270-like;blaOXA-503;ALP13524;KU167109;NULL;view;NULL;NULL;NULL;carbapenemase;N (Acinetobacter pittii)
D;OXA-506;NULL;OXA-270-like;blaOXA-506;AMB17205;KU571454;NULL;view;NULL;NULL;NULL;carbapenemase;N (Acinetobacter pittii)
D;OXA-507;NULL;OXA-51-like;blaOXA-507;AMB17204;KU551305;NULL;view;NULL;NULL;NULL;carbapenemase;N (Acinetobacter baumannii)
D;OXA-508;NULL;OXA-51-like;blaOXA-508;AMB57506;KU596972;NULL;view;NULL;NULL;NULL;carbapenemase;N (Acinetobacter baumannii)
D;OXA-509;NULL;OXA-51-like;blaOXA-509;AMJ17435;KU692025;NULL;view;NULL;NULL;NULL;carbapenemase;N (Acinetobacter baumannii)
D;OXA-510;NULL;OXA-51-like;blaOXA-510;AFZ84683;JX865393;NULL;view;NULL;NULL;NULL;carbapenemase;N (Acinetobacter baumannii)
D;OXA-511;NULL;OXA-51-like;blaOXA-511;AMJ17433;KU710720;NULL;view;NULL;NULL;NULL;carbapenemase;N (Acinetobacter baumannii)
D;OXA-512;NULL;OXA-58-like;blaOXA-512;AMK37641;KU726870;NULL;view;NULL;NULL;NULL;carbapenemase;N (Acinetobacter baumannii)
D;OXA-514;NULL;OXA-48-like;blaOXA-514;AMN85820;KU866382;NULL;view;NULL;NULL;NULL;carbapenemase;N (Shewanella sp. 10A)
D;OXA-515;NULL;OXA-48-like;blaOXA-515;AMN85821;KU866383;NULL;view;NULL;NULL;NULL;carbapenemase;N (Shewanella sp. W17)
D;OXA-516;NULL;OXA-51-like;blaOXA-516;AMO28427;KU871391;NULL;view;NULL;NULL;NULL;carbapenemase;N (Acinetobacter baumannii)
D;OXA-517;NULL;OXA-48-like;blaOXA-517;AMO66558;KU878974;NULL;view;1;NULL;NULL;carbapenemase;A
D;OXA-521;NULL;OXA-51-like;blaOXA-521;ANQ38581;KX462701;NULL;view;NULL;NULL;NULL;carbapenemase;N (Acinetobacter baumannii)
D;OXA-522;NULL;OXA-213-like;blaOXA-522;ANW47167;KX599408;NULL;view;NULL;NULL;NULL;carbapenemase;N (Acinetobacter sp. MRSN7664)
D;OXA-523;NULL;OXA-51-like;blaOXA-523;ANW47160;KX599401;NULL;view;NULL;NULL;NULL;carbapenemase;N (Acinetobacter baumannii)
D;OXA-524;NULL;OXA-51-like;blaOXA-524;ANW47161;KX599402;NULL;view;NULL;NULL;NULL;carbapenemase;N (Acinetobacter baumannii)
D;OXA-525;NULL;OXA-51-like;blaOXA-525;ANW47165;KX599406;NULL;view;NULL;NULL;NULL;carbapenemase;N (Acinetobacter baumannii)
D;OXA-526;NULL;OXA-213-like;blaOXA-526;ANW47168;KX599409;NULL;view;NULL;NULL;NULL;carbapenemase;N (Acinetobacter sp. MRSN7369)
D;OXA-527;NULL;OXA-527-like;blaOXA-527;ANW47163;KX599404;NULL;view;NULL;NULL;NULL;carbapenemase;N (Acinetobacter sp. MRSN7700)
D;OXA-528;NULL;OXA-51-like;blaOXA-528;ANW47166;KX599407;NULL;view;NULL;NULL;NULL;carbapenemase;N (Acinetobacter baumannii)
D;OXA-529;NULL;OXA-51-like;blaOXA-529;ANW47164;KX599405;NULL;view;NULL;NULL;NULL;carbapenemase;N (Acinetobacter baumannii)
D;OXA-530;NULL;OXA-51-like;blaOXA-530;ANW47157;KX599398;NULL;view;NULL;NULL;NULL;carbapenemase;N (Acinetobacter baumannii)
D;OXA-531;NULL;OXA-51-like;blaOXA-531;ANW47159;KX599400;NULL;view;NULL;NULL;NULL;carbapenemase;N (Acinetobacter baumannii)
D;OXA-532;NULL;OXA-51-like;blaOXA-532;ANW69916;KX609247;NULL;view;NULL;NULL;NULL;carbapenemase;N (Acinetobacter baumannii)
D;OXA-533;NULL;OXA-270-like;blaOXA-533;ANZ80603;KX668472;NULL;view;NULL;NULL;NULL;carbapenemase;N (Acinetobacter pittii)
D;OXA-535;NULL;OXA-48-like;blaOXA-535;AOQ26572;KX828709;30082287 (DOI);view;NULL;NULL;NULL;carbapenemase;N (Shewanella sp. JAB)
D;OXA-536;NULL;OXA-51-like;blaOXA-536;AOR84133;KX859240;NULL;view;NULL;NULL;NULL;carbapenemase;N (Acinetobacter baumannii)
D;OXA-537;NULL;OXA-134-like;blaOXA-537;AOS48097;KX360747;30150791 (DOI);view;NULL;NULL;NULL;carbapenemase;N (Acinetobacter schindleri)
D;OXA-542;NULL;OXA-542-like;blaOXA-542;AQT01639;KY646155;NULL;view;NULL;NULL;NULL;carbapenemase;N (Acinetobacter pittii)
D;OXA-545;NULL;OXA-51-like;blaOXA-545;AQV05408;KY674541;NULL;view;NULL;NULL;NULL;carbapenemase;N (Acinetobacter baumannii AB25C30)
D;OXA-554;NULL;OXA-51-like;blaOXA-554;AQZ59623;KY126221;NULL;view;NULL;NULL;NULL;carbapenemase;N (Acinetobacter baumannii CNM20000307)
D;OXA-555;NULL;OXA-51-like;blaOXA-555;AQZ59626;KY126224;NULL;view;NULL;NULL;NULL;carbapenemase;N (Acinetobacter baumannii CNM20010364)
D;OXA-556;NULL;OXA-51-like;blaOXA-556;AQZ59633;KY126231;NULL;view;NULL;NULL;NULL;carbapenemase;N (Acinetobacter baumannii CNM20040341)
D;OXA-557;NULL;OXA-51-like;blaOXA-557;AQZ59634;KY126232;NULL;view;NULL;NULL;NULL;carbapenemase;N (Acinetobacter baumannii CNM20040355)
D;OXA-558;NULL;OXA-51-like;blaOXA-558;AQZ59636;KY126234;NULL;view;NULL;NULL;NULL;carbapenemase;N (Acinetobacter baumannii CNM20050133)
D;OXA-559;NULL;OXA-51-like;blaOXA-559;AQZ59639;KY126237;NULL;view;NULL;NULL;NULL;carbapenemase;N (Acinetobacter baumannii CNM20071227)
D;OXA-560;NULL;OXA-51-like;blaOXA-560;AQZ59640;KY126238;NULL;view;NULL;NULL;NULL;carbapenemase;N (Acinetobacter baumannii CNM20071813)
D;OXA-561;NULL;OXA-51-like;blaOXA-561;AQZ59642;KY126240;NULL;view;NULL;NULL;NULL;carbapenemase;N (Acinetobacter baumannii CNM20081065)
D;OXA-562;NULL;OXA-51-like;blaOXA-562;AQZ59643;KY126241;NULL;view;NULL;NULL;NULL;carbapenemase;N (Acinetobacter baumannii CNM20081737)
D;OXA-563;NULL;OXA-270-like;blaOXA-563;ARB50423;KY767021;NULL;view;NULL;NULL;NULL;carbapenemase;N (Acinetobacter pittii NRZ-24076)
D;OXA-564;NULL;OXA-270-like;blaOXA-564;ARB50424;KY767022;NULL;view;NULL;NULL;NULL;carbapenemase;N (Acinetobacter pittii NRZ-24967)
D;OXA-565;NULL;OXA-23-like;blaOXA-565;ARF19529;KY883665;NULL;view;NULL;NULL;NULL;carbapenemase;A
D;OXA-575;NULL;OXA-214-like;blaOXA-575;AUS83546;MG821355;NULL;view;NULL;NULL;NULL;carbapenemase;N (Acinetobacter haemolyticus)
D;OXA-641;NULL;OXA-372-like;blaOXA-641;AWA42530;MH211331;NULL;view;NULL;NULL;NULL;carbapenemase;A
D;OXA-642;NULL;OXA-270-like;blaOXA-642;ADY81489;CP002177;NULL;view;NULL;NULL;NULL;carbapenemase;N (Acinetobacter pittii PHEA-2)
D;OXA-643;NULL;OXA-211-like;blaOXA-643;AWB15826;MH188852;NULL;view;NULL;NULL;NULL;carbapenemase;N (Acinetobacter johnsonii)
D;OXA-644;NULL;OXA-211-like;blaOXA-644;AWB15827;MH188853;NULL;view;NULL;NULL;NULL;carbapenemase;N (Acinetobacter johnsonii)
D;OXA-645;NULL;OXA-211-like;blaOXA-645;AWB15828;MH188854;NULL;view;NULL;NULL;NULL;carbapenemase;N (Acinetobacter johnsonii)
D;OXA-646;NULL;OXA-134-like;blaOXA-646;AWB15829;MH188855;23467601 (DOI) 29649588 (DOI);view;NULL;NULL;NULL;carbapenemase;N (Acinetobacter lwoffii)
D;OXA-647;NULL;OXA-134-like;blaOXA-647;AWB15830;MH188856;NULL;view;NULL;NULL;NULL;carbapenemase;N (Acinetobacter lwoffii)
D;OXA-648;NULL;OXA-134-like;blaOXA-648;AWB15831;MH188857;NULL;view;NULL;NULL;NULL;carbapenemase;N (Acinetobacter lwoffii)
D;OXA-649;NULL;OXA-143-like;blaOXA-649;AWA42529;MH211242;NULL;view;NULL;NULL;NULL;carbapenemase;A
D;OXA-650;NULL;OXA-211-like;blaOXA-650;AWI33277;MH294485;NULL;view;NULL;NULL;NULL;carbapenemase;N (Acinetobacter johnsonii)
D;OXA-651;NULL;OXA-211-like;blaOXA-651;KUG37347;LBMO01000061;NULL;view;NULL;NULL;NULL;carbapenemase;N (Acinetobacter johnsonii)
D;OXA-652;NULL;OXA-211-like;blaOXA-652;ALV71466;CP010350;NULL;view;NULL;NULL;NULL;carbapenemase;N (Acinetobacter johnsonii XBB1)
D;OXA-653;NULL;OXA-24-like;blaOXA-653;AWK58761;MH337637;NULL;view;NULL;NULL;NULL;carbapenemase;N (Acinetobacter sp.)
D;OXA-654;NULL;OXA-51-like;blaOXA-654;AWK58845;MH337646;NULL;view;NULL;NULL;NULL;carbapenemase;N (Acinetobacter baumannii)
D;OXA-657;NULL;OXA-23-like;blaOXA-657;AWU66457;MH450209;NULL;view;NULL;NULL;NULL;carbapenemase;A
D;OXA-662;NULL;OXA-211-like;blaOXA-662;AXC08554;MH549402;NULL;view;NULL;NULL;NULL;carbapenemase;N (Acinetobacter johnsonii)
D;OXA-665;NULL;NULL;blaOXA-665;EPF70268;ATGI01000038;30247543 (DOI);view;NULL;NULL;NULL;carbapenemase;N (Acinetobacter rudis CIP 110305)
D;OXA-666;NULL;OXA-296-like;blaOXA-666;SDY39836;FNPK01000009;30247543 (DOI);view;NULL;NULL;NULL;carbapenemase;N (Acinetobacter kyonggiensis)
D;OXA-667;NULL;OXA-274-like;blaOXA-667;BAP39082;AP014630;30247543 (DOI);view;NULL;NULL;NULL;carbapenemase;N (Acinetobacter guillouiae NBRC 110550)
D;OXA-668;NULL;OXA-274-like;blaOXA-668;KEC85091;JICM01000013;30247543 (DOI);view;NULL;NULL;NULL;carbapenemase;N (Acinetobacter sp. ETR1)
D;OXA-669;NULL;OXA-274-like;blaOXA-669;KQW88842;LMED01000027;30247543 (DOI);view;NULL;NULL;NULL;carbapenemase;N (Acinetobacter sp. Root1280)
D;OXA-670;NULL;OXA-286-like;blaOXA-670;EPG42609;ATGK01000003;30247543 (DOI);view;NULL;NULL;NULL;carbapenemase;N (Acinetobacter colistiniresistens NIPH 2036)
D;OXA-671;NULL;OXA-286-like;blaOXA-671;WP_081401608;NG_062218;30247543 (DOI);view;NULL;NULL;NULL;carbapenemase;N (Acinetobacter gyllenbergii CIP 110306)
D;OXA-672;NULL;OXA-286-like;blaOXA-672;ESK38042;AYEQ01000166;30247543 (DOI);view;NULL;NULL;NULL;carbapenemase;N (Acinetobacter gyllenbergii NIPH 230)
D;OXA-673;NULL;OXA-286-like;blaOXA-673;EOR10283;AQFL01000004;30247543 (DOI);view;NULL;NULL;NULL;carbapenemase;N (Acinetobacter sp. CIP 110321)
D;OXA-674;NULL;OXA-286-like;blaOXA-674;WP_081406929;NG_062226;30247543 (DOI);view;NULL;NULL;NULL;carbapenemase;N (Acinetobacter sp. MN12)
D;OXA-678;NULL;OXA-270-like;blaOXA-678;AXQ11891;MH780099;NULL;view;NULL;NULL;NULL;carbapenemase;N (Acinetobacter pittii)
D;OXA-679;NULL;OXA-679-like;blaOXA-679;AXV45349;MH837623;30844059 (DOI);view;NULL;NULL;NULL;carbapenemase;N (Acinetobacter calcoaceticus)
D;OXA-680;NULL;OXA-51-like;blaOXA-680;AXY66404;MH878938;NULL;view;NULL;NULL;NULL;carbapenemase;N (Acinetobacter baumannii)
D;OXA-682;NULL;OXA-51-like;blaOXA-682;AYG97663;MK011132;NULL;view;NULL;NULL;NULL;carbapenemase;N (Acinetobacter baumannii)
D;OXA-683;NULL;OXA-51-like;blaOXA-683;AYG97664;MK011133;NULL;view;NULL;NULL;NULL;carbapenemase;N (Acinetobacter baumannii)
D;OXA-684;NULL;OXA-51-like;blaOXA-684;AYG97665;MK011134;NULL;view;NULL;NULL;NULL;carbapenemase;N (Acinetobacter baumannii)
D;OXA-685;NULL;OXA-51-like;blaOXA-685;AYG97666;MK011135;NULL;view;NULL;NULL;NULL;carbapenemase;N (Acinetobacter baumannii)
D;OXA-686;NULL;OXA-51-like;blaOXA-686;AYG97667;MK011136;NULL;view;NULL;NULL;NULL;carbapenemase;N (Acinetobacter baumannii)
D;OXA-687;NULL;OXA-51-like;blaOXA-687;AYG97668;MK011137;NULL;view;NULL;NULL;NULL;carbapenemase;N (Acinetobacter baumannii)
D;OXA-688;NULL;OXA-51-like;blaOXA-688;AYG97669;MK011138;NULL;view;NULL;NULL;NULL;carbapenemase;N (Acinetobacter baumannii)
D;OXA-689;NULL;OXA-51-like;blaOXA-689;AYG97670;MK011139;NULL;view;NULL;NULL;NULL;carbapenemase;N (Acinetobacter baumannii)
D;OXA-690;NULL;OXA-51-like;blaOXA-690;AYG97671;MK011140;NULL;view;NULL;NULL;NULL;carbapenemase;N (Acinetobacter baumannii)
D;OXA-691;NULL;OXA-51-like;blaOXA-691;AYG97672;MK011141;NULL;view;NULL;NULL;NULL;carbapenemase;N (Acinetobacter baumannii)
D;OXA-692;NULL;OXA-51-like;blaOXA-692;AYG97673;MK011142;NULL;view;NULL;NULL;NULL;carbapenemase;N (Acinetobacter baumannii)
D;OXA-693;NULL;OXA-51-like;blaOXA-693;AYG97674;MK011143;NULL;view;NULL;NULL;NULL;carbapenemase;N (Acinetobacter baumannii)
D;OXA-694;NULL;OXA-51-like;blaOXA-694;AYG97675;MK011144;NULL;view;NULL;NULL;NULL;carbapenemase;N (Acinetobacter baumannii)
D;OXA-695;NULL;OXA-51-like;blaOXA-695;AYG97676;MK011145;NULL;view;NULL;NULL;NULL;carbapenemase;N (Acinetobacter baumannii)
D;OXA-696;NULL;OXA-51-like;blaOXA-696;AYG97677;MK011146;NULL;view;NULL;NULL;NULL;carbapenemase;N (Acinetobacter baumannii)
D;OXA-697;NULL;OXA-51-like;blaOXA-697;AYG97678;MK011147;NULL;view;NULL;NULL;NULL;carbapenemase;N (Acinetobacter baumannii)
D;OXA-698;NULL;OXA-51-like;blaOXA-698;AYG97679;MK011148;NULL;view;NULL;NULL;NULL;carbapenemase;N (Acinetobacter baumannii)
D;OXA-699;NULL;OXA-51-like;blaOXA-699;AYG97680;MK011149;NULL;view;NULL;NULL;NULL;carbapenemase;N (Acinetobacter baumannii)
D;OXA-700;NULL;OXA-51-like;blaOXA-700;AYG97681;MK011150;NULL;view;NULL;NULL;NULL;carbapenemase;N (Acinetobacter baumannii)
D;OXA-701;NULL;OXA-51-like;blaOXA-701;AYG97682;MK011151;NULL;view;NULL;NULL;NULL;carbapenemase;N (Acinetobacter baumannii)
D;OXA-702;NULL;OXA-51-like;blaOXA-702;AYG97684;MK011153;NULL;view;NULL;NULL;NULL;carbapenemase;N (Acinetobacter baumannii)
D;OXA-703;NULL;OXA-51-like;blaOXA-703;AYG97685;MK011154;NULL;view;NULL;NULL;NULL;carbapenemase;N (Acinetobacter baumannii)
D;OXA-704;NULL;OXA-51-like;blaOXA-704;AYG97686;MK011155;NULL;view;NULL;NULL;NULL;carbapenemase;N (Acinetobacter baumannii)
D;OXA-705;NULL;OXA-51-like;blaOXA-705;AYG97687;MK011156;NULL;view;NULL;NULL;NULL;carbapenemase;N (Acinetobacter baumannii)
D;OXA-706;NULL;OXA-51-like;blaOXA-706;AYG97688;MK011157;NULL;view;NULL;NULL;NULL;carbapenemase;N (Acinetobacter baumannii)
D;OXA-707;NULL;OXA-51-like;blaOXA-707;AYG97689;MK011158;NULL;view;NULL;NULL;NULL;carbapenemase;N (Acinetobacter baumannii)
D;OXA-708;NULL;OXA-51-like;blaOXA-708;AYG97697;MK011166;NULL;view;NULL;NULL;NULL;carbapenemase;N (Acinetobacter baumannii)
D;OXA-709;NULL;OXA-51-like;blaOXA-709;AYG97698;MK011167;NULL;view;NULL;NULL;NULL;carbapenemase;N (Acinetobacter baumannii)
D;OXA-710;NULL;OXA-51-like;blaOXA-710;AYG97699;MK011168;NULL;view;NULL;NULL;NULL;carbapenemase;N (Acinetobacter baumannii)
D;OXA-711;NULL;OXA-51-like;blaOXA-711;AYG97700;MK011169;NULL;view;NULL;NULL;NULL;carbapenemase;N (Acinetobacter baumannii)
D;OXA-712;NULL;OXA-51-like;blaOXA-712;AYG97701;MK011170;NULL;view;NULL;NULL;NULL;carbapenemase;N (Acinetobacter baumannii)
D;OXA-713;NULL;OXA-51-like;blaOXA-713;AYG97702;MK011171;NULL;view;NULL;NULL;NULL;carbapenemase;N (Acinetobacter baumannii)
D;OXA-714;NULL;OXA-51-like;blaOXA-714;AYG97703;MK011172;NULL;view;NULL;NULL;NULL;carbapenemase;N (Acinetobacter baumannii)
D;OXA-715;NULL;OXA-51-like;blaOXA-715;AYG97704;MK011173;NULL;view;NULL;NULL;NULL;carbapenemase;N (Acinetobacter baumannii)
D;OXA-716;NULL;OXA-51-like;blaOXA-716;AYG97705;MK011174;NULL;view;NULL;NULL;NULL;carbapenemase;N (Acinetobacter baumannii)
D;OXA-717;NULL;OXA-51-like;blaOXA-717;AYG97706;MK011175;NULL;view;NULL;NULL;NULL;carbapenemase;N (Acinetobacter baumannii)
D;OXA-718;NULL;OXA-51-like;blaOXA-718;AYG97690;MK011159;NULL;view;NULL;NULL;NULL;carbapenemase;N (Acinetobacter baumannii)
D;OXA-719;NULL;OXA-51-like;blaOXA-719;AYG97691;MK011160;NULL;view;NULL;NULL;NULL;carbapenemase;N (Acinetobacter baumannii)
D;OXA-720;NULL;OXA-51-like;blaOXA-720;AYG97692;MK011161;NULL;view;NULL;NULL;NULL;carbapenemase;N (Acinetobacter baumannii)
D;OXA-721;NULL;OXA-51-like;blaOXA-721;AYG97693;MK011162;NULL;view;NULL;NULL;NULL;carbapenemase;N (Acinetobacter baumannii)
D;OXA-722;NULL;OXA-51-like;blaOXA-722;AYG97695;MK011164;NULL;view;NULL;NULL;NULL;carbapenemase;N (Acinetobacter baumannii)
D;OXA-723;NULL;OXA-51-like;blaOXA-723;AYG97696;MK011165;NULL;view;NULL;NULL;NULL;carbapenemase;N (Acinetobacter baumannii)
D;OXA-729;NULL;OXA-55-like;blaOXA-729;AAL47570;AY066004;NULL;view;NULL;NULL;NULL;carbapenemase;N (Shewanella algae)
D;OXA-733;NULL;OXA-51-like;blaOXA-733;AXQ11762;MH780076;NULL;view;NULL;NULL;NULL;carbapenemase;N (Acinetobacter baumannii)
D;OXA-734;NULL;OXA-51-like;blaOXA-734;AXQ11884;MH780092;NULL;view;NULL;NULL;NULL;carbapenemase;N (Acinetobacter baumannii)
D;OXA-735;NULL;OXA-51-like;blaOXA-735;AXQ11885;MH780093;NULL;view;NULL;NULL;NULL;carbapenemase;N (Acinetobacter baumannii)
D;OXA-738;NULL;OXA-51-like;blaOXA-738;AYP70956;MK105925;NULL;view;NULL;NULL;NULL;carbapenemase;N (Acinetobacter baumannii)
D;OXA-739;NULL;OXA-51-like;blaOXA-739;AXH79878;MG717458;NULL;view;NULL;NULL;NULL;carbapenemase;N (Acinetobacter baumannii)
D;OXA-740;NULL;OXA-51-like;blaOXA-740;AYP70958;MK105927;NULL;view;NULL;NULL;NULL;carbapenemase;N (Acinetobacter baumannii)
D;OXA-741;NULL;OXA-51-like;blaOXA-741;AYP70959;MK105928;NULL;view;NULL;NULL;NULL;carbapenemase;N (Acinetobacter baumannii)
D;OXA-742;NULL;OXA-51-like;blaOXA-742;AYP70960;MK105929;NULL;view;NULL;NULL;NULL;carbapenemase;N (Acinetobacter baumannii)
D;OXA-743;NULL;OXA-51-like;blaOXA-743;AYP70961;MK105930;NULL;view;NULL;NULL;NULL;carbapenemase;N (Acinetobacter baumannii)
D;OXA-744;NULL;OXA-51-like;blaOXA-744;AYP70962;MK105931;NULL;view;NULL;NULL;NULL;carbapenemase;N (Acinetobacter baumannii)
D;OXA-745;NULL;OXA-51-like;blaOXA-745;AYP70963;MK105932;NULL;view;NULL;NULL;NULL;carbapenemase;N (Acinetobacter baumannii)
D;OXA-746;NULL;OXA-51-like;blaOXA-746;AYP70965;MK105934;NULL;view;NULL;NULL;NULL;carbapenemase;N (Acinetobacter baumannii)
D;OXA-747;NULL;OXA-51-like;blaOXA-747;AYP70966;MK105935;NULL;view;NULL;NULL;NULL;carbapenemase;N (Acinetobacter baumannii)
D;OXA-748;NULL;OXA-51-like;blaOXA-748;AYP70968;MK105937;NULL;view;NULL;NULL;NULL;carbapenemase;N (Acinetobacter baumannii)
D;OXA-749;NULL;OXA-51-like;blaOXA-749;AYP70969;MK105938;NULL;view;NULL;NULL;NULL;carbapenemase;N (Acinetobacter baumannii)
D;OXA-750;NULL;OXA-51-like;blaOXA-750;AYP70970;MK105939;NULL;view;NULL;NULL;NULL;carbapenemase;N (Acinetobacter baumannii)
D;OXA-751;NULL;OXA-51-like;blaOXA-751;AYP70971;MK105940;NULL;view;NULL;NULL;NULL;carbapenemase;N (Acinetobacter baumannii)
D;OXA-752;NULL;OXA-51-like;blaOXA-752;AYP70972;MK105941;NULL;view;NULL;NULL;NULL;carbapenemase;N (Acinetobacter baumannii)
D;OXA-753;NULL;OXA-51-like;blaOXA-753;AYP70973;MK105942;NULL;view;NULL;NULL;NULL;carbapenemase;N (Acinetobacter baumannii)
D;OXA-754;NULL;OXA-51-like;blaOXA-754;AYP70974;MK105943;NULL;view;NULL;NULL;NULL;carbapenemase;N (Acinetobacter baumannii)
D;OXA-755;NULL;OXA-51-like;blaOXA-755;AYP70975;MK105944;NULL;view;NULL;NULL;NULL;carbapenemase;N (Acinetobacter baumannii)
D;OXA-756;NULL;OXA-51-like;blaOXA-756;AYP70976;MK105945;NULL;view;NULL;NULL;NULL;carbapenemase;N (Acinetobacter baumannii)
D;OXA-757;NULL;OXA-51-like;blaOXA-757;AYP70977;MK105946;NULL;view;NULL;NULL;NULL;carbapenemase;N (Acinetobacter baumannii)
D;OXA-758;NULL;OXA-51-like;blaOXA-758;AYP70978;MK105947;NULL;view;NULL;NULL;NULL;carbapenemase;N (Acinetobacter baumannii)
D;OXA-759;NULL;OXA-51-like;blaOXA-759;AYP70979;MK105948;NULL;view;NULL;NULL;NULL;carbapenemase;N (Acinetobacter baumannii)
D;OXA-760;NULL;OXA-51-like;blaOXA-760;AYP70980;MK105949;NULL;view;NULL;NULL;NULL;carbapenemase;N (Acinetobacter baumannii)
D;OXA-761;NULL;OXA-51-like;blaOXA-761;AYP70981;MK105950;NULL;view;NULL;NULL;NULL;carbapenemase;N (Acinetobacter baumannii)
D;OXA-762;NULL;OXA-51-like;blaOXA-762;AYP70982;MK105951;NULL;view;NULL;NULL;NULL;carbapenemase;N (Acinetobacter baumannii)
D;OXA-763;NULL;OXA-51-like;blaOXA-763;AYP70983;MK105952;NULL;view;NULL;NULL;NULL;carbapenemase;N (Acinetobacter baumannii)
D;OXA-764;NULL;OXA-51-like;blaOXA-764;AYP70984;MK105953;NULL;view;NULL;NULL;NULL;carbapenemase;N (Acinetobacter baumannii)
D;OXA-765;NULL;OXA-51-like;blaOXA-765;AYP70985;MK105954;NULL;view;NULL;NULL;NULL;carbapenemase;N (Acinetobacter baumannii)
D;OXA-766;NULL;OXA-51-like;blaOXA-766;AYP70986;MK105955;NULL;view;NULL;NULL;NULL;carbapenemase;N (Acinetobacter baumannii)
D;OXA-767;NULL;OXA-51-like;blaOXA-767;AYP70987;MK105956;NULL;view;NULL;NULL;NULL;carbapenemase;N (Acinetobacter baumannii)
D;OXA-768;NULL;OXA-51-like;blaOXA-768;AYP70988;MK105957;NULL;view;NULL;NULL;NULL;carbapenemase;N (Acinetobacter baumannii)
D;OXA-769;NULL;OXA-51-like;blaOXA-769;AYP70989;MK105958;NULL;view;NULL;NULL;NULL;carbapenemase;N (Acinetobacter baumannii)
D;OXA-770;NULL;OXA-51-like;blaOXA-770;AYP70990;MK105959;NULL;view;NULL;NULL;NULL;carbapenemase;N (Acinetobacter baumannii)
D;OXA-771;NULL;OXA-51-like;blaOXA-771;AYP70991;MK105961;NULL;view;NULL;NULL;NULL;carbapenemase;N (Acinetobacter baumannii)
D;OXA-772;NULL;OXA-51-like;blaOXA-772;AYP70992;MK105962;NULL;view;NULL;NULL;NULL;carbapenemase;N (Acinetobacter baumannii)
D;OXA-773;NULL;OXA-51-like;blaOXA-773;AYP70993;MK105963;NULL;view;NULL;NULL;NULL;carbapenemase;N (Acinetobacter baumannii)
D;OXA-774;NULL;OXA-51-like;blaOXA-774;AYP70996;MK105966;NULL;view;NULL;NULL;NULL;carbapenemase;N (Acinetobacter baumannii)
D;OXA-775;NULL;OXA-51-like;blaOXA-775;AYP70997;MK105967;NULL;view;NULL;NULL;NULL;carbapenemase;N (Acinetobacter baumannii)
D;OXA-776;NULL;OXA-51-like;blaOXA-776;AYP70999;MK105969;NULL;view;NULL;NULL;NULL;carbapenemase;N (Acinetobacter baumannii)
D;OXA-777;NULL;OXA-270-like;blaOXA-777;AYN72943;MK087756;NULL;view;NULL;NULL;NULL;carbapenemase;N (Acinetobacter pittii)
D;OXA-778;NULL;OXA-270-like;blaOXA-778;AYN72945;MK087758;NULL;view;NULL;NULL;NULL;carbapenemase;N (Acinetobacter pittii)
D;OXA-781;NULL;OXA-51-like;blaOXA-781;AXH79876;MG717456;NULL;view;NULL;NULL;NULL;carbapenemase;N (Acinetobacter baumannii)
D;OXA-782;NULL;OXA-51-like;blaOXA-782;AXH79877;MG717457;NULL;view;NULL;NULL;NULL;carbapenemase;N (Acinetobacter baumannii)
D;OXA-797;NULL;OXA-51-like;blaOXA-797;QBQ03022;MK645223;NULL;view;NULL;NULL;NULL;carbapenemase;N (Acinetobacter baumannii)
D;OXA-798;NULL;OXA-51-like;blaOXA-798;QBQ03023;MK645910;NULL;view;NULL;NULL;NULL;carbapenemase;N (Acinetobacter baumannii)
D;OXA-799;NULL;OXA-51-like;blaOXA-799;QBQ03024;MK645911;NULL;view;NULL;NULL;NULL;carbapenemase;N (Acinetobacter baumannii)
D;OXA-800;NULL;OXA-51-like;blaOXA-800;QBQ03025;MK645912;NULL;view;NULL;NULL;NULL;carbapenemase;N (Acinetobacter baumannii)
D;OXA-801;NULL;OXA-270-like;blaOXA-801;QBQ03026;MK645913;NULL;view;NULL;NULL;NULL;carbapenemase;N (Acinetobacter pittii)
D;OXA-802;NULL;OXA-270-like;blaOXA-802;QBQ03027;MK645914;NULL;view;NULL;NULL;NULL;carbapenemase;N (Acinetobacter pittii)
D;OXA-803;NULL;OXA-270-like;blaOXA-803;QBQ03028;MK645915;NULL;view;NULL;NULL;NULL;carbapenemase;N (Acinetobacter pittii)
D;OXA-804;NULL;OXA-270-like;blaOXA-804;QBQ03029;MK645916;NULL;view;NULL;NULL;NULL;carbapenemase;N (Acinetobacter pittii)
D;OXA-805;NULL;OXA-213-like;blaOXA-805;QBQ03030;MK645917;NULL;view;NULL;NULL;NULL;carbapenemase;N (Acinetobacter oleivorans)
D;OXA-806;NULL;OXA-23-like;blaOXA-806;QBQ03031;MK645918;NULL;view;NULL;NULL;NULL;carbapenemase;N (Acinetobacter radioresistens)
D;OXA-807;NULL;OXA-23-like;blaOXA-807;QBQ03032;MK645919;NULL;view;NULL;NULL;NULL;carbapenemase;N (Acinetobacter radioresistens)
D;OXA-808;NULL;OXA-23-like;blaOXA-808;QBQ03033;MK645920;NULL;view;NULL;NULL;NULL;carbapenemase;N (Acinetobacter radioresistens)
D;OXA-809;NULL;OXA-23-like;blaOXA-809;QBQ03034;MK645921;NULL;view;NULL;NULL;NULL;carbapenemase;N (Acinetobacter radioresistens)
D;OXA-810;NULL;OXA-23-like;blaOXA-810;QBQ03035;MK645922;NULL;view;NULL;NULL;NULL;carbapenemase;N (Acinetobacter radioresistens)
D;OXA-811;NULL;OXA-23-like;blaOXA-811;QBQ03036;MK645923;NULL;view;NULL;NULL;NULL;carbapenemase;N (Acinetobacter radioresistens)
D;OXA-812;NULL;OXA-23-like;blaOXA-812;KCX39169;JMNM01000002;NULL;view;NULL;NULL;NULL;carbapenemase;N (Acinetobacter sp. 263903-1)
D;OXA-813;NULL;OXA-23-like;blaOXA-813;ACI26264;FJ195387;NULL;view;NULL;NULL;NULL;carbapenemase;N (Acinetobacter radioresistens)
D;OXA-814;NULL;OXA-23-like;blaOXA-814;EJO37454;ALIR01000002;NULL;view;NULL;NULL;NULL;carbapenemase;N (Acinetobacter radioresistens WC-A-157)
D;OXA-815;NULL;OXA-23-like;blaOXA-815;AWV85927;CP030031;NULL;view;NULL;NULL;NULL;carbapenemase;N (Acinetobacter radioresistens)
D;OXA-816;NULL;OXA-23-like;blaOXA-816;PKD84561;PISK01000039;NULL;view;NULL;NULL;NULL;carbapenemase;N (Acinetobacter radioresistens)
D;OXA-817;NULL;OXA-23-like;blaOXA-817;QBQ03042;MK645929;18195058 (DOI);view;NULL;NULL;NULL;carbapenemase;N (Acinetobacter radioresistens)
D;OXA-818;NULL;OXA-23-like;blaOXA-818;EXB35267;JEWP01000002;NULL;view;NULL;NULL;NULL;carbapenemase;N (Acinetobacter sp. 1461402)
D;OXA-819;NULL;OXA-213-like;blaOXA-819;EXS25020;JFYA01000002;NULL;view;NULL;NULL;NULL;carbapenemase;N (Acinetobacter baumannii 573719)
D;OXA-820;NULL;OXA-270-like;blaOXA-820;AZP29610;CP029610;NULL;view;NULL;NULL;NULL;carbapenemase;N (Acinetobacter pittii)
D;OXA-821;NULL;OXA-270-like;blaOXA-821;KRI80670;LLDE01000064;NULL;view;NULL;NULL;NULL;carbapenemase;N (Acinetobacter pittii)
D;OXA-822;NULL;OXA-213-like;blaOXA-822;QBX33276;MK713326;(DOI) 33201995;view;NULL;NULL;NULL;carbapenemase;N (Acinetobacter calcoaceticus AC_2117)
D;OXA-825;NULL;OXA-143-like;blaOXA-825;QCE31561;MK807021;NULL;view;NULL;NULL;NULL;carbapenemase;A
D;OXA-826;NULL;OXA-270-like;blaOXA-826;QCE31566;MK810442;NULL;view;NULL;NULL;NULL;carbapenemase;N (Acinetobacter pittii)
D;OXA-828;NULL;OXA-51-like;blaOXA-828;QCQ81077;MK913672;NULL;view;NULL;NULL;NULL;carbapenemase;N (Acinetobacter baumannii)
D;OXA-829;NULL;OXA-51-like;blaOXA-829;QCQ81078;MK913673;NULL;view;NULL;NULL;NULL;carbapenemase;N (Acinetobacter baumannii)
D;OXA-831;NULL;OXA-51-like;blaOXA-831;QCQ81090;MK933721;NULL;view;NULL;NULL;NULL;carbapenemase;N (Acinetobacter baumannii)
D;OXA-832;NULL;OXA-270-like;blaOXA-832;OTL21668;NGCT01000006;NULL;view;NULL;NULL;NULL;carbapenemase;N (Acinetobacter pittii)
D;OXA-834;NULL;OXA-51-like;blaOXA-834;QCH37038;CP039520;NULL;view;NULL;NULL;NULL;carbapenemase;N (Acinetobacter baumannii)
D;OXA-895;NULL;OXA-229-like;blaOXA-895;ATZ65705;CP018259;NULL;view;NULL;NULL;NULL;carbapenemase;N (Acinetobacter bereziniae)
D;OXA-897;NULL;OXA-24-like;blaOXA-897;QHI08147;MN920418;35412620 (DOI);view;NULL;NULL;NULL;carbapenemase;N (Acinetobacter baumannii)
D;OXA-898;NULL;OXA-60-like;blaOXA-898;QHT72948;MN968728;32169680 (DOI);view;NULL;NULL;NULL;carbapenemase;N (Ralstonia pickettii)
D;OXA-909;NULL;OXA-51-like;blaOXA-909;CAA0240533;CACSGU010000007;NULL;view;NULL;NULL;NULL;carbapenemase;N (Acinetobacter baumannii)
D;OXA-910;NULL;OXA-51-like;blaOXA-910;CAA0165441;CACSHE010000009;NULL;view;NULL;NULL;NULL;carbapenemase;N (Acinetobacter baumannii)
D;OXA-911;NULL;OXA-23-like;blaOXA-911;QIM14678;MT135153;NULL;view;NULL;NULL;NULL;carbapenemase;N (Acinetobacter baumannii)
D;OXA-915;NULL;OXA-134-like;blaOXA-915;BCD52723;LC537318;NULL;view;NULL;NULL;NULL;carbapenemase;N (Acinetobacter lwoffii)
D;OXA-916;NULL;OXA-51-like;blaOXA-916;QJR96166;MT437251;NULL;view;NULL;NULL;NULL;carbapenemase;N (Acinetobacter baumannii)
D;OXA-927;NULL;OXA-51-like;blaOXA-927;KGF59766;JRHB01000001;NULL;view;NULL;NULL;NULL;carbapenemase;N (Acinetobacter baumannii)
D;OXA-936;NULL;OXA-214-like;blaOXA-936;EFF81110;ADMT01000245;NULL;view;NULL;NULL;NULL;carbapenemase;N (Acinetobacter haemolyticus ATCC 19194)
D;OXA-938;NULL;OXA-51-like;blaOXA-938;OTK43719;NGCA01000034;NULL;view;NULL;NULL;NULL;carbapenemase;N (Acinetobacter baumannii)
D;OXA-939;NULL;OXA-51-like;blaOXA-939;OTK51605;NGCB01000015;NULL;view;NULL;NULL;NULL;carbapenemase;N (Acinetobacter baumannii)
D;OXA-940;NULL;OXA-51-like;blaOXA-940;OTT98548;NGII01000019;NULL;view;NULL;NULL;NULL;carbapenemase;N (Acinetobacter baumannii)
D;OXA-941;NULL;OXA-270-like;blaOXA-941;OTU41007;NGIW01000033;NULL;view;NULL;NULL;NULL;carbapenemase;N (Acinetobacter pittii)
D;OXA-942;NULL;OXA-270-like;blaOXA-942;OOT50557;MSOC01000027;NULL;view;NULL;NULL;NULL;carbapenemase;N (Acinetobacter pittii)
D;OXA-943;NULL;OXA-270-like;blaOXA-943;OTU23174;NGIO01000005;NULL;view;NULL;NULL;NULL;carbapenemase;N (Acinetobacter pittii)
D;OXA-944;NULL;OXA-274-like;blaOXA-944;QQP64032;MW474777;NULL;view;NULL;NULL;NULL;carbapenemase;N (Acinetobacter guillouiae)
D;OXA-945;NULL;OXA-143-like;blaOXA-945;QQY97506;MW527086;NULL;view;NULL;NULL;NULL;carbapenemase;A
D;OXA-946;NULL;OXA-679-like;blaOXA-946;QRM14289;MW581826;NULL;view;NULL;NULL;NULL;carbapenemase;N (Acinetobacter calcoaceticus)
D;OXA-947;NULL;OXA-679-like;blaOXA-947;QRM14290;MW581827;NULL;view;NULL;NULL;NULL;carbapenemase;N (Acinetobacter lactucae)
D;OXA-948;NULL;OXA-679-like;blaOXA-948;QRM14291;MW581828;NULL;view;NULL;NULL;NULL;carbapenemase;N (Acinetobacter pittii)
D;OXA-949;NULL;OXA-679-like;blaOXA-949;QRM14292;MW581829;NULL;view;NULL;NULL;NULL;carbapenemase;N (Acinetobacter lactucae)
D;OXA-952;NULL;OXA-229-like;blaOXA-952;QTG68655;MW805229;NULL;view;NULL;NULL;NULL;carbapenemase;N (Acinetobacter bereziniae)
D;OXA-953;NULL;OXA-229-like;blaOXA-953;MBJ8426923;JADWNN010000017;NULL;view;NULL;NULL;NULL;carbapenemase;N (Acinetobacter bereziniae)
D;OXA-954;NULL;OXA-51-like;blaOXA-954;QTG68657;MW805236;NULL;view;NULL;NULL;NULL;carbapenemase;N (Acinetobacter baumannii)
D;OXA-955;NULL;OXA-51-like;blaOXA-955;EGY4117187;AAYMEH010000029;NULL;view;NULL;NULL;NULL;carbapenemase;N (Acinetobacter baumannii)
D;OXA-960;NULL;OXA-55-like;blaOXA-960;QVO43834;MZ092827;NULL;view;NULL;NULL;NULL;carbapenemase;N (Shewanella chilikensis)
D;OXA-961;NULL;OXA-55-like;blaOXA-961;QVO43835;MZ092828;NULL;view;NULL;NULL;NULL;carbapenemase;N (Shewanella chilikensis)
D;OXA-962;NULL;OXA-55-like;blaOXA-962;BCV35319;AP024611;NULL;view;NULL;NULL;NULL;carbapenemase;N (Shewanella chilikensis)
D;OXA-963;NULL;OXA-55-like;blaOXA-963;QVO43837;MZ092830;NULL;view;NULL;NULL;NULL;carbapenemase;N (Shewanella algae)
D;OXA-964;NULL;OXA-55-like;blaOXA-964;AYV15061;CP033575;NULL;view;NULL;NULL;NULL;carbapenemase;N (Shewanella algae)
D;OXA-965;NULL;OXA-55-like;blaOXA-965;QVO43839;MZ092832;NULL;view;NULL;NULL;NULL;carbapenemase;N (Shewanella algae)
D;OXA-966;NULL;OXA-23-like;blaOXA-966;EET82620;ACVR01000032;NULL;view;NULL;NULL;NULL;carbapenemase;N (Acinetobacter radioresistens SK82)
D;OXA-967;NULL;OXA-23-like;blaOXA-967;QWA20166;MZ265719;NULL;view;NULL;NULL;NULL;carbapenemase;N (Acinetobacter radioresistens)
D;OXA-968;NULL;OXA-23-like;blaOXA-968;QWA20167;MZ265720;NULL;view;NULL;NULL;NULL;carbapenemase;N (Acinetobacter radioresistens)
D;OXA-969;NULL;OXA-23-like;blaOXA-969;QWA20168;MZ265721;NULL;view;NULL;NULL;NULL;carbapenemase;N (Acinetobacter radioresistens)
D;OXA-970;NULL;OXA-51-like;blaOXA-970;QWA20169;MZ265722;NULL;view;NULL;NULL;NULL;carbapenemase;N (Acinetobacter baumannii)
D;OXA-971;NULL;OXA-51-like;blaOXA-971;QWA20170;MZ265723;NULL;view;NULL;NULL;NULL;carbapenemase;N (Acinetobacter baumannii)
D;OXA-972;NULL;OXA-51-like;blaOXA-972;QWA20171;MZ265724;NULL;view;NULL;NULL;NULL;carbapenemase;N (Acinetobacter baumannii)
D;OXA-973;NULL;OXA-51-like;blaOXA-973;QWA20172;MZ265725;NULL;view;NULL;NULL;NULL;carbapenemase;N (Acinetobacter baumannii)
D;OXA-974;NULL;OXA-51-like;blaOXA-974;QWA20173;MZ265726;NULL;view;NULL;NULL;NULL;carbapenemase;N (Acinetobacter baumannii)
D;OXA-975;NULL;OXA-51-like;blaOXA-975;QWA20174;MZ265727;NULL;view;NULL;NULL;NULL;carbapenemase;N (Acinetobacter baumannii)
D;OXA-976;NULL;OXA-51-like;blaOXA-976;EKB35989;AKAS01000012;NULL;view;NULL;NULL;NULL;carbapenemase;N (Acinetobacter baumannii Ab33333)
D;OXA-977;NULL;OXA-51-like;blaOXA-977;QWA20176;MZ265729;NULL;view;NULL;NULL;NULL;carbapenemase;N (Acinetobacter baumannii)
D;OXA-978;NULL;OXA-270-like;blaOXA-978;QWA20177;MZ265730;NULL;view;NULL;NULL;NULL;carbapenemase;N (Acinetobacter pittii)
D;OXA-979;NULL;OXA-213-like;blaOXA-979;QWA20178;MZ265731;NULL;view;NULL;NULL;NULL;carbapenemase;N (Acinetobacter lactucae)
D;OXA-980;NULL;OXA-213-like;blaOXA-980;ARD29176;CP020015;NULL;view;NULL;NULL;NULL;carbapenemase;N (Acinetobacter lactucae)
D;OXA-983;NULL;OXA-229-like;blaOXA-983;QWA20182;MZ265735;NULL;view;NULL;NULL;NULL;carbapenemase;N (Acinetobacter bereziniae)
D;OXA-985;NULL;OXA-213-like;blaOXA-985;QWA20184;MZ265737;NULL;view;NULL;NULL;NULL;carbapenemase;N (Acinetobacter lactucae)
D;OXA-986;NULL;OXA-270-like;blaOXA-986;QWA20185;MZ265738;NULL;view;NULL;NULL;NULL;carbapenemase;N (Acinetobacter pittii)
D;OXA-987;NULL;OXA-213-like;blaOXA-987;QWA20186;MZ265739;NULL;view;NULL;NULL;NULL;carbapenemase;N (Acinetobacter oleivorans)
D;OXA-988;NULL;OXA-270-like;blaOXA-988;QWA20187;MZ265740;NULL;view;NULL;NULL;NULL;carbapenemase;N (Acinetobacter pittii)
D;OXA-989;NULL;OXA-213-like;blaOXA-989;QWA20188;MZ265741;NULL;view;NULL;NULL;NULL;carbapenemase;N (Acinetobacter lactucae)
D;OXA-990;NULL;OXA-213-like;blaOXA-990;QWA20189;MZ265742;NULL;view;NULL;NULL;NULL;carbapenemase;N (Acinetobacter calcoaceticus)
D;OXA-991;NULL;OXA-134-like;blaOXA-991;QWA20190;MZ265743;NULL;view;NULL;NULL;NULL;carbapenemase;N (Acinetobacter schindleri)
D;OXA-992;NULL;OXA-270-like;blaOXA-992;QWA20191;MZ265744;NULL;view;NULL;NULL;NULL;carbapenemase;N (Acinetobacter pittii)
D;OXA-1000;NULL;OXA-270-like;blaOXA-1000;QWA20199;MZ265752;NULL;view;NULL;NULL;NULL;carbapenemase;N (Acinetobacter pittii)
D;OXA-1001;NULL;OXA-229-like;blaOXA-1001;CEI52848;CDEL01000186;NULL;view;NULL;NULL;NULL;carbapenemase;N (Acinetobacter bereziniae)
D;OXA-1002;NULL;OXA-270-like;blaOXA-1002;QWA20202;MZ265755;NULL;view;NULL;NULL;NULL;carbapenemase;N (Acinetobacter pittii)
D;OXA-1003;NULL;OXA-213-like;blaOXA-1003;QWA20203;MZ265756;NULL;view;NULL;NULL;NULL;carbapenemase;N (Acinetobacter oleivorans)
D;OXA-1005;NULL;OXA-134-like;blaOXA-1005;QIC65882;CP044463;NULL;view;NULL;NULL;NULL;carbapenemase;N (Acinetobacter schindleri)
D;OXA-1007;NULL;OXA-213-like;blaOXA-1007;QWA20207;MZ265760;NULL;view;NULL;NULL;NULL;carbapenemase;N (Acinetobacter oleivorans)
D;OXA-1008;NULL;OXA-213-like;blaOXA-1008;QWA20208;MZ265761;NULL;view;NULL;NULL;NULL;carbapenemase;N (Acinetobacter lactucae)
D;OXA-1009;NULL;OXA-213-like;blaOXA-1009;QWA20209;MZ265762;NULL;view;NULL;NULL;NULL;carbapenemase;N (Acinetobacter calcoaceticus)
D;OXA-1010;NULL;OXA-213-like;blaOXA-1010;QWA20210;MZ265763;NULL;view;NULL;NULL;NULL;carbapenemase;N (Acinetobacter lactucae)
D;OXA-1013;NULL;OXA-51-like;blaOXA-1013;QWW93433;MZ424303;NULL;view;NULL;NULL;NULL;carbapenemase;N (Acinetobacter baumannii)
D;OXA-1016;NULL;OXA-372-like;blaOXA-1016;QWY90353;MZ449319;NULL;view;NULL;NULL;NULL;carbapenemase;A
D;OXA-1036;NULL;OXA-664-like;blaOXA-1036;AUX87883;CP026412;NULL;view;NULL;NULL;NULL;carbapenemase;N (Acinetobacter sp. ACNIH2)
D;OXA-1038;NULL;OXA-48-like;blaOXA-1038;UBJ91323;OK180617;37317299 (DOI);view;NULL;NULL;NULL;carbapenemase;A
D;OXA-1039;NULL;OXA-48-like;blaOXA-1039;KEK29525;JGVI01000025;37317299 (DOI);view;NULL;NULL;NULL;carbapenemase;N (Shewanella xiamenensis)
D;OXA-1040;NULL;OXA-24-like;blaOXA-1040;EHQ5755245;ABAXEG010000118;NULL;view;NULL;NULL;NULL;carbapenemase;N (Acinetobacter baumannii)
D;OXA-1041;NULL;OXA-1041-like;blaOXA-1041;MNF81523;RCUR01016391;36995982 (DOI);view;NULL;NULL;NULL;carbapenemase;A
D;OXA-1044;NULL;OXA-211-like;blaOXA-1044;UGY75799;OL809969;NULL;view;NULL;NULL;NULL;carbapenemase;N (Acinetobacter johnsonii)
D;OXA-1045;NULL;OXA-270-like;blaOXA-1045;HIN58255;DQPZ01000311;NULL;view;NULL;NULL;NULL;carbapenemase;N (Acinetobacter pittii)
D;OXA-1047;NULL;OXA-51-like;blaOXA-1047;UHO07585;OL901274;NULL;view;NULL;NULL;NULL;carbapenemase;N (Acinetobacter baumannii)
D;OXA-1048;NULL;OXA-51-like;blaOXA-1048;UHO07586;OL901275;NULL;view;NULL;NULL;NULL;carbapenemase;N (Acinetobacter baumannii)
D;OXA-1050;NULL;OXA-213-like;blaOXA-1050;UHO07589;OL901278;NULL;view;NULL;NULL;NULL;carbapenemase;N (Acinetobacter calcoaceticus)
D;OXA-1051;NULL;OXA-679-like;blaOXA-1051;UHO07590;OL901279;NULL;view;NULL;NULL;NULL;carbapenemase;N (Acinetobacter calcoaceticus)
D;OXA-1052;NULL;OXA-229-like;blaOXA-1052;UIC40481;OM105665;NULL;view;NULL;NULL;NULL;carbapenemase;N (Acinetobacter bereziniae)
D;OXA-1056;NULL;OXA-198-like;blaOXA-1056;UKC75978;OM460738;NULL;view;NULL;NULL;NULL;carbapenemase;A
D;OXA-1057;NULL;OXA-198-like;blaOXA-1057;UKC75979;OM460739;NULL;view;NULL;NULL;NULL;carbapenemase;A
D;OXA-1058;NULL;OXA-51-like;blaOXA-1058;ULU82603;OM617740;NULL;view;NULL;NULL;NULL;carbapenemase;N (Acinetobacter baumannii)
D;OXA-1059;NULL;OXA-51-like;blaOXA-1059;ULU82604;OM617741;NULL;view;NULL;NULL;NULL;carbapenemase;N (Acinetobacter baumannii)
D;OXA-1060;NULL;OXA-51-like;blaOXA-1060;ULU82605;OM617742;NULL;view;NULL;NULL;NULL;carbapenemase;N (Acinetobacter baumannii)
D;OXA-1061;NULL;OXA-51-like;blaOXA-1061;ULU82606;OM617743;NULL;view;NULL;NULL;NULL;carbapenemase;N (Acinetobacter baumannii)
D;OXA-1062;NULL;OXA-51-like;blaOXA-1062;ULU82607;OM617744;NULL;view;NULL;NULL;NULL;carbapenemase;N (Acinetobacter baumannii)
D;OXA-1063;NULL;OXA-51-like;blaOXA-1063;ULU82608;OM617745;NULL;view;NULL;NULL;NULL;carbapenemase;N (Acinetobacter baumannii)
D;OXA-1064;NULL;OXA-51-like;blaOXA-1064;ULU82609;OM617746;NULL;view;NULL;NULL;NULL;carbapenemase;N (Acinetobacter baumannii)
D;OXA-1065;NULL;OXA-51-like;blaOXA-1065;ULU82610;OM617747;NULL;view;NULL;NULL;NULL;carbapenemase;N (Acinetobacter baumannii)
D;OXA-1066;NULL;OXA-51-like;blaOXA-1066;ULU82612;OM617749;NULL;view;NULL;NULL;NULL;carbapenemase;N (Acinetobacter baumannii)
D;OXA-1067;NULL;OXA-51-like;blaOXA-1067;ULU82615;OM617752;NULL;view;NULL;NULL;NULL;carbapenemase;N (Acinetobacter baumannii)
D;OXA-1068;NULL;OXA-51-like;blaOXA-1068;ULU82617;OM617754;NULL;view;NULL;NULL;NULL;carbapenemase;N (Acinetobacter baumannii)
D;OXA-1069;NULL;OXA-51-like;blaOXA-1069;ULU82618;OM617755;NULL;view;NULL;NULL;NULL;carbapenemase;N (Acinetobacter baumannii)
D;OXA-1070;NULL;OXA-51-like;blaOXA-1070;ULU82619;OM617756;NULL;view;NULL;NULL;NULL;carbapenemase;N (Acinetobacter baumannii)
D;OXA-1071;NULL;OXA-51-like;blaOXA-1071;ULU82620;OM617757;NULL;view;NULL;NULL;NULL;carbapenemase;N (Acinetobacter baumannii)
D;OXA-1072;NULL;OXA-51-like;blaOXA-1072;ULU82621;OM617758;NULL;view;NULL;NULL;NULL;carbapenemase;N (Acinetobacter baumannii)
D;OXA-1073;NULL;OXA-51-like;blaOXA-1073;ULU82622;OM617759;NULL;view;NULL;NULL;NULL;carbapenemase;N (Acinetobacter baumannii)
D;OXA-1074;NULL;OXA-51-like;blaOXA-1074;ULU82623;OM617760;NULL;view;NULL;NULL;NULL;carbapenemase;N (Acinetobacter baumannii)
D;OXA-1075;NULL;OXA-51-like;blaOXA-1075;ULU82624;OM617761;NULL;view;NULL;NULL;NULL;carbapenemase;N (Acinetobacter baumannii)
D;OXA-1076;NULL;OXA-51-like;blaOXA-1076;MBU0301286;JAHKEE010000170;NULL;view;NULL;NULL;NULL;carbapenemase;N (Acinetobacter baumannii)
D;OXA-1077;NULL;OXA-51-like;blaOXA-1077;ULU82626;OM617763;NULL;view;NULL;NULL;NULL;carbapenemase;N (Acinetobacter baumannii)
D;OXA-1078;NULL;OXA-51-like;blaOXA-1078;ULU82627;OM617764;NULL;view;NULL;NULL;NULL;carbapenemase;N (Acinetobacter baumannii)
D;OXA-1079;NULL;OXA-51-like;blaOXA-1079;ULU82628;OM617765;NULL;view;NULL;NULL;NULL;carbapenemase;N (Acinetobacter baumannii)
D;OXA-1080;NULL;OXA-51-like;blaOXA-1080;ULU82629;OM617766;NULL;view;NULL;NULL;NULL;carbapenemase;N (Acinetobacter baumannii)
D;OXA-1081;NULL;OXA-24-like;blaOXA-1081;ULU82656;OM638107;NULL;view;NULL;NULL;NULL;carbapenemase;N (Acinetobacter bereziniae)
D;OXA-1092;NULL;OXA-51-like;blaOXA-1092;UMW71111;OL944013;NULL;view;NULL;NULL;NULL;carbapenemase;N (Acinetobacter baumannii)
D;OXA-1093;NULL;OXA-51-like;blaOXA-1093;UMW71112;OL944014;NULL;view;NULL;NULL;NULL;carbapenemase;N (Acinetobacter baumannii)
D;OXA-1109;NULL;OXA-51-like;blaOXA-1109;UOM32496;ON101846;NULL;view;NULL;NULL;NULL;carbapenemase;N (Acinetobacter baumannii)
D;OXA-1110;NULL;OXA-134-like;blaOXA-1110;MCO8083245;JAMXXN010000022;NULL;view;NULL;NULL;NULL;carbapenemase;N (Acinetobacter lwoffii)
D;OXA-1111;NULL;OXA-134-like;blaOXA-1111;UOM32498;ON101848;NULL;view;NULL;NULL;NULL;carbapenemase;N (Acinetobacter lwoffii)
D;OXA-1112;NULL;OXA-134-like;blaOXA-1112;MCO8080316;JAMXXR010000020;NULL;view;NULL;NULL;NULL;carbapenemase;N (Acinetobacter lwoffii)
D;OXA-1113;NULL;OXA-270-like;blaOXA-1113;UOM32500;ON101850;NULL;view;NULL;NULL;NULL;carbapenemase;N (Acinetobacter pittii)
D;OXA-1114;NULL;OXA-270-like;blaOXA-1114;UOM32501;ON101851;NULL;view;NULL;NULL;NULL;carbapenemase;N (Acinetobacter pittii)
D;OXA-1115;NULL;OXA-270-like;blaOXA-1115;UOM32502;ON101852;NULL;view;NULL;NULL;NULL;carbapenemase;N (Acinetobacter pittii)
D;OXA-1116;NULL;OXA-134-like;blaOXA-1116;UOM32503;ON101853;NULL;view;NULL;NULL;NULL;carbapenemase;N (Acinetobacter schindleri)
D;OXA-1117;NULL;OXA-51-like;blaOXA-1117;UOX08353;ON212676;36247096 (DOI);view;NULL;NULL;NULL;carbapenemase;N (Acinetobacter baumannii)
D;OXA-1118;NULL;OXA-51-like;blaOXA-1118;UOX08354;ON212677;36247096 (DOI);view;NULL;NULL;NULL;carbapenemase;N (Acinetobacter baumannii)
D;OXA-1121;NULL;OXA-51-like;blaOXA-1121;UTS94210;ON651457;NULL;view;NULL;NULL;NULL;carbapenemase;N (Acinetobacter baumannii)
D;OXA-1122;NULL;OXA-51-like;blaOXA-1122;UTS94211;ON651458;NULL;view;NULL;NULL;NULL;carbapenemase;N (Acinetobacter baumannii)
D;OXA-1123;NULL;OXA-51-like;blaOXA-1123;UTS94212;ON651459;NULL;view;NULL;NULL;NULL;carbapenemase;N (Acinetobacter baumannii)
D;OXA-1137;NULL;OXA-213-like;blaOXA-1137;UTS94246;ON651493;NULL;view;NULL;NULL;NULL;carbapenemase;N (Acinetobacter lactucae)
D;OXA-1138;NULL;OXA-270-like;blaOXA-1138;UTS94247;ON651494;NULL;view;NULL;NULL;NULL;carbapenemase;N (Acinetobacter pittii)
D;OXA-1139;NULL;OXA-143-like;blaOXA-1139;UTS94248;ON651495;NULL;view;NULL;NULL;NULL;carbapenemase;A
D;OXA-1144;NULL;OXA-229-like;blaOXA-1144;KKW81078;LBNA01000029;NULL;view;NULL;NULL;NULL;carbapenemase;N (Acinetobacter sp. Ag2)
D;OXA-1145;NULL;OXA-286-like;blaOXA-1145;UUM03678;OP131862;NULL;view;NULL;NULL;NULL;carbapenemase;N (Acinetobacter proteolyticus)
D;OXA-1149;NULL;OXA-1149-like;blaOXA-1149;UVA78447;CP102780;NULL;view;NULL;NULL;NULL;carbapenemase;N (Pandoraea commovens)
D;OXA-1150;NULL;OXA-270-like;blaOXA-1150;UVU92354;OP297830;NULL;view;NULL;NULL;NULL;carbapenemase;N (Acinetobacter pittii)
D;OXA-1151;NULL;OXA-213-like;blaOXA-1151;UVU92356;OP297832;NULL;view;NULL;NULL;NULL;carbapenemase;N (Acinetobacter calcoaceticus)
D;OXA-1152;NULL;OXA-1152-like;blaOXA-1152;UYF23589;OP626812;NULL;view;NULL;NULL;NULL;carbapenemase;N (Pandoraea sputorum)
D;OXA-1164;NULL;OXA-270-like;blaOXA-1164;UZF98455;OP745004;NULL;view;NULL;NULL;NULL;carbapenemase;N (Acinetobacter pittii)
D;OXA-1165;NULL;OXA-270-like;blaOXA-1165;UZF98457;OP745006;NULL;view;NULL;NULL;NULL;carbapenemase;N (Acinetobacter pittii)
D;OXA-1166;NULL;OXA-270-like;blaOXA-1166;MBN6528269;JAFJYU010000004;NULL;view;NULL;NULL;NULL;carbapenemase;N (Acinetobacter pittii)
D;OXA-1176;NULL;OXA-60-like;blaOXA-1176;BDT65866;LC739023;NULL;view;NULL;NULL;NULL;carbapenemase;N (Ralstonia mannitolilytica)
D;OXA-1178;NULL;OXA-58-like;blaOXA-1178;UZZ47413;OP895673;NULL;view;NULL;NULL;NULL;carbapenemase;N (Acinetobacter baumannii)
D;OXA-1182;NULL;OXA-143-like;blaOXA-1182;WAS27906;OP966823;NULL;view;NULL;NULL;NULL;carbapenemase;A
D;OXA-1185;NULL;OXA-213-like;blaOXA-1185;BDU78995;LC742738;NULL;view;NULL;NULL;NULL;carbapenemase;N (Acinetobacter calcoaceticus)
D;OXA-1186;NULL;OXA-198-like;blaOXA-1186;WEG43791;OQ442837;39319679 (DOI);view;NULL;NULL;NULL;carbapenemase;A
D;OXA-1189;NULL;OXA-213-like;blaOXA-1189;EKU39511;AMSS01000032;NULL;view;NULL;NULL;NULL;carbapenemase;N (Acinetobacter sp. WC-141)
D;OXA-1190;NULL;OXA-229-like;blaOXA-1190;TNL53308;SIRF01000003;NULL;view;NULL;NULL;NULL;carbapenemase;N (Acinetobacter bereziniae)
D;OXA-1191;NULL;OXA-229-like;blaOXA-1191;RSZ28318;LKDJ02000001;NULL;view;NULL;NULL;NULL;carbapenemase;N (Acinetobacter bereziniae)
D;OXA-1192;NULL;OXA-229-like;blaOXA-1192;WP_274945001;NG_157037;NULL;view;NULL;NULL;NULL;carbapenemase;N (Acinetobacter bereziniae)
D;OXA-1193;NULL;OXA-229-like;blaOXA-1193;MBJ8552058;JADWNY010000007;NULL;view;NULL;NULL;NULL;carbapenemase;N (Acinetobacter bereziniae)
D;OXA-1194;NULL;OXA-229-like;blaOXA-1194;MBJ8450702;JADWNU010000003;NULL;view;NULL;NULL;NULL;carbapenemase;N (Acinetobacter bereziniae)
D;OXA-1195;NULL;OXA-229-like;blaOXA-1195;WP_151825371;NG_157040;NULL;view;NULL;NULL;NULL;carbapenemase;N (Acinetobacter bereziniae)
D;OXA-1196;NULL;OXA-229-like;blaOXA-1196;WP_151810644;NG_157041;NULL;view;NULL;NULL;NULL;carbapenemase;N (Acinetobacter bereziniae)
D;OXA-1197;NULL;OXA-229-like;blaOXA-1197;WP_151713720;NG_157042;NULL;view;NULL;NULL;NULL;carbapenemase;N (Acinetobacter bereziniae)
D;OXA-1208;NULL;OXA-1208-like;blaOXA-1208;BEK62627;LC771429;NULL;view;NULL;NULL;NULL;carbapenemase;N (Acinetobacter sp.)
D;OXA-1214;NULL;OXA-51-like;blaOXA-1214;WLF01973;OR367330;NULL;view;NULL;NULL;NULL;carbapenemase;N (Acinetobacter baumannii)
D;OXA-1215;NULL;OXA-286-like;blaOXA-1215;WEI19547;CP119223;NULL;view;NULL;NULL;NULL;carbapenemase;N (Acinetobacter proteolyticus)
D;OXA-1216;NULL;OXA-23-like;blaOXA-1216;WLF01981;OR367338;NULL;view;NULL;NULL;NULL;carbapenemase;A
D;OXA-1217;NULL;OXA-51-like;blaOXA-1217;WLY62585;OR449067;NULL;view;NULL;NULL;NULL;carbapenemase;A
D;OXA-1218;NULL;OXA-51-like;blaOXA-1218;WLY62588;OR449070;NULL;view;NULL;NULL;NULL;carbapenemase;A
D;OXA-1219;NULL;OXA-51-like;blaOXA-1219;WLY62589;OR449071;NULL;view;NULL;NULL;NULL;carbapenemase;A
D;OXA-1220;NULL;OXA-51-like;blaOXA-1220;WLY62590;OR449072;NULL;view;NULL;NULL;NULL;carbapenemase;A
D;OXA-1222;NULL;OXA-270-like;blaOXA-1222;BER91150;LC777321;NULL;view;NULL;NULL;NULL;carbapenemase;N (Acinetobacter pittii)
D;OXA-1223;NULL;OXA-23-like;blaOXA-1223;WOL30562;OR695062;NULL;view;NULL;NULL;NULL;carbapenemase;A
D;OXA-1224;NULL;OXA-213-like;blaOXA-1224;AUM26516;CP018909;NULL;view;NULL;NULL;NULL;carbapenemase;N (Acinetobacter pittii)
D;OXA-1225;NULL;OXA-24-like;blaOXA-1225;WRW33976;PP125276;NULL;view;NULL;NULL;NULL;carbapenemase;N (Acinetobacter bereziniae)
D;OXA-1227;NULL;OXA-1152-like;blaOXA-1227;BFF41851;LC797989;NULL;view;NULL;NULL;NULL;carbapenemase;N (Pandoraea sputorum)
D;OXA-1228;NULL;OXA-1152-like;blaOXA-1228;BFF41852;LC797990;NULL;view;NULL;NULL;NULL;carbapenemase;N (Pandoraea sputorum)
D;OXA-1229;NULL;OXA-51-like;blaOXA-1229;WVW91693;PP328940;NULL;view;NULL;NULL;NULL;carbapenemase;N (Acinetobacter baumannii)
D;OXA-1230;NULL;OXA-51-like;blaOXA-1230;WVW91694;PP328941;NULL;view;NULL;NULL;NULL;carbapenemase;N (Acinetobacter baumannii)
D;OXA-1234;NULL;OXA-270-like;blaOXA-1234;WVW91705;PP328952;NULL;view;NULL;NULL;NULL;carbapenemase;N (Acinetobacter sp.)
D;OXA-1235;NULL;OXA-270-like;blaOXA-1235;WVW91706;PP328953;NULL;view;NULL;NULL;NULL;carbapenemase;N (Acinetobacter pittii)
D;OXA-1236;NULL;OXA-270-like;blaOXA-1236;WVW91707;PP328954;NULL;view;NULL;NULL;NULL;carbapenemase;N (Acinetobacter variabilis)
D;OXA-1237;NULL;OXA-270-like;blaOXA-1237;WP_334377767;NG_242587;NULL;view;NULL;NULL;NULL;carbapenemase;N (Acinetobacter pittii)
D;OXA-1239;NULL;NULL;blaOXA-1239;EJN1410403;ABHGGG010000076;NULL;view;NULL;NULL;NULL;carbapenemase;A
D;OXA-1241;NULL;OXA-23-like;blaOXA-1241;EMS7317483;NG_242744;NULL;view;NULL;NULL;NULL;carbapenemase;A
D;OXA-1249;NULL;OXA-51-like;blaOXA-1249;XBP46893;PP858917;NULL;view;NULL;NULL;NULL;carbapenemase;N (Acinetobacter baumannii ABAM62)
D;OXA-1264;NULL;OXA-153-like;blaOXA-1264;XGJ10589;PQ196143;NULL;view;NULL;NULL;NULL;carbapenemase;N (Pandoraea apista 2411469)
D;OXA-1265;NULL;OXA-51-like;blaOXA-1265;XGJ10591;PQ196145;NULL;view;NULL;NULL;NULL;carbapenemase;N (Acinetobacter baumannii 24A4062)
D;OXA-1266;NULL;OXA-213-like;blaOXA-1266;XGJ10592;PQ196146;NULL;view;NULL;NULL;NULL;carbapenemase;N (Acinetobacter pittii 24A4042)
D;OXA-1303;NULL;OXA-24-like;blaOXA-1303;EMI2597407;NG_243521;NULL;view;NULL;NULL;NULL;carbapenemase;A
D;OXA-1310;NULL;OXA-213-like;blaOXA-1310;XJP49366;PQ118408;NULL;view;NULL;NULL;NULL;carbapenemase;N (Acinetobacter pittii Aci-IMMIH-3)
D;OXA-1311;NULL;OXA-213-like;blaOXA-1311;XJP49367;PQ118409;NULL;view;NULL;NULL;NULL;carbapenemase;N (Acinetobacter pittii Aci-IMMIH-17)
D;OXA-1312;NULL;OXA-213-like;blaOXA-1312;XJP49368;PQ118410;NULL;view;NULL;NULL;NULL;carbapenemase;N (Acinetobacter pittii Aci-IMMIH-60)
D;OXA-1313;NULL;OXA-213-like;blaOXA-1313;XJP49369;PQ118411;NULL;view;NULL;NULL;NULL;carbapenemase;N (Acinetobacter pittii Aci-IMMIH-204)
D;OXA-1314;NULL;OXA-213-like;blaOXA-1314;XJP49370;PQ118412;NULL;view;NULL;NULL;NULL;carbapenemase;N (Acinetobacter pittii Aci-IMMIH-11)
D;OXA-1315;NULL;OXA-213-like;blaOXA-1315;XJP49371;PQ118413;NULL;view;NULL;NULL;NULL;carbapenemase;N (Acinetobacter pittii Aci-IMMIH-120)
D;OXA-1316;NULL;OXA-213-like;blaOXA-1316;XJP49372;PQ118414;NULL;view;NULL;NULL;NULL;carbapenemase;N (Acinetobacter pittii Aci-IMMIH-212)
D;OXA-1317;NULL;OXA-213-like;blaOXA-1317;XJP49373;PQ118415;NULL;view;NULL;NULL;NULL;carbapenemase;N (Acinetobacter pittii Aci-IMMIH-145)
D;OXA-1318;NULL;OXA-213-like;blaOXA-1318;XJP49374;PQ118416;NULL;view;NULL;NULL;NULL;carbapenemase;N (Acinetobacter pittii Aci-IMMIH-38)
D;OXA-1319;NULL;OXA-213-like;blaOXA-1319;XJP49375;PQ118417;NULL;view;NULL;NULL;NULL;carbapenemase;N (Acinetobacter sp. Aci-IMMIH-172)
D;OXA-1320;NULL;OXA-213-like;blaOXA-1320;XJP49376;PQ118418;NULL;view;NULL;NULL;NULL;carbapenemase;N (Acinetobacter lactucae Aci-IMMIH-29)
D;OXA-1321;NULL;OXA-213-like;blaOXA-1321;XJP49377;PQ118419;NULL;view;NULL;NULL;NULL;carbapenemase;N (Acinetobacter lactucae Aci-IMMIH-234)
D;OXA-1322;NULL;OXA-24-like;blaOXA-1322;EOA1230286;ABVZLG010000080;NULL;view;NULL;NULL;NULL;carbapenemase;A
D;OXA-1325;NULL;OXA-23-like;blaOXA-1325;MFH7896241;ABQHCR020000021;NULL;view;NULL;NULL;NULL;carbapenemase;A
D;OXA-1328;NULL;OXA-51-like;blaOXA-1328;XLQ25734;PQ659032;NULL;view;NULL;NULL;NULL;carbapenemase;N (Acinetobacter baumannii BUK-IK)
D;OXA-1329;NULL;OXA-51-like;blaOXA-1329;XLQ31174;PQ763677;NULL;view;NULL;NULL;NULL;carbapenemase;N (Acinetobacter baumannii 24A4313)
D;OXA-1330;NULL;OXA-143-like;blaOXA-1330;XLQ31175;PQ763678;NULL;view;NULL;NULL;NULL;carbapenemase;N (Acinetobacter pittii 24A4273)
D;OXA-1331;NULL;OXA-213-like;blaOXA-1331;XLQ31176;PQ763679;NULL;view;NULL;NULL;NULL;carbapenemase;N (Acinetobacter pittii 24A4171)
D;OXA-1335;NULL;OXA-51-like;blaOXA-1335;XOA00391;PV054823;NULL;view;NULL;NULL;NULL;carbapenemase;N (Acinetobacter baumannii 24A4333)
D;OXA-1336;NULL;OXA-51-like;blaOXA-1336;XOA00392;PV054824;NULL;view;NULL;NULL;NULL;carbapenemase;N (Acinetobacter baumannii 24A4355)
D;OXA-1337;NULL;OXA-51-like;blaOXA-1337;XOA00393;PV054825;NULL;view;NULL;NULL;NULL;carbapenemase;N (Acinetobacter baumannii 24A4347)
D;OXA-1338;NULL;OXA-51-like;blaOXA-1338;XOA00395;PV054827;NULL;view;NULL;NULL;NULL;carbapenemase;N (Acinetobacter baumannii 24A4390)
D;OXA-1339;NULL;OXA-51-like;blaOXA-1339;XOA00396;PV054828;NULL;view;NULL;NULL;NULL;carbapenemase;N (Acinetobacter baumannii 24A4411)
D;OXA-1340;NULL;OXA-51-like;blaOXA-1340;XOA00397;PV054829;NULL;view;NULL;NULL;NULL;carbapenemase;N (Acinetobacter baumannii 24A4427)
D;OXA-1341;NULL;OXA-51-like;blaOXA-1341;XOA00398;PV054830;NULL;view;NULL;NULL;NULL;carbapenemase;N (Acinetobacter baumannii 24A4434)
D;OXA-1342;NULL;OXA-213-like;blaOXA-1342;XOA00399;PV054831;NULL;view;NULL;NULL;NULL;carbapenemase;N (Acinetobacter pittii 24A4442)
D;OXA-1343;NULL;OXA-213-like;blaOXA-1343;XOA00400;PV054832;NULL;view;NULL;NULL;NULL;carbapenemase;N (Acinetobacter pittii 24A4299)
D;OXA-1344;NULL;OXA-213-like;blaOXA-1344;XOA00401;PV054833;NULL;view;NULL;NULL;NULL;carbapenemase;N (Acinetobacter pittii 24A4364)
D;OXA-1345;NULL;OXA-213-like;blaOXA-1345;XOA00402;PV054834;NULL;view;NULL;NULL;NULL;carbapenemase;N (Acinetobacter pittii 25A4468)
D;OXA-1346;NULL;OXA-213-like;blaOXA-1346;XOA00403;PV054835;NULL;view;NULL;NULL;NULL;carbapenemase;N (Acinetobacter geminorum 24A4362)
D;OXA-1347;NULL;OXA-213-like;blaOXA-1347;XOA00404;PV054836;NULL;view;NULL;NULL;NULL;carbapenemase;N (Acinetobacter oleivorans 25A4479)
D;OXA-1348;NULL;OXA-213-like;blaOXA-1348;XOA00405;PV054837;NULL;view;NULL;NULL;NULL;carbapenemase;N (Acinetobacter lactucae 25A4484)
D;OXA-1373;NULL;OXA-143-like;blaOXA-1373;XPD12778;PV088246;NULL;view;NULL;NULL;NULL;carbapenemase;N (Acinetobacter pittii NRZ-101171)
D;OXA-1374;NULL;OXA-51-like;blaOXA-1374;XPO98266;PV184585;NULL;view;NULL;NULL;NULL;carbapenemase;N (Acinetobacter baumannii 25A4508)
D;OXA-1375;NULL;OXA-229-like;blaOXA-1375;XPO98267;PV184586;NULL;view;NULL;NULL;NULL;carbapenemase;N (Acinetobacter bereziniae 25A4491)
D;OXA-1376;NULL;OXA-58-like;blaOXA-1376;XPO98261;PV184580;NULL;view;NULL;NULL;NULL;carbapenemase;N (Acinetobacter baumannii 25A4529)
D;OXA-P4;OXA-664;OXA-664-like;blaOXA-P4;DAB41835;BK010558;30247543 (DOI);view;NULL;NULL;NULL;carbapenemase;N (Acinetobacter tandoii DSM 14970 = CIP 107469)
D;RAD-1;NULL;NULL;blaRAD-1;EFT35635;AENH01000025;36883515 (DOI);view;NULL;NULL;NULL;carbapenemase;N (Riemerella anatipestifer RA-YM)
