Plasmid;replicon;mobility;mge_cluster;tnse1D;tnse2D;amr;virulence;metal;biocide;heat;acid;carba_alleles;length
S3846-2023-01-A10_bin_0;IncFIB(S);non-mobilizable;11.0;-10.02976949903395;39.47609178709489;;;;;;;;98177
S4006-2023-07-E05_bin_0;IncHI2,IncHI2A;conjugative;35.0;20.029139233412057;42.68307179748452;aph(3')-Ia,mcr-9.1,sul1;;terD,terW,terZ;;;;;724567
S3997-2023-07-C07_bin_0;Col440I;mobilizable;24.0;-8.035231765070861;20.042604645297764;;;;;;;;5154
S3696-2022-13-C05_bin_0;IncA/C2;conjugative;9.0;2.704140762388117;64.0697500677888;blaCMY-2,sul2;ybtP;;;;;;203372
S3696-2022-13-C05_bin_1;No hit found;mobilizable;-1.0;-4.148243539454222;29.72155811325534;;;;;;;;3372
S3595-2022-11-A02_bin_0;IncA/C2;conjugative;9.0;2.440613506430732;63.53729394808722;blaCMY-2,sul2;;;;;;;109468
S3595-2022-11-A02_bin_1;No hit found;mobilizable;-1.0;-4.000748899009827;29.683858856413774;;;;;;;;3372
S03576-2022-10-C11_bin_0;IncA/C2;conjugative;9.0;2.633810833154181;63.91506472569657;blaCMY-2,tet(A);ybtP;;;;;;184214
S03576-2022-10-C11_bin_1;IncX1;conjugative;-1.0;3.097759562919497;5.436329888674944;;;;;;;;37719
S03576-2022-10-C11_bin_2;ColRNAI;mobilizable;24.0;-7.498994543841881;22.07781687439508;;;;;;;;5669
S4315-2024-05-D05_bin_0;No hit found;conjugative;-1.0;14.60332294582619;29.15689116175445;;;;;;;;83335
S3821-2022-17-H04_bin_0;IncFII(S),IncX1;conjugative;-1.0;3.0993342186420767;5.4997131236328025;;spvD;;;;;;74607
S3821-2022-17-H04_bin_1;ColRNAI;mobilizable;24.0;-7.805585435955535;20.799321754305502;;;;;;;;3646
1092001303_bin_0;IncFIB(S),IncFII(S);conjugative;-1.0;10.556565963210028;27.982623905965404;;spvD;;;;;;93419
S03486-2022-08-B08_bin_0;No hit found;conjugative;9.0;3.0304307301646847;62.69515697622685;aadA1,aph(3')-Ia,dfrA14;ybtP;;;;;;347641
S4032-2023-09-A05_bin_0;No hit found;conjugative;9.0;2.5382850037274074;63.47673885251099;erm(B),sul1;ybtP;merC,merT;;;;;276768
S4032-2023-09-A05_bin_1;No hit found;conjugative;-1.0;3.128078950534735;4.928002461079694;;;;;;;;35939
S03435-2022-06-A09_bin_0;IncA/C2,IncI1;conjugative;9.0;2.548576446517171;63.95274650879663;blaCMY-2,tet(A);ybtP;;;;;;262890
S03435-2022-06-A09_bin_1;No hit found;mobilizable;24.0;-8.265552651253405;20.98221888259288;;;;;;;;3282
S03435-2022-06-A09_bin_2;ColpVC;mobilizable;-1.0;-7.042957984488619;33.73333202139034;;;;;;;;2096
S00751-2020-11-D05_bin_0;No hit found;conjugative;9.0;3.042194633020427;62.71687404438539;tet(A);ybtP;;;;;;274965
S4096-2023-11-E04_bin_Unbinned;IncX1;conjugative;-1.0;3.0981379612141917;5.520647868818005;;;;;;;;40283
S00922-2020-11-D10_bin_0;No hit found;conjugative;9.0;3.0336521567625687;62.70127853833403;aadA1,dfrA14;ybtP;;;;;;280689
S3895-2023-03-A07_bin_Unbinned;IncX1;conjugative;-1.0;3.0981379612141917;5.520647868818005;;;;;;;;40535
S3975-2023-04-E03_bin_0;IncHI2,IncHI2A;conjugative;35.0;20.056672610991026;42.69844528342119;mcr-9.1,sul1;;terD,terW,terZ;;;;;253065
S3975-2023-04-E03_bin_1;Col440I;mobilizable;30.0;-20.909451225992303;8.22672861103359;qnrB19;;;;;;;2699
69170919-salm-2020-10-G11_bin_0;No hit found;conjugative;9.0;3.0282875403731717;62.69304019123411;tet(A);ybtP;;;;;;273708
S4069-2023-14-E03_bin_0;IncA/C2;conjugative;9.0;2.752156029769973;64.05044735542305;blaCMY-2,tet(A);ybtP;;;;;;183809
S4069-2023-14-E03_bin_1;No hit found;mobilizable;-1.0;-4.148243539454222;29.72155811325534;;;;;;;;3372
S4069-2023-14-E03_bin_2;Col440I;mobilizable;30.0;-20.076429875757334;7.414741330978916;qnrB19;;;;;;;2989
S02610-2020-10-B11_bin_0;No hit found;conjugative;9.0;3.0382232024699847;62.71008611211371;tet(A);ybtP;;;;;;274960
S3682-2022-12-G05_bin_0;IncA/C2,IncI1;conjugative;9.0;2.5455639128712493;63.954097418838266;blaCMY-2,tet(A);ybtP;;;;;;251644
S3682-2022-12-G05_bin_1;IncX1;conjugative;-1.0;3.097759562919497;5.436329888674944;;;;;;;;37697
S3682-2022-12-G05_bin_2;No hit found;mobilizable;24.0;-9.604493165729217;22.00895853008992;;;;;;;;8305
S3682-2022-12-G05_bin_3;No hit found;mobilizable;0.0;-33.621781462368425;34.882617801916;;;;;;;;4074
S3682-2022-12-G05_bin_4;No hit found;mobilizable;24.0;-7.839506339061876;20.37085677894831;;;;;;;;3596
S4086-2023-11-C07_bin_0;IncA/C2;conjugative;37.0;8.015017862491632;40.56401549108082;blaCMY-2,tet(A);ybtP;;;;;;175630
S4086-2023-11-C07_bin_1;IncX1;conjugative;-1.0;3.097759562919497;5.436329888674944;;;;;;;;37697
S4086-2023-11-C07_bin_2;No hit found;mobilizable;-1.0;-4.148243539454222;29.72155811325534;;;;;;;;3373
S4086-2023-11-C07_bin_3;No hit found;mobilizable;41.0;-18.42402075994277;14.957456426751827;;;;;;;;1933
S3875-2023-02-D06_bin_0;No hit found;mobilizable;0.0;-33.15078725393241;34.97683392430584;;;;;;;;4065
S3875-2023-02-D06_bin_1;No hit found;mobilizable;-1.0;-4.148243539454222;29.72155811325534;;;;;;;;3374
S3875-2023-02-D06_bin_2;No hit found;non-mobilizable;-1.0;10.618179164252682;36.22661579202212;aph(3')-Ia,sul1;;;;;;;10919
S3875-2023-02-D06_bin_3;ColpVC;mobilizable;-1.0;-7.042957984488619;33.73333202139034;;;;;;;;2096
S3771-2022-16-A07_bin_0;IncFII(S),IncX1;conjugative;-1.0;3.0993342186420767;5.4997131236328025;;spvD;;;;;;74562
S3878-2023-02-H06_bin_0;IncA/C2;conjugative;9.0;1.6569636709638007;62.484169831740495;aph(3')-Ia,blaCMY-2,sul2;ybtP;;;;;;196164
S3878-2023-02-H06_bin_1;Col440I;mobilizable;30.0;-19.897037601434445;7.426249812165464;qnrB19;;;;;;;2989
S3878-2023-02-H06_bin_2;No hit found;mobilizable;24.0;-9.657653078189911;22.30590453135121;;;;;;;;2285
103200-018-016_bin_0;No hit found;non-mobilizable;-;-;-;;;;;;;;2443
S03398-2022-03-D06_bin_0;IncI1;conjugative;9.0;2.496736474967556;63.5606580594427;;;;;;;;91072
S03398-2022-03-D06_bin_1;No hit found;mobilizable;-1.0;-22.0488982312572;18.10893901076329;;;;;;;;5116
S03398-2022-03-D06_bin_2;No hit found;mobilizable;-1.0;-4.148243539454222;29.72155811325534;;;;;;;;3374
S03398-2022-03-D06_bin_3;Col440I;mobilizable;-1.0;-19.72292510183073;15.850904862291564;;;;;;;;1976
S3981-2023-04-F06_bin_0;IncX1;conjugative;-1.0;3.097980960796276;5.511304356302704;;;;;;;;42670
S4176-2023-15-E05_bin_0;IncFIB(AP001918),IncFIC(FII);conjugative;10.0;11.860553204331298;57.52555979720663;tet(M);;;;;;;99252
S4176-2023-15-E05_bin_1;No hit found;mobilizable;0.0;-35.24779522757544;34.736121950058504;;;;;;;;4074
S4176-2023-15-E05_bin_2;Col440I;mobilizable;-1.0;-19.70113750404212;15.85867462511646;;;;;;;;3830
6502100259_bin_Unbinned;IncX1;conjugative;-1.0;3.0981379612141917;5.520647868818005;;;;;;;;40536
S3808-2022-16-F11_bin_0;No hit found;mobilizable;-;-;-;;;;;;;;5907
S3808-2022-16-F11_bin_1;Col440I;mobilizable;-1.0;-23.14477943340054;18.931938540902628;;;;;;;;4146
S3808-2022-16-F11_bin_2;No hit found;mobilizable;24.0;-8.026065390238001;19.4201873425709;;;;;;;;3915
S3808-2022-16-F11_bin_Unbinned;IncFII(p96A);conjugative;-1.0;-2.037578178386251;35.21838250511723;;;;;;;;51091
S3677-2022-12-F07_bin_0;No hit found;conjugative;9.0;2.7224022920570548;63.38282873407267;aac(3)-IV,aadA1,blaCTX-M-65,dfrA14,floR;ybtP;;;;;;307927
S4020-2023-08-C08_bin_0;IncA/C2;conjugative;9.0;2.709661907176512;64.07131160129082;aadA1,blaCMY-2,sul2,tet(A);ybtP;;;;;;202028
S4020-2023-08-C08_bin_1;No hit found;mobilizable;-1.0;-4.148243539454222;29.72155811325534;;;;;;;;3372
S03592-2022-10-H10_bin_0;IncA/C2;conjugative;9.0;2.452787902590188;63.59334291581283;aph(3')-Ia,blaCMY-2,sul2;ybtP;;;;;;208241
S03592-2022-10-H10_bin_1;No hit found;mobilizable;-1.0;-4.000748899009827;29.683858856413774;;;;;;;;3372
S03592-2022-10-H10_bin_2;No hit found;mobilizable;-1.0;-24.13156346139211;20.196458561155392;;;;;;;;3223
S03592-2022-10-H10_bin_3;Col440I;mobilizable;30.0;-19.90926155022922;7.346564983037414;qnrB19;;;;;;;2989
S4010-2023-07-E09_bin_Unbinned;IncX1;conjugative;-1.0;3.0981379612141917;5.520647868818005;;;;;;;;40289
6502100577_bin_0;IncFIB(S);non-mobilizable;-1.0;-1.7767442878290918;35.165542508978575;;spvD;;;;;;52512
S4074-2023-14-E10_bin_0;No hit found;non-mobilizable;-1.0;10.618394874498994;36.22764933228368;aph(3')-Ia,sul1;;;;;;;405916
S4074-2023-14-E10_bin_1;IncI1;conjugative;9.0;2.133152328854385;63.73100583900838;blaTEM-1B;;;;;;;90907
S4185-2023-17-A03_bin_0;No hit found;non-mobilizable;-1.0;9.035134337321978;21.784998052567733;;;;;;;;101896
S3769-2022-15-E06_bin_0;IncA/C2;mobilizable;37.0;7.782455591021655;40.30109306526502;tet(A);;;;;;;80773
S3769-2022-15-E06_bin_1;No hit found;conjugative;9.0;2.470503607810708;63.56266371841078;blaCMY-2;;;;;;;89846
S3769-2022-15-E06_bin_2;IncX1;conjugative;-1.0;3.097759562919497;5.436329888674944;;;;;;;;37697
S3769-2022-15-E06_bin_3;No hit found;mobilizable;24.0;-8.30732112802332;19.569203807410823;;;;;;;;4003
S3769-2022-15-E06_bin_4;No hit found;mobilizable;-1.0;-4.148243539454222;29.72155811325534;;;;;;;;3374
S3769-2022-15-E06_bin_5;ColpVC;mobilizable;1.0;-20.72545603545952;38.90714056356387;;;;;;;;2257
S3819-2022-17-G04_bin_Unbinned;No hit found;non-mobilizable;-;-;-;;;;;;;;77002
S3646-2022-12-B02_bin_0;IncA/C2;conjugative;9.0;2.411806396307328;63.48139336745446;aph(3')-Ia,blaCMY-2,tet(A);ybtP;;;;;;199215
S3646-2022-12-B02_bin_1;No hit found;mobilizable;-1.0;-4.148243539454222;29.72155811325534;;;;;;;;3372
S3664-2022-12-E04_bin_0;IncA/C2,IncFII(pHN7A8),IncN;conjugative;10.0;6.975988573933795;58.342512009512106;aph(3')-Ia,blaCMY-2,blaCTX-M-55,fosA3,sul2;ybtP;;;;;;277943
S3664-2022-12-E04_bin_1;No hit found;mobilizable;-1.0;-4.148243539454222;29.72155811325534;;;;;;;;3372
S3664-2022-12-E04_bin_2;Col440I;mobilizable;30.0;-19.84288750156392;7.387609530955513;qnrB19;;;;;;;3109
S3664-2022-12-E04_bin_3;No hit found;mobilizable;-1.0;-26.061842945927182;21.726898693741536;;;;;;;;2210
S3942-2023-04-C03_bin_0;IncA/C2;conjugative;9.0;2.7521585901396106;64.05044748970933;blaCMY-2,tet(A);ybtP;;;;;;183787
S3942-2023-04-C03_bin_1;No hit found;mobilizable;-1.0;-4.000748899009827;29.683858856413774;;;;;;;;3372
S03559-2022-10-A01_bin_0;No hit found;conjugative;9.0;3.0404661662972945;62.7143966150546;tet(A);ybtP;;;;;;274961
S3837-2022-21-A10_bin_0;IncHI2,IncHI2A;conjugative;35.0;19.98060149111715;42.661856961533424;aph(3')-Ia,mcr-9.1;;terD,terW,terZ;;;;;331410
S3837-2022-21-A10_bin_1;IncA/C2;conjugative;9.0;2.415069138023058;63.48603416629086;blaCMY-2,tet(A);ybtP;;;;;;190367
S3837-2022-21-A10_bin_2;Col440I;mobilizable;30.0;-19.89703759469075;7.426249814178674;qnrB19;;;;;;;2978
S3839-2022-21-B02_bin_0;IncHI2,IncHI2A;conjugative;35.0;20.035624322490484;42.721373308308266;blaCTX-M-2,mcr-9.1,qacEdelta1;;merE,terD,terW,terZ;;;;;313444
S3839-2022-21-B02_bin_1;p0111;non-mobilizable;16.0;1.2367308145781544;44.10356952010198;;;;;;;;95058
S3839-2022-21-B02_bin_2;No hit found;mobilizable;-1.0;-4.148243539454222;29.72155811325534;;;;;;;;3373
S3651-2022-12-B12_bin_0;IncA/C2;conjugative;9.0;2.567850082960044;63.75393961363117;blaCMY-2,tet(A);ybtP;;;;;;186930
S3651-2022-12-B12_bin_1;IncX1;conjugative;-1.0;3.097759562919497;5.436329888674944;;;;;;;;37697
S3651-2022-12-B12_bin_2;ColpVC;mobilizable;-1.0;-7.042957984488619;33.73333202139034;;;;;;;;2096
S3618-2022-11-C04_bin_0;IncFII(S),IncX1;conjugative;-1.0;3.0993342186420767;5.4997131236328025;;spvD;;;;;;74571
6502100265_bin_0;IncX1;conjugative;-1.0;3.0981379612141917;5.520647868818005;;;;;;;;40536
S03467-2022-08-A12_bin_0;IncFII(S),IncX1;conjugative;-1.0;3.0993342186420767;5.4997131236328025;;spvD;;;;;;74590
S03467-2022-08-A12_bin_1;ColRNAI;mobilizable;24.0;-7.805585435955535;20.799321754305502;;;;;;;;3646
S4027-2023-08-C01_bin_0;IncX1;conjugative;-1.0;3.097980960796276;5.511304356302704;;;;;;;;42668
S3898-2023-03-B02_bin_Unbinned;IncI1;conjugative;9.0;2.405086079638496;63.618642279629206;;;;;;;;88410
6502100004_bin_0;No hit found;mobilizable;24.0;-7.483849563468104;22.12295068701855;;;;;;;;5569
6502100004_bin_1;Col440I;mobilizable;30.0;-19.897037601434445;7.426249812165464;qnrB19;;;;;;;2989
S4090-2023-11-D10_bin_0;No hit found;conjugative;9.0;3.034876838442436;62.70448890787031;dfrA14,tet(A);ybtP;;;;;;278856
S4095-2023-11-E03_bin_0;IncX1;conjugative;-1.0;3.097978721897294;5.5129200182983;;;;;;;;42607
S03359-2022-01-B07_bin_0;IncA/C2;conjugative;9.0;2.752156029769973;64.05044735542305;blaCMY-2,tet(A);ybtP;;;;;;184388
S03359-2022-01-B07_bin_1;No hit found;mobilizable;-1.0;-4.148243539454222;29.72155811325534;;;;;;;;3372
S4029-2023-08-F04_bin_0;IncX4;conjugative;9.0;2.840770749109675;62.39317696831092;blaTEM-1B,dfrA14,lnu(G),sul1;ybtP;;;;;;318752
S4029-2023-08-F04_bin_Isolated_0;No hit found;non-mobilizable;-;-;-;;;;;;;;18175
S3956-2023-04-D05_bin_Unbinned;IncX1;conjugative;-1.0;3.0981379612141917;5.520647868818005;;;;;;;;40536
S4055-2023-10-A04_bin_Unbinned;IncX1;conjugative;-1.0;3.0981379612141917;5.520647868818005;;;;;;;;40287
S3907-2023-03-E05_bin_0;IncX1;conjugative;-1.0;3.097978721897294;5.5129200182983;;;;;;;;42605
S3715-2022-13-E10_bin_0;IncA/C2,IncI1;conjugative;9.0;2.5455639128712493;63.954097418838266;blaCMY-2,tet(A);ybtP;;;;;;251645
S3715-2022-13-E10_bin_1;IncX1;conjugative;-1.0;3.097759562919497;5.436329888674944;;;;;;;;37697
S3715-2022-13-E10_bin_2;No hit found;mobilizable;24.0;-11.51614146252804;18.413750720618403;;;;;;;;4677
S3715-2022-13-E10_bin_3;No hit found;mobilizable;0.0;-33.621781462368425;34.882617801916;;;;;;;;4074
S3715-2022-13-E10_bin_4;No hit found;mobilizable;24.0;-7.839506339061876;20.37085677894831;;;;;;;;3596
S3715-2022-13-E10_bin_5;ColpVC;mobilizable;-1.0;-7.042957984488619;33.73333202139034;;;;;;;;2096
69257143-salm-2020-10-G12_bin_0;No hit found;conjugative;9.0;3.037637672263414;62.7089618198464;dfrA14,tet(A);ybtP;;;;;;278198
S00799-2020-11-D07_bin_0;IncFIA(HI1),IncHI1A,IncHI1B(R27);conjugative;-1.0;12.12304508004298;31.80335775119853;aadA1,blaTEM-1B,floR,qnrS1,sul2,sul3,tet(A),tet(M);;pcoA,pcoB,pcoC,silA,silB,silC,silF,silS;qacL;;;;238653
S03582-2022-10-D06_bin_0;IncA/C2,IncX4;conjugative;9.0;2.411841482522285;63.48274626579083;aph(3')-Ia,blaCMY-2,tet(A);ybtP;;;;;;235075
S03582-2022-10-D06_bin_1;Col440I;mobilizable;30.0;-19.897037601434445;7.426249812165464;qnrB19;;;;;;;2989
S03582-2022-10-D06_bin_2;No hit found;mobilizable;7.0;-31.305116238350585;14.97812517387344;;;;;;;;2494
S03582-2022-10-D06_bin_3;ColpVC;mobilizable;-1.0;-7.042957984488619;33.73333202139034;;;;;;;;2096
S4101-2023-11-F06_bin_0;IncX1;conjugative;-1.0;3.097980960796276;5.511304356302704;;;;;;;;42668
S3934-2023-04-A09_bin_0;IncA/C2;conjugative;9.0;2.7223148234863874;64.06926543778387;blaCMY-2,sul2;ybtP;;;;;;199674
S3934-2023-04-A09_bin_1;ColpVC;mobilizable;1.0;-20.51940562691027;38.1697160231234;;;;;;;;1983
S3934-2023-04-A09_bin_Unbinned;No hit found;mobilizable;24.0;-7.228754377397241;21.88073972325205;;;;;;;;6188
69749569-2020-11-A08_bin_0;No hit found;conjugative;9.0;3.3012939457805435;63.157918518785685;aadA1;ybtP;;;;;;273531
S4088-2023-11-C09_bin_0;IncA/C2,IncX4;conjugative;9.0;2.4563630834112087;63.60919003014814;aph(3')-Ia,blaCMY-2,sul2;ybtP;;;;;;240564
S4088-2023-11-C09_bin_1;No hit found;mobilizable;24.0;-7.136076206275122;24.30016538235112;;;;;;;;5615
S4088-2023-11-C09_bin_2;No hit found;mobilizable;24.0;-8.846025431322024;21.187675703270493;;;;;;;;3212
S4088-2023-11-C09_bin_3;ColpVC;mobilizable;-1.0;-7.042957984488619;33.73333202139034;;;;;;;;2096
S3541-2022-09-C02_bin_0;IncA/C2;conjugative;9.0;2.458612532023437;63.596646212875;aph(3')-Ia,blaCMY-2,sul2;ybtP;;;;;;195708
S3541-2022-09-C02_bin_1;Col440I;mobilizable;30.0;-19.897037601434445;7.426249812165464;qnrB19;;;;;;;2989
1092000464_bin_0;No hit found;non-mobilizable;41.0;-19.34232974448595;14.840049993767048;;;;;;;;3312
S4115-2023-14-B11_bin_0;IncX1;conjugative;-1.0;3.097980960796276;5.511304356302704;;;;;;;;42668
S03357-2022-01-B05_bin_0;IncA/C2;conjugative;9.0;2.453319096768473;63.594647136192776;aph(3')-Ia,blaCMY-2,sul2;ybtP;;;;;;208296
S03357-2022-01-B05_bin_1;No hit found;mobilizable;-1.0;-4.148243539454222;29.72155811325534;;;;;;;;3372
S03357-2022-01-B05_bin_2;No hit found;mobilizable;-1.0;-24.13156346139211;20.196458561155392;;;;;;;;3223
S03357-2022-01-B05_bin_3;Col440I;mobilizable;30.0;-19.916557833355004;7.487768646169196;qnrB19;;;;;;;2989
S3835-2022-20-G11_bin_0;IncFII(S),IncX1;conjugative;-1.0;3.0993342186420767;5.4997131236328025;;spvD;;;;;;74580
S4178-2023-16-A10_bin_0;IncA/C2;conjugative;9.0;2.721718383644097;64.06443512236196;blaCMY-2,tet(A);ybtP;;;;;;199005
S4178-2023-16-A10_bin_1;No hit found;mobilizable;-1.0;-4.148243539454222;29.72155811325534;;;;;;;;3372
S4310-2024-05-B03_bin_0;Col440I,Col440II;mobilizable;31.0;-18.232442635928056;20.92310439547281;;;;;;;;4779
S4310-2024-05-B03_bin_1;No hit found;mobilizable;-1.0;-4.148243539454222;29.72155811325534;;;;;;;;3370
S4310-2024-05-B03_bin_2;No hit found;non-mobilizable;-1.0;10.618179164252682;36.22661579202212;aph(3')-Ia,sul1;;;;;;;10919
S4310-2024-05-B03_bin_3;Col440I;mobilizable;30.0;-20.910188518979503;8.226962770902668;qnrB19;;;;;;;2699
S4310-2024-05-B03_bin_Unbinned;No hit found;non-mobilizable;-;-;-;;;;;;;;398371
S3659-2022-12-C09_bin_0;IncA/C2;conjugative;37.0;7.8901177142732575;40.49256569979124;sul2;ybtP;;;;;;172929
S3659-2022-12-C09_bin_1;IncX1;conjugative;-1.0;3.097759562919497;5.436329888674944;;;;;;;;37697
S3659-2022-12-C09_bin_2;No hit found;mobilizable;-1.0;-4.148243539454222;29.72155811325534;;;;;;;;3373
S3659-2022-12-C09_bin_3;ColpVC;mobilizable;-1.0;-7.042957984488619;33.73333202139034;;;;;;;;2096
1092000469_bin_0;IncI2;conjugative;10.0;11.362870512773714;64.02204684409189;;;;;;;;55857
1092000469_bin_1;IncFIA,IncFIB(AP001918);non-mobilizable;10.0;9.747354589805898;51.63921856226983;blaTEM-1B,floR,sul3;iucA,iucB,iucC;;;;;;65042
1092000469_bin_2;No hit found;mobilizable;24.0;-7.228458177763369;21.950335887357223;;;;;;;;6669
1092000469_bin_3;No hit found;mobilizable;0.0;-34.062578466670445;34.11313765529563;;;;;;;;4073
1092000469_bin_4;Col440I;mobilizable;30.0;-20.910188518979503;8.226962770902668;qnrB19;;;;;;;2699
1092000469_bin_Isolated_0;No hit found;conjugative;10.0;11.608046728904483;59.05184380012645;;;;;;;;32151
1092000469_bin_Isolated_1;No hit found;non-mobilizable;10.0;8.141530202373263;61.91057882243282;;;;;;;;11219
S3620-2022-11-C07_bin_0;IncX1;conjugative;-1.0;6.072204186842342;33.911275387725425;blaTEM-1B;;;;;;;45040
S3755-2022-15-B02_bin_0;IncFII(S),IncX1;conjugative;-1.0;3.099370158624571;5.499381898754632;;spvD;;;;;;74541
S3755-2022-15-B02_bin_1;IncFIA(HI1),IncFIB(pB171),IncFII(pCoo);conjugative;10.0;12.879091091689393;59.29323299606417;;;;;;;;79157
S00748-2020-11-D04_bin_0;No hit found;conjugative;9.0;3.042194633020427;62.71687404438539;tet(A);ybtP;;;;;;274965
S0063-2020-11-B04_bin_0;No hit found;conjugative;9.0;3.037637672263414;62.7089618198464;aadA1,dfrA14;ybtP;;;;;;278198
S3964-2023-16-B12_bin_0;IncA/C2,IncX4;conjugative;9.0;2.5223267783606724;63.57988407766084;blaCMY-2,tet(A);ybtP;;;;;;219949
S3964-2023-16-B12_bin_1;No hit found;mobilizable;-1.0;-4.148243539454222;29.72155811325534;;;;;;;;3372
S3699-2022-13-D01_bin_0;IncHI2,IncHI2A;conjugative;35.0;20.102130787162903;42.6969803922663;blaCTX-M-2,mcr-9.1,qacEdelta1,qnrE1;;terD,terW,terZ;;;;;324408
S3699-2022-13-D01_bin_1;p0111;non-mobilizable;16.0;1.2367308416932754;44.10356957922063;;;;;;;;95058
S3699-2022-13-D01_bin_2;No hit found;mobilizable;-1.0;-4.148243539454222;29.72155811325534;;;;;;;;3373
S3699-2022-13-D01_bin_3;Col440I;mobilizable;30.0;-19.897037601434445;7.426249812165464;;;;;;;;2978
6502100164_bin_0;IncQ1;mobilizable;23.0;-18.14806418920025;4.404573852106004;tet(A);;;;;;;11032
6502100164_bin_1;No hit found;mobilizable;24.0;-7.839506339061876;20.37085677894831;;;;;;;;3598
6502100164_bin_Isolated_0;IncFIB(S),IncFII(S);conjugative;-1.0;10.554497717990383;28.0059977107937;;spvD;;;;;;93756
S4175-2023-15-E04_bin_0;IncX4;conjugative;55.0;9.087609076236914;32.57998137328352;lnu(G);;;;;;;42688
S4175-2023-15-E04_bin_1;No hit found;mobilizable;43.0;-22.36674200045096;18.463550916028485;;;;;;;;4657
S4175-2023-15-E04_bin_2;Col156;mobilizable;11.0;-11.065207607490937;37.89589507376778;;;;;;;;4301
S4175-2023-15-E04_bin_Unbinned;No hit found;non-mobilizable;-;-;-;;;;;;;;398371
S3630-2022-11-E08_bin_0;IncA/C2;mobilizable;37.0;7.705701268712878;39.59713764068662;aph(3')-Ia,tet(A);ybtP;;;;;;151573
S3630-2022-11-E08_bin_1;No hit found;mobilizable;-1.0;-4.148243539454222;29.72155811325534;;;;;;;;3372
S4021-2023-08-C09_bin_0;Col440I;mobilizable;24.0;-7.74401258354772;21.28913037832157;;;;;;;;5792
S4021-2023-08-C09_bin_Unbinned;No hit found;non-mobilizable;-1.0;23.972130444596985;40.54867965577018;;;;;;;;1563
S00589-2020-11-C10_bin_0;No hit found;conjugative;9.0;3.0444726631588668;62.72125752741186;tet(A);ybtP;;;;;;273737
S4008-2023-07-E07_bin_Unbinned;IncX1;conjugative;-1.0;3.0981379612141917;5.520647868818005;;;;;;;;40288
S4266-2024-03-C04_bin_0;No hit found;conjugative;9.0;3.0361245601417566;62.706058350786286;dfrA14,tet(A);ybtP;;;;;;278416
S3866-2023-02-B04_bin_0;IncA/C2,IncX1;conjugative;9.0;2.226724602472873;63.277521867397375;blaCMY-2,tet(A);;silS;;;;;131398
S3866-2023-02-B04_bin_1;No hit found;mobilizable;-1.0;-4.148243539454222;29.72155811325534;;;;;;;;3374
S3866-2023-02-B04_bin_2;ColRNAI;mobilizable;24.0;-9.705053231951196;22.40634227428235;;;;;;;;3256
S3866-2023-02-B04_bin_3;No hit found;mobilizable;-1.0;-24.13156346139211;20.196458561155392;;;;;;;;3223
S3866-2023-02-B04_bin_4;ColpVC;mobilizable;-1.0;-7.042957984488619;33.73333202139034;;;;;;;;2095
S3866-2023-02-B04_bin_Unbinned;No hit found;non-mobilizable;-1.0;10.287085277035676;36.67086151130947;;;;;;;;2846
S4038-2023-09-C07_bin_0;IncX1;conjugative;-1.0;3.097980960796276;5.511304356302704;;;;;;;;42668
S3615-2022-11-C01_bin_0;ColpVC;mobilizable;1.0;-20.51940562691027;38.1697160231234;;;;;;;;1983
S3670-2022-12-E10_bin_0;IncA/C2;conjugative;37.0;8.146297381629259;40.52158754947015;blaCMY-2,tet(A);ybtP;;;;;;190239
S4199-2023-17-F04_bin_0;IncX4;conjugative;9.0;2.840770749109675;62.39317696831092;blaTEM-1B,dfrA14,lnu(G),sul1;ybtP;;;;;;318756
S4199-2023-17-F04_bin_Isolated_0;No hit found;non-mobilizable;-;-;-;;;;;;;;18175
S4092-2023-11-D12_bin_0;IncN;conjugative;-1.0;17.848036732979207;38.93711559804687;lnu(F);;;;;;;37207
S4092-2023-11-D12_bin_1;No hit found;mobilizable;24.0;-7.141182034977042;24.31596862936788;;;;;;;;5631
S4092-2023-11-D12_bin_2;ColpVC;mobilizable;1.0;-20.51940562691027;38.1697160231234;;;;;;;;1983
S03458-2022-07-D07_bin_0;No hit found;mobilizable;-1.0;-4.148243539454222;29.72155811325534;;;;;;;;3373
S3535-2022-09-A11_bin_0;IncFII(S),IncX1;conjugative;-1.0;3.0993342186420767;5.4997131236328025;;spvD;;;;;;74563
S3767-2022-15-D10_bin_0;p0111;non-mobilizable;16.0;1.2364182398799162;44.10446343954895;;;;;;;;88693
1092001743_bin_0;IncFIB(S),IncFII(S);non-mobilizable;-1.0;14.47223337102288;39.36144640859536;;spvD;;;;;;58043
S3542-2022-09-C03_bin_0;IncFIA(HI1),IncHI1A,IncHI1B(R27);conjugative;-1.0;19.019490544863395;37.54301975431851;aadA2,qnrS1,tet(A);;;;;;;193353
S3542-2022-09-C03_bin_1;Col440II;mobilizable;31.0;-18.679856175374518;20.513717183549584;;;;;;;;5430
S03451-2022-07-B06_bin_0;IncFIB(S),IncFII(S);conjugative;-1.0;10.553665023862475;27.986763517164917;;spvD;;;;;;93659
S3811-2022-16-G07_bin_0;IncFIB(S),IncFII(S);non-mobilizable;-1.0;14.47223337102288;39.36144640859536;;spvD;;;;;;59072
S3811-2022-16-G07_bin_1;IncX1;conjugative;-1.0;3.097718064335393;5.498415195499369;;;;;;;;46065
S3811-2022-16-G07_bin_2;No hit found;mobilizable;24.0;-7.8346218204942435;20.36379202927996;;;;;;;;3610
S4260-2024-03-A03_bin_0;IncFII(S),IncX1;conjugative;-1.0;3.099370158624571;5.499381898754632;;spvD;;;;;;74542
S4240-2024-01-C12_bin_0;IncX1;conjugative;-1.0;3.097980960796276;5.511304356302704;;;;;;;;42668
S02208-2020-10-B08_bin_0;No hit found;conjugative;9.0;3.0382232024699847;62.71008611211371;tet(A);ybtP;;;;;;274960
1092000550_bin_0;IncFIB(S),IncFII(S);conjugative;-1.0;10.553665023862475;27.986763517164917;;spvD;;;;;;93505
6502100216_bin_0;IncX1;conjugative;-1.0;3.097980960796276;5.511304356302704;;;;;;;;42668
S03469-2022-08-B02_bin_0;No hit found;non-mobilizable;55.0;9.983960560253138;30.637532690725877;floR;;;;;;;7910
S03469-2022-08-B02_bin_Unbinned;No hit found;non-mobilizable;-;-;-;;;;;;;;77175
S03433-2022-05-E11_bin_0;IncA/C2;conjugative;9.0;2.4504684060058657;63.54831187829404;aph(3')-Ia,blaCMY-2,tet(A);ybtP;;;;;;203121
S03433-2022-05-E11_bin_1;No hit found;mobilizable;-1.0;-4.148243539454222;29.72155811325534;;;;;;;;3372
S03433-2022-05-E11_bin_2;No hit found;mobilizable;-1.0;-24.131420661383395;20.19695441469952;;;;;;;;3223
S03433-2022-05-E11_bin_3;Col440I;mobilizable;30.0;-19.897037601434445;7.426249812165464;qnrB19;;;;;;;2989
S4172-2023-15-E01_bin_0;IncA/C2;conjugative;9.0;2.451658000645509;63.58981434722212;aph(3')-Ia,blaCMY-2,sul2;ybtP;;;;;;203580
S4172-2023-15-E01_bin_1;Col440I;mobilizable;24.0;-8.03992901670703;20.03455947549964;;;;;;;;3003
S3550-2022-09-E03_bin_0;IncFIA(HI1),IncHI1A,IncHI1B(R27);conjugative;-1.0;19.019490544863395;37.54301975431851;lnu(F),qnrS1,tet(A);;;;;;;193353
S3550-2022-09-E03_bin_1;Col440II;mobilizable;31.0;-18.677780140334317;20.512548708892268;;;;;;;;5430
S4061-2024-03-C01_bin_0;IncA/C2;conjugative;9.0;2.4423468667711674;65.36402765863149;blaCMY-2,tet(A);ybtP;;;;;;190817
S4061-2024-03-C01_bin_1;IncX1;conjugative;-1.0;3.097759562919497;5.436329888674944;;;;;;;;37686
S4061-2024-03-C01_bin_2;No hit found;mobilizable;-1.0;-4.148243539454222;29.72155811325534;;;;;;;;3371
S4061-2024-03-C01_bin_3;ColpVC;mobilizable;-1.0;-7.042957984488619;33.73333202139034;;;;;;;;2096
S3966-2023-04-G02_bin_Unbinned;IncX1;conjugative;-1.0;3.0981379612141917;5.520647868818005;;;;;;;;40534
S3998-2023-07-C08_bin_0;IncI1,IncX4;conjugative;9.0;2.4258428925109308;64.14762683910362;blaTEM-1B,lnu(G),sat2;;;;;;;129554
S3927-2023-04-A02_bin_0;IncA/C2;conjugative;37.0;8.181019991293773;40.63642790636547;blaCMY-2,tet(A);ybtP;;;;;;210831
S3927-2023-04-A02_bin_1;IncX1;conjugative;-1.0;3.097759562919497;5.436329888674944;;;;;;;;37697
S3927-2023-04-A02_bin_2;No hit found;mobilizable;24.0;-8.303617159519035;23.785706532711487;;;;;;;;6052
S3927-2023-04-A02_bin_3;ColpVC;mobilizable;-1.0;-7.042957984488619;33.73333202139034;;;;;;;;2096
S3927-2023-04-A02_bin_4;Col(BS512);non-mobilizable;2.0;-22.074710689359677;34.51032062272027;;;;;;;;2089
S3815-2022-17-B03_bin_0;IncA/C2,IncI1;conjugative;9.0;2.5455639128712493;63.954097418838266;blaCMY-2,sul2;ybtP;;;;;;252250
S3815-2022-17-B03_bin_1;IncX1;conjugative;-1.0;3.097759562919497;5.436329888674944;;;;;;;;37697
S3815-2022-17-B03_bin_2;No hit found;mobilizable;24.0;-11.51614146252804;18.413750720618403;;;;;;;;4677
6502100161_bin_0;IncX1;conjugative;-1.0;3.0981379612141917;5.520647868818005;;;;;;;;40536
S4179-2023-16-B02_bin_0;No hit found;mobilizable;-1.0;-22.07135951365696;18.1377646809666;;;;;;;;4656
S3740-2022-14-F09_bin_0;IncX4;conjugative;55.0;9.10901572733628;32.58730405084677;aadA1;;;;;;;43147
S3740-2022-14-F09_bin_1;Col440I;mobilizable;-1.0;-19.713262097947748;15.873399978213582;;;;;;;;3830
S4161-2023-13-C09_bin_0;IncHI2,IncHI2A;conjugative;35.0;20.056672610991026;42.69844528342119;mcr-9.1,sul1;;terD,terW,terZ;;;;;248367
S4161-2023-13-C09_bin_1;Col440I;mobilizable;30.0;-20.909484082356677;8.227364381233434;;;;;;;;2699
1092000468_bin_0;No hit found;non-mobilizable;41.0;-19.34232974448595;14.840049993767048;;;;;;;;3312
S3710-2022-13-E03_bin_0;IncFIA(HI1),IncHI1A,IncHI1B(R27);conjugative;-1.0;19.019443905900683;37.54302780156232;AAC(6')-Iy,aadA2,mph(A),tet(A);;;;;;;682232
S3710-2022-13-E03_bin_1;No hit found;mobilizable;-1.0;-4.148243539454222;29.72155811325534;;;;;;;;3374
S03459-2022-07-D08_bin_0;No hit found;conjugative;9.0;2.026300700413823;63.668051001744736;;;;;;;;125973
S03459-2022-07-D08_bin_1;No hit found;non-mobilizable;45.0;21.93562280983404;24.318344391329774;;;;;;;;47137
S03459-2022-07-D08_bin_Unbinned;No hit found;non-mobilizable;10.0;11.367959658136389;64.03153979687707;;;;;;;;18145
S4239-2024-01-C11_bin_0;IncA/C2;conjugative;9.0;2.707939958852559;64.0781467748449;blaCMY-2,tet(A);ybtP;;;;;;203272
S4239-2024-01-C11_bin_1;No hit found;mobilizable;24.0;-7.839506339061876;20.37085677894831;;;;;;;;3600
S4239-2024-01-C11_bin_2;No hit found;mobilizable;-1.0;-4.148243539454222;29.72155811325534;;;;;;;;3372
S4239-2024-01-C11_bin_3;Col440I;mobilizable;30.0;-19.87080591261001;7.496043697237661;qnrB19;;;;;;;2989
S4239-2024-01-C11_bin_4;ColpVC;mobilizable;1.0;-20.72545603545952;38.90714056356387;;;;;;;;2257
S3720-2022-13-G03_bin_0;IncA/C2,IncI1;conjugative;9.0;2.5455639128712493;63.954097418838266;blaCMY-2,sul2;ybtP;;;;;;251644
S3720-2022-13-G03_bin_1;IncX1;conjugative;-1.0;3.097759562919497;5.436329888674944;;;;;;;;37697
S3720-2022-13-G03_bin_2;No hit found;mobilizable;24.0;-11.51614146252804;18.413750720618403;;;;;;;;4677
S3691-2022-13-B09_bin_0;IncFII(S),IncX1;conjugative;-1.0;3.0993342186420767;5.4997131236328025;;spvD;;;;;;74572
S3674-2022-12-F04_bin_0;IncA/C2;conjugative;9.0;2.7222629375152354;64.0659188134276;blaCMY-2,sul2;ybtP;;;;;;198902
S3674-2022-12-F04_bin_1;No hit found;mobilizable;24.0;-7.296869903994427;22.338401808439684;;;;;;;;5444
S3919-2023-03-F05_bin_0;IncA/C2;conjugative;9.0;2.717701263835153;64.04690860417762;blaCMY-2,sul2;ybtP;;;;;;184445
S3919-2023-03-F05_bin_1;Col440I;mobilizable;30.0;-19.897037601434445;7.426249812165464;qnrB19;;;;;;;2989
S3988-2023-05-F08_bin_0;IncX1;conjugative;-1.0;3.097980960796276;5.511304356302704;;;;;;;;42668
S3971-2023-04-H03_bin_0;IncX1;conjugative;-1.0;3.097976878218657;5.512721916163208;;;;;;;;42613
1092000547_bin_0;No hit found;conjugative;-1.0;-3.456232230583803;25.317639634500097;;;;;;;;37836
1092000547_bin_1;Col440I;mobilizable;24.0;-8.281031177163099;23.16162789666572;;;;;;;;4555
1092000547_bin_Isolated_0;IncFIB(S),IncFII(S);conjugative;-1.0;10.187206637564596;27.85453603536803;;spvD;;;;;;81534
1092000547_bin_Isolated_1;No hit found;non-mobilizable;10.0;8.493399943466779;62.15981828451418;;;;;;;;12365
S3965-2023-04-F10_bin_0;IncA/C2,IncX1;conjugative;9.0;2.796348562493448;64.11374298335768;aadA1,aph(3'')-Ib,aph(3')-Ia,aph(6)-Id,blaCMY-2,floR,sul2,tet(A);ybtP;;;;;;250691
S3965-2023-04-F10_bin_1;No hit found;mobilizable;24.0;-7.227481129076458;21.950666396525246;;;;;;;;6647
S4046-2024-03-B01_bin_0;IncA/C2;conjugative;9.0;2.418083710271007;63.49291359340047;aph(3')-Ia,blaCMY-2,tet(A);ybtP;;;;;;199158
S4046-2024-03-B01_bin_1;No hit found;mobilizable;-1.0;-22.07248972487438;18.13879236875417;;;;;;;;4657
S4046-2024-03-B01_bin_2;No hit found;mobilizable;0.0;-34.96598136967727;35.01673034847188;;;;;;;;4072
S4046-2024-03-B01_bin_3;Col440I;mobilizable;30.0;-19.897037601434445;7.426249812165464;qnrB19;;;;;;;2989
S4022-2023-08-C12_bin_0;No hit found;mobilizable;24.0;-7.426191155101705;21.99000503657781;;;;;;;;5055
S4022-2023-08-C12_bin_1;No hit found;mobilizable;-1.0;-4.169498492899306;29.7345746178375;;;;;;;;3373
S4022-2023-08-C12_bin_2;No hit found;mobilizable;-;-;-;;;;;;;;3351
S3891-2023-02-F04_bin_0;IncX4;conjugative;9.0;2.8688967968088317;62.4407065730746;aadA1;ybtP;;;;;;303606
S03524-2022-08-F02_bin_0;No hit found;conjugative;9.0;3.034512906818614;62.70403415512898;aadA1,dfrA14;ybtP;;;;;;278356
S3600-2022-11-A11_bin_0;IncFIB(S),IncFII(S);conjugative;-1.0;10.553665023862475;27.986763517164917;;spvD;;;;;;93466
S3706-2022-13-D10_bin_0;IncA/C2,IncI1;conjugative;9.0;2.5455639128712493;63.954097418838266;blaCMY-2,sul2;ybtP;;;;;;251644
S3706-2022-13-D10_bin_1;IncX1;conjugative;-1.0;3.097759562919497;5.436329888674944;;;;;;;;37697
S3706-2022-13-D10_bin_2;No hit found;mobilizable;24.0;-9.60697653222726;21.998125379565344;;;;;;;;8587
S3706-2022-13-D10_bin_3;No hit found;mobilizable;0.0;-33.62207851242687;34.88334244315041;;;;;;;;4074
S3706-2022-13-D10_bin_4;ColRNAI;mobilizable;24.0;-7.8432832286917025;20.367682507874477;;;;;;;;3596
S3706-2022-13-D10_bin_5;ColpVC;mobilizable;-1.0;-7.042957984488619;33.73333202139034;;;;;;;;2096
S3943-2023-04-C09_bin_0;No hit found;mobilizable;24.0;-7.434163880888683;21.99848381752402;;;;;;;;5055
S3943-2023-04-C09_bin_1;No hit found;mobilizable;-1.0;-4.169498492899306;29.7345746178375;;;;;;;;3373
S3943-2023-04-C09_bin_2;No hit found;mobilizable;-;-;-;;;;;;;;3351
S4237-2024-01-C06_bin_0;IncHI2,IncHI2A;conjugative;35.0;20.03080217635998;42.68442605373964;aph(3')-Ia,mcr-9.1,sul1;;terD,terW,terZ;;;;;724065
S4237-2024-01-C06_bin_1;No hit found;mobilizable;24.0;-7.141182034977042;24.31596862936788;;;;;;;;5631
S3731-2022-14-B09_bin_0;IncFII(S),IncX1;conjugative;-1.0;3.0993342186420767;5.4997131236328025;;spvD;;;;;;74584
S3731-2022-14-B09_bin_1;ColRNAI;mobilizable;24.0;-7.805585435955535;20.799321754305502;;;;;;;;3646
6502100112_bin_0;IncA/C2;conjugative;9.0;2.2567998948547454;63.30998557743515;sul2;ybtP;;;;;;155324
6502100112_bin_1;No hit found;mobilizable;24.0;-7.355892344802539;21.788450074952586;;;;;;;;4936
6502100112_bin_2;Col440I;mobilizable;30.0;-19.897037601434445;7.426249812165464;qnrB19;;;;;;;2978
S03565-2022-10-A07_bin_0;IncA/C2;mobilizable;37.0;7.818316406854219;39.7736720727552;sul2;;;;;;;73624
S03565-2022-10-A07_bin_1;No hit found;conjugative;9.0;2.4736094868578635;63.564295900222746;blaCMY-2;ybtP;;;;;;114564
S03565-2022-10-A07_bin_2;IncX1;conjugative;-1.0;3.097759562919497;5.436329888674944;;;;;;;;37697
S03565-2022-10-A07_bin_3;No hit found;mobilizable;24.0;-8.016219921685334;20.385706222225284;;;;;;;;3565
S03565-2022-10-A07_bin_4;No hit found;mobilizable;24.0;-8.839398240119683;21.185523790810272;;;;;;;;3212
S03565-2022-10-A07_bin_5;ColpVC;mobilizable;-1.0;-7.042957984488619;33.73333202139034;;;;;;;;2096
69861458-2020-11-B01_bin_0;No hit found;conjugative;9.0;3.039502991387869;62.71218952026927;dfrA14,tet(A);ybtP;;;;;;279487
S4037-2023-09-C06_bin_0;IncFII(S),IncX1;conjugative;-1.0;3.0993342186420767;5.4997131236328025;;spvD;;;;;;74571
S4107-2023-11-G07_bin_0;IncX1;conjugative;-1.0;3.097980960796276;5.511304356302704;;;;;;;;42668
S4323-2024-05-H09_bin_0;IncFII(S),IncX1;conjugative;-1.0;3.0993342186420767;5.4997131236328025;;spvD;;;;;;74572
S03456-2022-07-D05_bin_0;IncA/C2;conjugative;9.0;2.720764068743992;64.06598151002166;blaCMY-2,sul2;ybtP;;;;;;198313
S03456-2022-07-D05_bin_1;No hit found;mobilizable;24.0;-7.227481129076458;21.950666396525246;;;;;;;;6647
S03456-2022-07-D05_bin_2;No hit found;mobilizable;-1.0;-24.131534632248457;20.19656209425891;;;;;;;;3223
S03434-2022-06-A08_bin_0;Col440I;mobilizable;-1.0;-19.69922703573284;15.853419800467885;;;;;;;;3830
S03434-2022-06-A08_bin_1;No hit found;non-mobilizable;-1.0;10.607299380124989;35.808517161513734;aadA5,sul1;;;;;;;6048
6502100385_bin_0;ColRNAI;mobilizable;24.0;-7.445737283596371;22.009099113017704;;;;;;;;5055
S3649-2022-12-B10_bin_0;IncA/C2;conjugative;9.0;2.633810833154181;63.91506472569657;blaCMY-2,tet(A);;;;;;;184818
S3649-2022-12-B10_bin_1;IncX1;conjugative;-1.0;3.097759562919497;5.436329888674944;;;;;;;;37719
S3637-2022-12-A04_bin_0;IncI1;conjugative;9.0;2.5162771124650285;63.60544930153467;aac(3)-IId;;;;;;;96121
S3637-2022-12-A04_bin_1;No hit found;mobilizable;17.0;0.9332091908068456;39.46795766981205;;;;;;;;6968
S3637-2022-12-A04_bin_2;Col156;mobilizable;11.0;-11.43412809799986;38.05371886293545;;;;;;;;4234
S3637-2022-12-A04_bin_3;Col440I;non-mobilizable;41.0;-19.573417655970093;15.328071146914551;;;;;;;;1888
S03408-2022-04-B05_bin_0;IncFII(S),IncX1;conjugative;-1.0;3.0993342186420767;5.4997131236328025;;spvD;;;;;;74571
S03391-2022-03-B09_bin_0;IncFIB(S),IncFII(S);conjugative;-1.0;16.278068955407534;25.056794048951595;;spvD;;;;;;93655
S4276-2024-12-F01_bin_0;IncA/C2;conjugative;9.0;2.4253820723132207;63.50677805851868;aph(3')-Ia,blaCMY-2,tet(A);ybtP;;;;;;198548
S4276-2024-12-F01_bin_1;No hit found;mobilizable;24.0;-7.141182034977042;24.31596862936788;;;;;;;;5632
S4276-2024-12-F01_bin_2;No hit found;mobilizable;-1.0;-22.07248972487438;18.13879236875417;;;;;;;;4657
S4276-2024-12-F01_bin_3;Col156;mobilizable;11.0;-9.20848504120778;38.12821183721336;;;;;;;;3750
S4276-2024-12-F01_bin_4;No hit found;mobilizable;-1.0;-4.148243539454222;29.72155811325534;;;;;;;;3372
S4276-2024-12-F01_bin_5;No hit found;mobilizable;24.0;-7.997303043406215;20.34574140738731;;;;;;;;3172
S4276-2024-12-F01_bin_6;Col440I;mobilizable;30.0;-19.897037601434445;7.426249812165464;qnrB19;;;;;;;2989
1092001163_bin_Unbinned;IncFIB(S),IncFII(S);conjugative;-1.0;10.553665023862475;27.986763517164917;cpxA;spvD;;;;;;117293
S3826-2022-18-C06_bin_0;IncA/C2,IncI1;conjugative;9.0;2.5455639128712493;63.954097418838266;blaCMY-2,emrB,sul2;ybtP;;;;;;349834
S3826-2022-18-C06_bin_1;IncX1;conjugative;-1.0;3.097759562919497;5.436329888674944;;;;;;;;37697
S3826-2022-18-C06_bin_2;No hit found;mobilizable;24.0;-11.51614146252804;18.413750720618403;;;;;;;;4677
S3826-2022-18-C06_bin_3;No hit found;mobilizable;24.0;-7.839506339061876;20.37085677894831;;;;;;;;3596
S00730-2020-11-D03_bin_0;No hit found;conjugative;9.0;3.1033450293381795;62.83198683871082;tet(A);ybtP;;;;;;273540
S03569-2022-10-A11_bin_0;IncA/C2;conjugative;37.0;7.890197908207152;40.49258476750346;sul2;ybtP;;;;;;172921
S03569-2022-10-A11_bin_1;IncX1;conjugative;-1.0;3.097759562919497;5.436329888674944;;;;;;;;37697
S03569-2022-10-A11_bin_2;No hit found;mobilizable;24.0;-11.51614146252804;18.413750720618403;;;;;;;;4677
S03569-2022-10-A11_bin_3;No hit found;mobilizable;24.0;-7.839506339061876;20.37085677894831;;;;;;;;3596
S03569-2022-10-A11_bin_4;ColpVC;mobilizable;-1.0;-7.042957984488619;33.73333202139034;;;;;;;;2096
S3823-2022-18-A12_bin_0;IncFII(S),IncX1;conjugative;-1.0;3.0993342186420767;5.4997131236328025;;spvD;;;;;;74607
S3823-2022-18-A12_bin_1;ColRNAI;mobilizable;24.0;-7.805585435955535;20.799321754305502;;;;;;;;3646
S3884-2023-02-E02_bin_0;IncA/C2,IncX4;conjugative;9.0;2.356024754249745;63.48054414707667;blaCMY-2,tet(A);ybtP;;;;;;238731
S3884-2023-02-E02_bin_1;No hit found;mobilizable;-1.0;-4.148243539454222;29.72155811325534;;;;;;;;3372
S3884-2023-02-E02_bin_2;Col440I;mobilizable;30.0;-19.90926155022922;7.346564983037414;qnrB19;;;;;;;2989
S3884-2023-02-E02_bin_3;No hit found;mobilizable;24.0;-11.436094683368024;18.4360004696288;;;;;;;;2677
S3840-2022-21-B09_bin_0;IncFIB(S);non-mobilizable;-1.0;10.65207563874346;28.249397180851503;;;;;;;;123025
1092000359_bin_0;No hit found;mobilizable;24.0;-7.30182244756587;21.94509609428924;;;;;;;;6647
S4007-2023-07-E06_bin_0;IncX1;conjugative;-1.0;3.097980960796276;5.511304356302704;;;;;;;;42668
S3639-2022-12-A08_bin_0;IncA/C2;mobilizable;37.0;7.832179448339602;39.86607137571728;sul2;;;;;;;73608
S3639-2022-12-A08_bin_1;IncX1;conjugative;-1.0;3.097759562919497;5.436329888674944;;;;;;;;37697
S3639-2022-12-A08_bin_2;No hit found;mobilizable;24.0;-8.152213182846104;20.866133793665867;;;;;;;;3282
S3639-2022-12-A08_bin_3;ColpVC;mobilizable;1.0;-20.698565924524072;38.86656916111363;;;;;;;;1981
69576176-2020-11-A10_bin_0;No hit found;conjugative;9.0;3.0354307311430317;62.70472789296423;aadA1,dfrA14;ybtP;;;;;;279426
S3598-2022-11-A09_bin_0;p0111;non-mobilizable;16.0;1.236425795200751;44.10434328936266;;;;;;;;88922
S3598-2022-11-A09_bin_1;No hit found;mobilizable;-1.0;-4.169498492899306;29.7345746178375;;;;;;;;3375
S00398-2020-11-B09_bin_0;No hit found;conjugative;9.0;3.037637672263414;62.7089618198464;dfrA14,tet(A);ybtP;;;;;;279442
S3820-2022-17-G05_bin_0;IncFII(S),IncX1;conjugative;-1.0;3.0993342186420767;5.4997131236328025;;spvD;;;;;;74580
S4215-2023-19-C07_bin_0;ColRNAI;mobilizable;24.0;-7.710239779416695;20.70758653690744;;;;;;;;4593
S00574-2020-11-C09_bin_0;No hit found;conjugative;9.0;3.037637672263414;62.7089618198464;dfrA14,tet(A);ybtP;;;;;;279442
69560512-M1-2020-10-H03_bin_0;No hit found;conjugative;9.0;3.0382232024699847;62.71008611211371;aadA1;ybtP;;;;;;274978
S4223-2023-19-E05_bin_0;IncHI2,IncHI2A;conjugative;35.0;20.036561082899805;42.68880783665615;aph(3')-Ia,dfrA1,mcr-9.1,sul1;;terD,terW,terZ;;;;;305934
S4223-2023-19-E05_bin_1;Col156;mobilizable;11.0;-11.03239858959004;37.90041334394412;;;;;;;;3915
S4223-2023-19-E05_bin_2;Col156;mobilizable;11.0;-11.094199539651449;37.91228809728486;;;;;;;;3505
S4223-2023-19-E05_bin_3;ColpVC;mobilizable;-1.0;-7.042957984488619;33.73333202139034;;;;;;;;2096
S4223-2023-19-E05_bin_Unbinned;No hit found;non-mobilizable;-1.0;15.66604329836975;26.00355687982173;;;;;;;;12858
S4087-2023-11-C08_bin_0;IncA/C2;conjugative;9.0;2.709661907176512;64.07131160129082;aadA1,blaCMY-2,sul2,tet(A);ybtP;;;;;;202028
1092000465_bin_0;No hit found;non-mobilizable;41.0;-19.34232974448595;14.840049993767048;;;;;;;;3312
S3982-2023-05-A01_bin_0;IncA/C2;conjugative;37.0;8.171199197987303;40.62113997082653;blaCMY-2,tet(A);;;;;;;211412
S3982-2023-05-A01_bin_1;IncX1;conjugative;-1.0;3.097759562919497;5.436329888674944;;;;;;;;37697
S3982-2023-05-A01_bin_2;ColRNAI;mobilizable;24.0;-7.936508157197303;20.41960028331544;;;;;;;;3264
S3695-2022-13-C04_bin_0;IncA/C2,IncI1;conjugative;9.0;2.5455639128712493;63.954097418838266;blaCMY-2,sul2;ybtP;;;;;;251644
S3695-2022-13-C04_bin_1;IncX1;conjugative;-1.0;3.097759562919497;5.436329888674944;;;;;;;;37697
S3695-2022-13-C04_bin_2;No hit found;mobilizable;24.0;-11.51614146252804;18.413750720618403;;;;;;;;4677
S3695-2022-13-C04_bin_3;ColpVC;mobilizable;-1.0;-7.042957984488619;33.73333202139034;;;;;;;;2096
S3853-2023-01-C03_bin_0;IncA/C2,IncX1;conjugative;9.0;1.828007140535435;62.44540909033659;blaCMY-2,tet(A);ybtP;silA,silB,silC,silF,silS;;;;;203181
S3853-2023-01-C03_bin_1;No hit found;mobilizable;0.0;-33.90204232646263;35.750453195738395;;;;;;;;4110
S3853-2023-01-C03_bin_2;Col156;mobilizable;11.0;-11.12200940080578;37.89085872137071;;;;;;;;3761
S3853-2023-01-C03_bin_3;No hit found;mobilizable;-1.0;-4.148243539454222;29.72155811325534;;;;;;;;3372
S3853-2023-01-C03_bin_4;No hit found;mobilizable;-1.0;-24.13138767774811;20.19714798485621;;;;;;;;3223
S03526-2022-08-F04_bin_0;IncA/C2;conjugative;9.0;-0.8559092302384074;64.07814104129987;blaCMY-2,tet(A);ybtP;;;;;;201579
S03526-2022-08-F04_bin_1;IncX1;conjugative;-1.0;3.097759562919497;5.436329888674944;;;;;;;;37697
S3876-2023-02-D07_bin_0;No hit found;mobilizable;24.0;-7.686211812849311;20.704908797469265;;;;;;;;4593
S3876-2023-02-D07_bin_1;IncI1;conjugative;9.0;2.4080369413092697;63.60868800263411;blaTEM-1;;;;;;;97926
S03362-2022-01-B10_bin_0;IncFIB(S),IncFII(S);conjugative;-1.0;10.554497717990383;28.0059977107937;;spvD;;;;;;93453
S03362-2022-01-B10_bin_1;No hit found;non-mobilizable;-1.0;6.16367638558214;33.89922722712497;floR,sul2,tet(B);;;;;;;61388
S4017-2023-07-C06_bin_0;IncX1;conjugative;-1.0;3.097980960796276;5.511304356302704;;;;;;;;42668
6502100045_bin_0;No hit found;conjugative;-1.0;5.511554016619139;28.279023051991626;;;;;;;;34543
6502100277_bin_0;No hit found;mobilizable;34.0;-22.343292647847303;23.94408560090976;;;;;;;;5410
S3955-2023-04-D04_bin_0;IncA/C2;conjugative;9.0;2.7521585901396106;64.05044748970933;blaCMY-2,tet(A);ybtP;;;;;;183787
S3955-2023-04-D04_bin_1;No hit found;mobilizable;-1.0;-4.148243539454222;29.72155811325534;;;;;;;;3372
S3955-2023-04-D04_bin_2;Col440I;mobilizable;30.0;-19.90926155022922;7.346564983037414;qnrB19;;;;;;;2989
S03410-2022-04-B07_bin_Unbinned;No hit found;non-mobilizable;-;-;-;;;;;;;;77175
S3650-2022-12-B11_bin_0;IncA/C2;conjugative;9.0;2.535798333274504;63.71490396147821;blaCMY-2,sul2;ybtP;;;;;;187425
S3650-2022-12-B11_bin_1;IncX1;conjugative;-1.0;3.097759562919497;5.436329888674944;;;;;;;;37697
S3536-2022-09-A12_bin_0;IncHI2,IncHI2A;conjugative;35.0;19.72482575540461;42.91271090347977;aph(3')-Ia,mcr-9.1,sul1;;terD,terW,terZ;;;;;616117
S3864-2023-01-F01_bin_0;IncA/C2,IncI1;conjugative;9.0;2.5862401398319586;64.07377140663337;blaCMY-2,tet(A);ybtP;;;;;;268245
S3864-2023-01-F01_bin_1;IncX1;conjugative;-1.0;3.097759562919497;5.436329888674944;;;;;;;;37697
S3616-2022-11-C02_bin_0;IncA/C2;conjugative;9.0;2.4123594336888186;63.481954671320445;aph(3')-Ia,blaCMY-2,tet(A);ybtP;;;;;;198376
S3616-2022-11-C02_bin_1;No hit found;mobilizable;24.0;-8.152213182846104;20.866133793665867;;;;;;;;3282
S3616-2022-11-C02_bin_2;Col440I;mobilizable;30.0;-19.89703760142904;7.426249812174371;qnrB19;;;;;;;2989
S3968-2023-04-G04_bin_0;IncFII(S),IncX1;conjugative;-1.0;3.0993342186420767;5.4997131236328025;;spvD;;;;;;74562
S4217-2023-19-D05_bin_0;IncX1;conjugative;-1.0;3.097980960796276;5.511304356302704;;;;;;;;42668
S3869-2023-02-B09_bin_0;IncX1;conjugative;-1.0;3.097978721897294;5.5129200182983;;;;;;;;42607
6502100266_bin_Unbinned;IncX1;conjugative;-1.0;3.0981379612141917;5.520647868818005;;;;;;;;40386
S03562-2022-10-A04_bin_0;No hit found;conjugative;9.0;3.2976419168954387;63.13874967044477;aadA1;ybtP;;;;;;274126
6502100123_bin_Unbinned;IncX1;conjugative;-1.0;3.0981379612141917;5.520647868818005;;;;;;;;40533
S3676-2022-12-F06_bin_0;IncA/C2;conjugative;9.0;2.7150784874010383;64.05884675446622;blaCMY-2,sul2;;;;;;;188452
S3676-2022-12-F06_bin_1;No hit found;conjugative;-1.0;6.730626166137101;37.36349565413457;floR;;;;;;;30616
S3676-2022-12-F06_bin_2;Col440I;non-mobilizable;24.0;-9.704653536446806;22.40987321976384;;;;;;;;2184
S3676-2022-12-F06_bin_Unbinned;No hit found;non-mobilizable;24.0;-7.936514075981003;20.41959775392766;;;;;;;;2578
S3861-2023-01-E10_bin_0;IncFII(S),IncX1;conjugative;-1.0;3.0993342186420767;5.4997131236328025;;spvD;;;;;;74571
S3980-2023-04-F03_bin_Unbinned;IncX1;conjugative;-1.0;3.0981379612141917;5.520647868818005;;;;;;;;40533
S4235-2024-01-B03_bin_0;IncFII(S),IncX1;conjugative;-1.0;3.0993342186420767;5.4997131236328025;;spvD;;;;;;74625
S4235-2024-01-B03_bin_1;ColRNAI;mobilizable;24.0;-7.805585435955535;20.799321754305502;;;;;;;;3646
69136524-2020-11-A06_bin_0;No hit found;conjugative;9.0;3.037637672263414;62.7089618198464;dfrA14,tet(A);ybtP;;;;;;278202
S3985-2023-05-B02_bin_0;IncX1;conjugative;-1.0;3.0981379612141917;5.520647868818005;;;;;;;;40538
S3855-2023-01-C12_bin_Unbinned;IncX1;conjugative;-1.0;3.0981379612141917;5.520647868818005;;;;;;;;40533
S3647-2022-12-B03_bin_0;IncA/C2,IncI1;conjugative;9.0;2.6878225347240874;64.1124510560232;blaCMY-2,sul2;;;;;;;225564
S3647-2022-12-B03_bin_1;IncX1;conjugative;-1.0;3.097759562919497;5.436329888674944;;;;;;;;37697
S3647-2022-12-B03_bin_2;ColpVC;mobilizable;-1.0;-7.042957984488619;33.73333202139034;;;;;;;;2096
S4195-2023-17-C10_bin_0;No hit found;conjugative;9.0;3.301333793378304;63.15793491481833;tet(A);ybtP;;;;;;273447
S3547-2022-09-D06_bin_0;IncX1;conjugative;-1.0;3.097978721897294;5.5129200182983;;;;;;;;42607
S03399-2022-03-D07_bin_0;IncI1;conjugative;9.0;2.496736474967556;63.5606580594427;;;;;;;;91072
S03399-2022-03-D07_bin_1;No hit found;mobilizable;-1.0;-22.0488982312572;18.10893901076329;;;;;;;;5116
S03399-2022-03-D07_bin_2;No hit found;mobilizable;-1.0;-4.148243539454222;29.72155811325534;;;;;;;;3374
S03399-2022-03-D07_bin_3;Col440I;mobilizable;-1.0;-19.72292510183073;15.850904862291564;;;;;;;;1976
S3553-2022-09-E06_bin_0;IncFII(S),IncX1;conjugative;-1.0;3.0993342186420767;5.4997131236328025;;spvD;;;;;;74562
S3619-2022-11-C05_bin_0;IncFII(S),IncX1;conjugative;-1.0;3.0993342186420767;5.4997131236328025;;spvD;;;;;;74571
S3871-2023-02-B11_bin_0;IncX1;conjugative;-1.0;3.097980960796276;5.511304356302704;;;;;;;;42668
S4222-2023-19-D11_bin_0;IncX1;conjugative;-1.0;3.097980960796276;5.511304356302704;;;;;;;;42668
6502100193_bin_0;No hit found;mobilizable;23.0;-18.033528427470856;4.566783402956675;sul2;;;;;;;6790
6502100193_bin_1;Col156;mobilizable;11.0;-11.092475793360428;37.91101480628434;;;;;;;;4585
S02865-2021-06-H11_bin_0;No hit found;mobilizable;43.0;-23.034042555848437;19.734792730594613;;;;;;;;6237
S02865-2021-06-H11_bin_1;No hit found;mobilizable;-;-;-;;;;;;;;2733
S02865-2021-06-H11_bin_2;No hit found;non-mobilizable;1.0;-20.698565924524072;38.86656916111363;;;;;;;;1934
S02865-2021-06-H11_bin_3;No hit found;mobilizable;-1.0;-26.17418288726783;21.80543128189449;;;;;;;;1335
S00411-2020-11-B12_bin_0;No hit found;conjugative;9.0;3.037637672263414;62.7089618198464;aadA1,dfrA14;ybtP;;;;;;279442
S4227-2023-19-F04_bin_0;No hit found;conjugative;9.0;3.0362404767520847;62.70628068657795;dfrA14,tet(A);ybtP;;;;;;274482
S4211-2023-19-C01_bin_0;No hit found;conjugative;9.0;3.0286270855081288;62.693688858721615;tet(A);ybtP;;;;;;273224
S3941-2023-04-C02_bin_0;IncX1;conjugative;-1.0;3.097980960796276;5.511304356302704;;;;;;;;42668
S00947-2020-12-A01_bin_0;No hit found;conjugative;9.0;3.042053932278248;62.7183417633829;tet(A);ybtP;;;;;;274959
6502100163_bin_0;IncQ1;mobilizable;23.0;-18.14806418920025;4.404573852106004;tet(A);;;;;;;11032
6502100163_bin_1;No hit found;mobilizable;24.0;-7.839506339061876;20.37085677894831;;;;;;;;3598
6502100163_bin_Isolated_0;IncFIB(S),IncFII(S);conjugative;-1.0;10.554497717990383;28.0059977107937;;spvD;;;;;;93742
S3999-2023-07-C09_bin_0;IncX1;conjugative;-1.0;3.097980960796276;5.511304356302704;;;;;;;;42668
S4078-2023-11-A07_bin_Unbinned;IncX1;conjugative;-1.0;3.0981379612141917;5.520647868818005;;;;;;;;40288
S4081-2023-11-B10_bin_0;IncA/C2;conjugative;9.0;2.752156029769973;64.05044735542305;blaCMY-2,sul2;ybtP;;;;;;183782
S4081-2023-11-B10_bin_1;No hit found;mobilizable;-1.0;-4.148243539454222;29.72155811325534;;;;;;;;3372
69551785-salm-2020-10-G09_bin_0;No hit found;mobilizable;11.0;-10.445736936670352;39.66124206664396;;ybtP;;;;;;170573
6502100113_bin_0;No hit found;mobilizable;24.0;-7.434163880888683;21.99848381752402;;;;;;;;5055
S3892-2023-02-F05_bin_0;IncFII(S),IncX1;conjugative;-1.0;3.0993342186420767;5.4997131236328025;;spvD;;;;;;74589
S3969-2023-04-G07_bin_0;No hit found;conjugative;9.0;2.929192517045658;62.49778460154731;sul1;ybtP;;;;;;263979
S3969-2023-04-G07_bin_1;ColpVC;mobilizable;-1.0;-7.042957984488619;33.73333202139034;;;;;;;;2096
S3868-2023-02-B08_bin_0;IncX1;conjugative;-1.0;3.097980960796276;5.511304356302704;;;;;;;;42668
S4053-2023-10-A02_bin_0;IncX1;conjugative;-1.0;3.097978721897294;5.5129200182983;;;;;;;;42603
S3830-2022-18-D11_bin_0;No hit found;conjugative;9.0;3.0361245601417566;62.706058350786286;aadA1,dfrA14;ybtP;;;;;;278329
S3977-2023-04-E10_bin_0;IncX1;conjugative;-1.0;3.097980960796276;5.511304356302704;;;;;;;;42668
S03412-2022-04-B09_bin_0;No hit found;conjugative;9.0;3.037637672263414;62.7089618198464;dfrA14,tet(A);ybtP;;;;;;280061
S4013-2023-07-F02_bin_0;IncX4;conjugative;9.0;3.270917693913969;63.26204434133045;blaTEM-1B,dfrA14,lnu(G);ybtP;;;;;;274133
S3960-2023-16-B10_bin_Unbinned;IncX1;conjugative;-1.0;3.0981379612141917;5.520647868818005;;;;;;;;40280
S4301-2024-04-A05_bin_0;IncFIB(S),IncFII(S);conjugative;-1.0;10.555893049212498;27.98372530769713;;spvD;;;;;;93667
S4301-2024-04-A05_bin_1;No hit found;mobilizable;1.0;-20.698565924524072;38.86656916111363;;;;;;;;2174
S4246-2024-01-D03_bin_0;IncA/C2;conjugative;9.0;2.533515094665141;63.71143472737994;blaCMY-2,sul2;ybtP;;;;;;184712
S4246-2024-01-D03_bin_1;IncX1;conjugative;-1.0;3.097759562919497;5.436329888674944;;;;;;;;37697
S4246-2024-01-D03_bin_2;No hit found;mobilizable;24.0;-11.51614146252804;18.413750720618403;;;;;;;;4677
S4246-2024-01-D03_bin_3;Col156;mobilizable;11.0;-9.208470164966707;38.12808491568873;;;;;;;;3750
S4246-2024-01-D03_bin_4;ColpVC;mobilizable;-1.0;-7.042957984488619;33.73333202139034;;;;;;;;2096
S4249-2024-02-E1_bin_0;IncFII(S),IncX1;conjugative;-1.0;3.0993342186420767;5.4997131236328025;;spvD;;;;;;74571
S4119-2023-14-C03_bin_0;IncX1;conjugative;-1.0;3.0981379612141917;5.520647868818005;;;;;;;;40535
S3708-2022-13-D12_bin_0;IncHI2,IncHI2A;conjugative;35.0;20.049579607947717;42.74169213998231;blaCTX-M-2,mcr-9.1,qacEdelta1;;terD,terW,terZ;;;;;301047
S3708-2022-13-D12_bin_1;p0111;non-mobilizable;16.0;1.2367308416932754;44.10356957922063;;;;;;;;95058
S3708-2022-13-D12_bin_2;No hit found;mobilizable;-1.0;-4.148243539454222;29.72155811325534;;;;;;;;3373
S3708-2022-13-D12_bin_3;Col440I;mobilizable;30.0;-19.90926155022922;7.346564983037414;qnrB19;;;;;;;2978
S03365-2022-01-D06_bin_0;IncFIB(pHCM2);non-mobilizable;21.0;10.618758658710677;22.369210685770398;dfrA51;;;;;;;107158
S03365-2022-01-D06_bin_1;IncA/C2,IncI1;conjugative;9.0;2.4996276022803805;63.6714466595308;aph(3')-Ia,blaCMY-2,tet(A);ybtP;;;;;;272699
S03365-2022-01-D06_bin_2;IncX1;conjugative;-1.0;3.1074017417379167;5.384549751809978;;;;;;;;32598
S03365-2022-01-D06_bin_3;No hit found;mobilizable;-1.0;-4.148243539454222;29.72155811325534;;;;;;;;3373
S4009-2023-07-E08_bin_Unbinned;IncX1;conjugative;-1.0;3.0981379612141917;5.520647868818005;;;;;;;;40368
S4033-2023-09-A06_bin_0;IncFII(S),IncX1;conjugative;-1.0;3.0993342186420767;5.4997131236328025;;spvD;;;;;;74572
S3638-2022-12-A07_bin_0;IncA/C2;conjugative;9.0;2.4122001065897782;63.480536171328254;aph(3')-Ia,blaCMY-2,tet(A);ybtP;;;;;;178252
S3638-2022-12-A07_bin_1;No hit found;mobilizable;7.0;-31.761711520855727;15.03097802501667;;;;;;;;2495
S3638-2022-12-A07_bin_2;ColpVC;mobilizable;-1.0;-7.042957984488619;33.73333202139034;;;;;;;;2096
S01000-2020-12-A05_bin_0;No hit found;conjugative;9.0;3.0443308247261736;62.72273409679741;tet(A);ybtP;;;;;;273731
S4181-2023-16-C02_bin_0;IncI1;conjugative;9.0;2.5325456815382235;63.57855774308781;;;;;;;;80776
S4181-2023-16-C02_bin_1;No hit found;mobilizable;23.0;-18.03353130834192;4.566798132556343;dfrA14;;;;;;;6790
S4181-2023-16-C02_bin_2;No hit found;mobilizable;24.0;-7.141182034615123;24.31596863078541;;;;;;;;5874
S4181-2023-16-C02_bin_3;Col156;mobilizable;11.0;-11.082530096077452;37.91328531667343;;;;;;;;3904
S4181-2023-16-C02_bin_4;No hit found;mobilizable;-;-;-;;;;;;;;2618
S03488-2022-08-B10_bin_0;No hit found;mobilizable;24.0;-8.022373648613765;20.37649066287178;;;;;;;;3554
S3770-2022-16-A06_bin_0;IncFII(S),IncX1;conjugative;-1.0;3.0993342186420767;5.4997131236328025;;spvD;;;;;;74562
S3752-2022-14-H03_bin_0;IncA/C2;conjugative;9.0;2.4626247559815453;63.639220259922034;aph(3')-Ia,blaCMY-2,sul2;ybtP;;;;;;203556
S3752-2022-14-H03_bin_1;No hit found;mobilizable;24.0;-7.141182034977042;24.31596862936788;;;;;;;;5632
S3752-2022-14-H03_bin_2;Col156;mobilizable;11.0;-9.242212205466783;38.15255684869481;;;;;;;;4821
S3752-2022-14-H03_bin_3;No hit found;mobilizable;-1.0;-22.07248972487438;18.13879236875417;;;;;;;;4657
S3752-2022-14-H03_bin_4;No hit found;mobilizable;0.0;-34.96787938744049;35.01655311505556;;;;;;;;4072
S3752-2022-14-H03_bin_5;No hit found;mobilizable;-1.0;-4.148243539454222;29.72155811325534;;;;;;;;3372
S3540-2022-09-B12_bin_0;IncA/C2;conjugative;9.0;2.7222583223598766;64.06591671796997;blaCMY-2,tet(A);ybtP;;;;;;198296
S3540-2022-09-B12_bin_1;No hit found;mobilizable;-1.0;-4.148243539454222;29.72155811325534;;;;;;;;3372
69436811-2020-11-A01_bin_0;No hit found;conjugative;9.0;3.03314999952572;62.70101432189321;aadA1,dfrA14;ybtP;;;;;;279426
S3555-2022-09-F02_bin_0;IncA/C2;conjugative;9.0;2.411920543306956;63.480131876081686;aph(3')-Ia,blaCMY-2,sul2;ybtP;;;;;;197480
S3555-2022-09-F02_bin_1;Col440I;mobilizable;30.0;-19.897037601434445;7.426249812165464;qnrB19;;;;;;;2989
S3555-2022-09-F02_bin_2;No hit found;mobilizable;7.0;-31.305659687415883;14.978585551662825;;;;;;;;2494
S3555-2022-09-F02_bin_3;No hit found;mobilizable;-1.0;-7.042957984488619;33.73333202139034;;;;;;;;2096
S3754-2022-15-A08_bin_0;IncFII(S),IncX1;conjugative;-1.0;3.0990559514902785;5.500440372274;;spvD;;;;;;74571
S3707-2022-13-D11_bin_0;IncFII(S),IncX1;conjugative;-1.0;3.099370158624571;5.499381898754632;;spvD;;;;;;74575
69068146-2020-11-A09_bin_0;No hit found;conjugative;9.0;3.0361245601417566;62.706058350786286;aadA1,dfrA14;ybtP;;;;;;277174
S3902-2023-03-C02_bin_0;IncA/C2;conjugative;9.0;2.532945260338685;63.71001548975857;blaCMY-2,sul2;ybtP;;;;;;184712
S3902-2023-03-C02_bin_1;IncX1;conjugative;-1.0;3.097759562919497;5.436329888674944;;;;;;;;37697
S3902-2023-03-C02_bin_2;No hit found;mobilizable;24.0;-11.51614146252804;18.413750720618403;;;;;;;;4677
S3902-2023-03-C02_bin_3;Col156;mobilizable;11.0;-9.2084617298466;38.128003642491706;;;;;;;;3750
S3902-2023-03-C02_bin_4;Col440I;mobilizable;30.0;-20.21367879288339;7.474627830358285;qnrB19;;;;;;;2989
S3902-2023-03-C02_bin_5;ColpVC;mobilizable;-1.0;-7.042957984488619;33.73333202139034;;;;;;;;2096
S3902-2023-03-C02_bin_6;Col(BS512);non-mobilizable;2.0;-22.54579089707104;34.08379558645852;;;;;;;;2089
S3764-2022-15-D04_bin_0;IncA/C2;conjugative;9.0;2.5263940409455343;63.578026722736624;blaCMY-2,sul2;;;;;;;109575
S3764-2022-15-D04_bin_1;No hit found;mobilizable;-1.0;-4.148243539454222;29.72155811325534;;;;;;;;3372
S3764-2022-15-D04_bin_2;Col440I;mobilizable;30.0;-19.897037601434445;7.426249812165464;qnrB19;;;;;;;2989
S4116-2023-14-B12_bin_0;IncX1;conjugative;-1.0;3.097976878218657;5.512721916163208;;;;;;;;42615
S3970-2023-04-G10_bin_0;IncX1;conjugative;-1.0;3.097976878218657;5.512721916163208;;;;;;;;42610
S3718-2022-13-F11_bin_0;IncY;non-mobilizable;16.0;1.2366314065362365;44.10353388283593;;;;;;;;96705
S3920-2023-03-F06_bin_0;IncI1;conjugative;9.0;1.9432818772501328;63.72793707846665;;;;;;;;84131
S3920-2023-03-F06_bin_1;No hit found;mobilizable;24.0;-7.228458177763369;21.950335887357223;;;;;;;;6669
S3920-2023-03-F06_bin_2;Col440I;mobilizable;-1.0;-19.713262097947748;15.873399978213582;;;;;;;;3830
S4048-2023-09-D08_bin_0;IncX1;conjugative;-1.0;3.097980960796276;5.511304356302704;;;;;;;;42668
S4089-2023-11-D05_bin_0;Col156;mobilizable;11.0;-11.060370593282425;37.92922552584619;;;;;;;;3897
S4089-2023-11-D05_bin_1;No hit found;mobilizable;-1.0;-4.271193999074182;29.791048133568168;;;;;;;;3375
69488528-M1-2020-10-H04_bin_0;No hit found;conjugative;9.0;3.0423396271367182;62.717640653708976;tet(A);ybtP;;;;;;274990
69488528-M1-2020-10-H04_bin_1;No hit found;non-mobilizable;55.0;11.72165263314352;34.00627402669724;dfrA14;;;;;;;4485
S02758-2020-12-A08_bin_0;No hit found;conjugative;9.0;3.062995919043919;62.7556910976294;aadA1,dfrA14;ybtP;;;;;;279442
S3986-2023-05-B03_bin_0;No hit found;mobilizable;24.0;-7.936508285198093;20.419600236426938;;;;;;;;2863
S3986-2023-05-B03_bin_Unbinned;No hit found;non-mobilizable;-;-;-;;;;;;;;1740
S03578-2022-10-D01_bin_0;IncFII(S),IncX1;conjugative;-1.0;3.099370158624571;5.499381898754632;;spvD;;;;;;74542
S4067-2023-10-C07_bin_0;IncX4;conjugative;9.0;2.577589613102311;63.434285448746415;blaTEM-1B,lnu(G);;;;;;;119864
S3972-2023-04-H04_bin_0;IncFII(S),IncX1;conjugative;-1.0;3.0993342186420767;5.4997131236328025;;spvD;;;;;;74572
S00887-2020-11-D08_bin_0;No hit found;conjugative;9.0;3.03418877489012;62.7031673517559;dfrA14,tet(A);ybtP;;;;;;281281
S00887-2020-11-D08_bin_1;IncX1;conjugative;-1.0;6.072327309089861;33.91145218537926;blaTEM-1B;;;;;;;45999
S03373-2022-02-B06_bin_0;IncA/C2;conjugative;9.0;2.453319096768473;63.594647136192776;aph(3')-Ia,blaCMY-2,tet(A);ybtP;;;;;;203586
S03373-2022-02-B06_bin_1;No hit found;mobilizable;-1.0;-24.13156346139211;20.196458561155392;;;;;;;;3223
S03373-2022-02-B06_bin_2;Col440I;mobilizable;30.0;-19.903615442790752;7.425771885141872;qnrB19;;;;;;;2989
S3918-2023-03-F04_bin_0;IncA/C2,IncI1;conjugative;9.0;2.5862401398319586;64.07377140663337;blaCMY-2,sul2;ybtP;;;;;;268245
S3918-2023-03-F04_bin_1;IncX1;conjugative;-1.0;3.097759562919497;5.436329888674944;;;;;;;;37697
S00615-2020-11-C11_bin_0;No hit found;conjugative;9.0;3.0444726631588668;62.72125752741186;aadA1;ybtP;;;;;;273731
S4187-2023-17-A05_bin_0;IncX1;conjugative;-1.0;3.0981379612141917;5.520647868818005;;;;;;;;40537
S02947-2021-12-C06_bin_0;ColpVC;mobilizable;1.0;-20.51940562691027;38.1697160231234;;;;;;;;1983
S4047-2023-09-D07_bin_0;No hit found;conjugative;9.0;3.1895951984564315;63.00432058052594;dfrA14,tet(A);ybtP;;;;;;277339
S4047-2023-09-D07_bin_1;IncX4;conjugative;-1.0;10.245266765382766;36.32217506264972;blaTEM-1B,lnu(G);;;;;;;42491
S3845-2023-01-A03_bin_0;IncA/C2;conjugative;9.0;2.709661907176512;64.07131160129082;aadA1,blaCMY-2,sul2,tet(A);ybtP;;;;;;202028
S3845-2023-01-A03_bin_1;No hit found;mobilizable;-1.0;-4.148243539454222;29.72155811325534;;;;;;;;3372
S3845-2023-01-A03_bin_2;Col440I;mobilizable;30.0;-19.903615442790752;7.425771885141872;qnrB19;;;;;;;2989
S4076-2023-11-A06_bin_Unbinned;IncX1;conjugative;-1.0;3.0981379612141917;5.520647868818005;;;;;;;;40286
S3888-2023-02-E06_bin_0;IncFII(S),IncX1;conjugative;-1.0;3.099370158624571;5.499381898754632;;spvD;;;;;;74541
6502100267_bin_0;IncX1;conjugative;-1.0;6.072204186842342;33.911275387725425;blaTEM-1B;;;;;;;45040
S02803-2021-12-C04_bin_0;ColpVC;mobilizable;1.0;-20.51940562691027;38.1697160231234;;;;;;;;1983
S3841-2022-21-B10_bin_0;IncFIB(AP001918),IncFII(29);conjugative;10.0;11.94155389481085;57.49345859177184;blaTEM-1B;;;;;;;111855
S3841-2022-21-B10_bin_1;ColRNAI;mobilizable;24.0;-7.689745440798773;20.707456590611105;;;;;;;;4593
S4023-2023-08-D01_bin_Unbinned;IncX1;conjugative;-1.0;3.0981379612141917;5.520647868818005;;;;;;;;40288
S4036-2023-09-B05_bin_Unbinned;IncX1;conjugative;-1.0;3.0981379612141917;5.520647868818005;;;;;;;;40413
S4244-2024-04-H02_bin_0;IncX1;conjugative;-1.0;3.097980960796276;5.511304356302704;;;;;;;;42668
S3724-2022-14-A11_bin_0;IncA/C2,IncHI2,IncHI2A;conjugative;35.0;19.80840219526053;41.67597610285004;aac(3)-IIa,blaCMY-2,blaCTX-M-15,blaOXA-1,dfrA14,qnrB1,sul2;ybtP;merB,merD,merR,terD,terW,terZ;;;;;486348
S3724-2022-14-A11_bin_1;IncX1;conjugative;-1.0;3.097759562919497;5.436329888674944;;;;;;;;37697
S3724-2022-14-A11_bin_2;No hit found;mobilizable;24.0;-11.516076111087909;18.413759846522176;;;;;;;;4677
S3724-2022-14-A11_bin_3;No hit found;mobilizable;24.0;-8.307172531534592;19.56938582910804;;;;;;;;4100
S3724-2022-14-A11_bin_4;ColpVC;mobilizable;-1.0;-7.042957984488619;33.73333202139034;;;;;;;;2096
S3724-2022-14-A11_bin_Unbinned;No hit found;mobilizable;-1.0;-26.02892617175087;21.738528538600036;;;;;;;;2053
S3805-2022-16-F06_bin_0;IncA/C2;conjugative;9.0;2.4657902431441143;63.59676294210168;blaCMY-2,tet(A);;;;;;;112825
S3805-2022-16-F06_bin_1;No hit found;mobilizable;24.0;-8.049680593189287;20.83066734705157;;;;;;;;3887
S3805-2022-16-F06_bin_2;No hit found;mobilizable;-1.0;-4.148243539454222;29.72155811325534;;;;;;;;3372
S3805-2022-16-F06_bin_3;Col440I;mobilizable;30.0;-19.897037539199413;7.426249975897916;qnrB19;;;;;;;2989
S4054-2023-10-A03_bin_Unbinned;IncX1;conjugative;-1.0;3.0981379612141917;5.520647868818005;;;;;;;;40281
S4191-2023-17-A11_bin_0;IncX1;conjugative;-1.0;3.097978721897294;5.5129200182983;;;;;;;;42602
S3824-2022-18-B11_bin_0;IncA/C2;conjugative;9.0;2.4501933642658287;63.55935928001568;aph(3')-Ia,blaCMY-2,sul2;ybtP;;;;;;205647
S3824-2022-18-B11_bin_1;No hit found;mobilizable;24.0;-7.141182034977042;24.31596862936788;;;;;;;;5632
S3824-2022-18-B11_bin_2;No hit found;mobilizable;-1.0;-22.07248972487438;18.13879236875417;;;;;;;;4657
S3824-2022-18-B11_bin_3;No hit found;mobilizable;-1.0;-4.148243539454222;29.72155811325534;;;;;;;;3372
S4252-2024-02-G2_bin_0;IncHI2,IncHI2A;conjugative;35.0;20.003624397849094;42.72937019986186;aph(3')-Ia,mcr-9.1,sul1;;terD,terW,terZ;;;;;668493
S4114-2023-14-B10_bin_0;IncX1;conjugative;-1.0;3.097980960796276;5.511304356302704;;;;;;;;42668
S4194-2023-17-C09_bin_0;IncFIB(S),IncFII(S);non-mobilizable;-1.0;14.472257360403454;39.36126076815273;;spvD;;;;;;57807
S4320-2024-05-G07_bin_0;No hit found;mobilizable;-1.0;-24.13156346139211;20.196458561155392;;;;;;;;3223
S4320-2024-05-G07_bin_1;No hit found;non-mobilizable;-;-;-;;;;;;;;1241
S4001-2023-07-D08_bin_Unbinned;IncX1;conjugative;-1.0;3.0981379612141917;5.520647868818005;;;;;;;;40281
S3698-2022-13-C07_bin_0;IncA/C2,IncX4;conjugative;9.0;2.4245009427640034;63.61987079614257;blaCMY-2,tet(A);ybtP;;;;;;236866
S3698-2022-13-C07_bin_1;No hit found;mobilizable;-1.0;-4.148243539454222;29.72155811325534;;;;;;;;3372
S3698-2022-13-C07_bin_2;Col440I;mobilizable;30.0;-19.893781072125417;7.431906234616318;qnrB19;;;;;;;5400
S3957-2023-16-B07_bin_0;IncA/C2;conjugative;9.0;2.709661907176512;64.07131160129082;aadA1,blaCMY-2,sul2,tet(A);ybtP;;;;;;202028
S3957-2023-16-B07_bin_1;No hit found;mobilizable;-1.0;-4.148243539454222;29.72155811325534;;;;;;;;3372
S3957-2023-16-B07_bin_2;Col440I;mobilizable;30.0;-19.87080591261001;7.496043697237661;qnrB19;;;;;;;2989
S03533-2022-08-G11_bin_0;IncA/C2;conjugative;9.0;2.7222629375152354;64.0659188134276;blaCMY-2,tet(A);ybtP;;;;;;391723
S03533-2022-08-G11_bin_1;No hit found;mobilizable;-1.0;-4.148243539454222;29.72155811325534;;;;;;;;3372
S3660-2022-12-D12_bin_0;IncA/C2;conjugative;37.0;8.188376143553175;40.606649329490345;aadA1,blaCMY-2,sul2,tet(A);ybtP;;;;;;195015
S3660-2022-12-D12_bin_1;No hit found;mobilizable;-1.0;-4.000748899009827;29.683858856413774;;;;;;;;3372
S4273-2024-03-B06_bin_0;No hit found;conjugative;9.0;3.0404661662972945;62.7143966150546;tet(A);ybtP;;;;;;274961
S4045-2023-09-D02_bin_0;IncX1;conjugative;-1.0;3.097980960796276;5.511304356302704;;;;;;;;42668
S3974-2023-04-D10_bin_Unbinned;IncX1;conjugative;-1.0;3.0981379612141917;5.520647868818005;;;;;;;;40288
S00573-2020-11-C08_bin_0;No hit found;conjugative;9.0;3.301391806462495;63.15844017412301;tet(A);ybtP;;;;;;273474
S4104-2023-11-G03_bin_Unbinned;IncX1;conjugative;-1.0;3.0981379612141917;5.520647868818005;;;;;;;;40278
S4066-2023-16-A02_bin_0;IncA/C2;conjugative;9.0;2.412273238462349;63.48065900792935;aph(3')-Ia,blaCMY-2,sul2;ybtP;;;;;;197478
69858635-B1-2020-10-H01_bin_0;No hit found;mobilizable;55.0;9.966952840085597;30.975174789299206;;ybtP;;;;;;169097
S3719-2022-13-G02_bin_0;No hit found;conjugative;9.0;3.036016524441524;62.70692406482625;aadA1,dfrA14;ybtP;;;;;;279442
S3796-2022-16-C12_bin_0;IncA/C2;conjugative;9.0;2.701569559688881;64.07117564568405;aadA1,blaCMY-2,tet(A);ybtP;;;;;;201426
S3796-2022-16-C12_bin_1;IncQ1;mobilizable;55.0;9.988214443193788;30.30711586392025;floR;;;;;;;7034
S3796-2022-16-C12_bin_2;No hit found;mobilizable;-1.0;-4.148243539454222;29.72155811325534;;;;;;;;3372
6502100256_bin_Unbinned;IncX1;conjugative;-1.0;3.0981379612141917;5.520647868818005;;;;;;;;40375
S3636-2022-12-A03_bin_0;IncA/C2;conjugative;9.0;2.722205363355749;64.06587511516594;blaCMY-2,tet(A);ybtP;;;;;;197634
S3636-2022-12-A03_bin_1;No hit found;mobilizable;-1.0;-4.148243539454222;29.72155811325534;;;;;;;;3372
S03564-2022-10-A06_bin_0;No hit found;mobilizable;24.0;-7.487538541579808;22.107244874470744;;;;;;;;5687
S03564-2022-10-A06_bin_1;Col440I;mobilizable;-1.0;-19.713262097947748;15.873399978213582;;;;;;;;3830
S03492-2022-08-D04_bin_0;IncA/C2;conjugative;9.0;2.709777060191156;64.06980386549037;blaCMY-2,sul2;ybtP;;;;;;203352
S03492-2022-08-D04_bin_1;No hit found;mobilizable;-1.0;-4.000748899009827;29.683858856413774;;;;;;;;3372
S03492-2022-08-D04_bin_2;Col440I;mobilizable;30.0;-19.89703746744122;7.4262501647646895;qnrB19;;;;;;;2989
S4205-2023-17-G11_bin_0;No hit found;conjugative;9.0;3.0496864828950843;62.72959171760181;dfrA14,tet(A);ybtP;;;;;;279442
S3734-2022-14-D12_bin_0;IncA/C2;conjugative;37.0;8.092005445215259;40.51266000084426;blaCMY-2,tet(A);ybtP;;;;;;191338
S3734-2022-14-D12_bin_1;No hit found;mobilizable;-1.0;-4.148243539454222;29.72155811325534;;;;;;;;3372
S4121-2023-14-A03_bin_Unbinned;IncX1;conjugative;-1.0;3.0981379612141917;5.520647868818005;;;;;;;;40283
S3894-2023-03-A06_bin_0;IncX1;conjugative;-1.0;3.097978721897294;5.5129200182983;;;;;;;;42607
S4014-2023-07-F03_bin_0;IncA/C2;conjugative;9.0;2.698947169455514;64.06112449977105;aadA1,blaCMY-2,sul2,tet(A);ybtP;;;;;;202976
S4014-2023-07-F03_bin_1;No hit found;mobilizable;-1.0;-4.148243539454222;29.72155811325534;;;;;;;;3372
S4113-2023-14-F03_bin_0;IncA/C2;conjugative;9.0;2.411936007023412;63.481586729129845;aph(3')-Ia,blaCMY-2,tet(A);ybtP;;;;;;198618
S4113-2023-14-F03_bin_1;No hit found;mobilizable;-1.0;-4.000748899009827;29.683858856413774;;;;;;;;3372
S4113-2023-14-F03_bin_2;Col440I;mobilizable;30.0;-19.897037601434445;7.426249812165464;qnrB19;;;;;;;2989
S3834-2022-20-G10_bin_0;IncFII(S),IncX1;conjugative;-1.0;3.0993342186420767;5.4997131236328025;;spvD;;;;;;74580
S03462-2022-07-F03_bin_0;IncA/C2,IncI1;conjugative;9.0;2.5455639128712493;63.954097418838266;blaCMY-2,tet(A);ybtP;;;;;;251644
S03462-2022-07-F03_bin_1;IncX1;conjugative;-1.0;3.097759562919497;5.436329888674944;;;;;;;;37697
S03462-2022-07-F03_bin_2;No hit found;mobilizable;24.0;-11.51614146252804;18.413750720618403;;;;;;;;4677
S03462-2022-07-F03_bin_3;ColpVC;mobilizable;-1.0;-7.042957984488619;33.73333202139034;;;;;;;;2096
S03430-2022-05-E08_bin_0;IncFII(S),IncX1;conjugative;-1.0;3.0993342186420767;5.4997131236328025;;spvD;;;;;;74589
S03430-2022-05-E08_bin_1;IncN;conjugative;-1.0;6.19393210219728;33.97927967730592;blaTEM-1B;;;;;;;47247
S03430-2022-05-E08_bin_2;ColRNAI;mobilizable;24.0;-7.805585435955535;20.799321754305502;;;;;;;;3646
S3625-2022-11-C12_bin_0;IncHI2,IncHI2A;conjugative;35.0;20.0083159141196;42.76110392058576;aph(3')-Ia,mcr-9.1,sul1;;terD,terW,terZ;;;;;252482
S3625-2022-11-C12_bin_1;No hit found;mobilizable;0.0;-33.15083825613535;34.976811824470865;;;;;;;;4065
S3625-2022-11-C12_bin_2;No hit found;mobilizable;-1.0;-4.148243539454222;29.72155811325534;;;;;;;;3374
S3625-2022-11-C12_bin_3;ColpVC;mobilizable;-1.0;-7.042957984488619;33.73333202139034;;;;;;;;2096
S3662-2022-12-E02_bin_0;IncA/C2;conjugative;9.0;2.30279643062585;63.426930577405166;blaCMY-2,tet(A);;;;;;;108519
S3662-2022-12-E02_bin_1;Col440I;mobilizable;30.0;-19.897037601434445;7.426249812165464;qnrB19;;;;;;;2989
S3818-2022-17-E07_bin_0;IncFII(S),IncX1;conjugative;-1.0;3.0993342186420767;5.4997131236328025;;spvD;;;;;;74562
S4035-2023-09-B01_bin_0;IncHI2,IncHI2A;conjugative;35.0;20.05667254374952;42.69844874478637;mcr-9.1,sul1;;terD,terW,terZ;;;;;248373
S4035-2023-09-B01_bin_1;Col440I;mobilizable;30.0;-20.90942526537008;8.226985567009494;;;;;;;;2699
S3893-2023-02-F06_bin_0;IncI1;conjugative;9.0;2.4120165615724503;64.1678808609652;aph(3'')-Ib,blaTEM-1B,dfrA1,floR;;;;;;;115623
S3893-2023-02-F06_bin_1;No hit found;mobilizable;-1.0;-21.71741142811433;21.58831137104517;;;;;;;;4664
6502100286_bin_0;No hit found;mobilizable;24.0;-8.463586732366446;21.16738606790093;;;;;;;;6761
S4312-2024-05-D03_bin_Unbinned;IncX1;conjugative;-1.0;3.0981379612141917;5.520647868818005;;;;;;;;40288
S3936-2023-04-B09_bin_0;IncA/C2;conjugative;9.0;2.7065716589142395;64.06414930522884;aadA1,blaCMY-2,sul2,tet(A);ybtP;;;;;;202112
S3936-2023-04-B09_bin_1;No hit found;mobilizable;-1.0;-4.148243539454222;29.72155811325534;;;;;;;;3372
S3936-2023-04-B09_bin_2;Col440I;mobilizable;30.0;-20.21367879288339;7.474627830358285;qnrB19;;;;;;;2989
S3936-2023-04-B09_bin_3;ColpVC;non-mobilizable;-1.0;-7.042957984488619;33.73333202139034;;;;;;;;2096
S4169-2023-15-D03_bin_0;IncX1;conjugative;-1.0;3.097976878218657;5.512721916163208;;;;;;;;42614
S3690-2022-13-B08_bin_0;IncA/C2,IncI1;conjugative;9.0;2.5455639128712493;63.954097418838266;blaCMY-2,sul2;ybtP;;;;;;251644
S3690-2022-13-B08_bin_1;IncX1;conjugative;-1.0;3.097759562919497;5.436329888674944;;;;;;;;37697
S3690-2022-13-B08_bin_2;No hit found;mobilizable;24.0;-9.604572441471577;22.00154400402443;;;;;;;;4572
S3690-2022-13-B08_bin_3;No hit found;mobilizable;24.0;-11.51614146252804;18.413750720618403;;;;;;;;4535
S3690-2022-13-B08_bin_4;No hit found;mobilizable;0.0;-33.62154523245089;34.882615967892725;;;;;;;;4074
S3690-2022-13-B08_bin_5;No hit found;mobilizable;24.0;-7.8393573616749315;20.369218086371077;;;;;;;;3596
S3690-2022-13-B08_bin_6;ColpVC;mobilizable;1.0;-20.69853768276769;38.86654620214336;;;;;;;;2246
S3690-2022-13-B08_bin_7;ColpVC;mobilizable;-1.0;-7.042615296539235;33.72666374434299;;;;;;;;2096
S3546-2022-09-D04_bin_0;Col8282;mobilizable;0.0;-33.14228715018645;34.9906170614936;;;;;;;;5590
S3546-2022-09-D04_bin_1;Col440I;mobilizable;30.0;-19.897037601434445;7.426249812165464;qnrB19;;;;;;;2978
S3546-2022-09-D04_bin_2;ColpVC;mobilizable;1.0;-20.51940562691027;38.1697160231234;;;;;;;;1981
S4166-2023-13-D02_bin_0;No hit found;conjugative;9.0;3.2549170316060545;63.171300010503415;aadA1;ybtP;;;;;;271290
S4253-2024-02-H2_bin_0;IncX4;conjugative;9.0;2.8126796679739465;62.37415724997071;blaTEM-1B,dfrA14,lnu(G),tet(A);ybtP;;;;;;313249
S03406-2022-04-B03_bin_0;No hit found;conjugative;9.0;3.037637672263414;62.7089618198464;dfrA14,tet(A);ybtP;;;;;;279442
S4182-2023-16-C03_bin_0;IncX1;conjugative;-1.0;3.097976878218657;5.512721916163208;;;;;;;;42615
S4229-2024-01-A04_bin_0;IncX1;conjugative;-1.0;3.097976878218657;5.512721916163208;;;;;;;;42615
S03563-2022-10-A05_bin_0;IncA/C2;conjugative;9.0;2.7521585901396106;64.05044748970933;blaCMY-2,tet(A);ybtP;;;;;;183767
S03563-2022-10-A05_bin_1;No hit found;mobilizable;-1.0;-4.148243539454222;29.72155811325534;;;;;;;;3372
S03563-2022-10-A05_bin_2;Col440I;mobilizable;30.0;-19.814701041248547;7.433310316533116;qnrB19;;;;;;;2989
S00700-2020-11-D01_bin_0;No hit found;conjugative;9.0;3.0361245601417566;62.706058350786286;aadA1,dfrA14;ybtP;;;;;;277053
S03573-2022-10-C08_bin_0;Col440I;mobilizable;-1.0;-19.713262097947748;15.873399978213582;;;;;;;;3830
S03573-2022-10-C08_bin_1;Col156;mobilizable;11.0;-9.208466041299316;38.12804622299991;;;;;;;;3751
6502100263_bin_0;No hit found;conjugative;-1.0;14.492230551681194;39.37811835278536;;mchF;;;;;;201855
S3772-2022-16-A08_bin_0;IncFII(S),IncX1;conjugative;-1.0;3.0993342186420767;5.4997131236328025;;spvD;;;;;;74562
S3605-2022-11-G03_bin_0;No hit found;conjugative;9.0;3.2549170316060545;63.171300010503415;sul1;ybtP;merC,merT;;;;;271056
S4117-2023-14-C01_bin_0;IncX1;conjugative;-1.0;3.097978721897294;5.5129200182983;;;;;;;;42607
S03427-2022-05-C11_bin_0;IncA/C2,IncI1,IncX1;conjugative;9.0;2.548578980719586;63.95032639155192;blaCMY-2,sul2;ybtP;;;;;;299600
S03427-2022-05-C11_bin_1;No hit found;mobilizable;24.0;-8.317582082765211;19.556196025953675;;;;;;;;4100
S03427-2022-05-C11_bin_2;ColpVC;mobilizable;-1.0;-7.042957984488619;33.73333202139034;;;;;;;;2096
S3556-2022-09-F03_bin_0;IncI1;conjugative;9.0;2.440605161821748;63.56984268471814;;;;;;;;65221
S3556-2022-09-F03_bin_1;Col440I;mobilizable;30.0;-20.20622056069943;7.468609049167363;qnrB19;;;;;;;2978
S3721-2022-14-A03_bin_0;IncA/C2;conjugative;9.0;2.396985048813048;63.46364305515872;blaCMY-2,sul2;;;;;;;113879
S3738-2022-14-E05_bin_0;IncA/C2;mobilizable;37.0;8.721180693932247;40.28360412062996;aph(3')-Ia,tet(A);ybtP;;;;;;164391
S3738-2022-14-E05_bin_1;Col440I;mobilizable;30.0;-19.897037601426607;7.426249812173613;qnrB19;;;;;;;2978
S03436-2022-06-A10_bin_0;IncFIB(S),IncFII(S);non-mobilizable;-1.0;6.072249351004854;33.91123213987633;blaTEM-135;spvD;;;;;;63472
S03436-2022-06-A10_bin_1;IncX1;conjugative;-1.0;6.072249348661486;33.91133370949691;blaTEM-135;;;;;;;45040
S3877-2023-02-D08_bin_0;IncX1;conjugative;-1.0;6.072204186842342;33.911275387725425;blaTEM-1B;;;;;;;45040
6502100274_bin_0;Col440I;mobilizable;-1.0;-25.02481909796222;19.88135728882104;;;;;;;;4096
S4050-2023-09-E07_bin_0;IncX1;conjugative;-1.0;3.097980960796276;5.511304356302704;;;;;;;;42668
S3798-2022-16-D02_bin_0;IncA/C2;conjugative;9.0;2.709478994495724;64.07981571265537;blaCMY-2,tet(A);ybtP;;;;;;204337
S3798-2022-16-D02_bin_1;IncI2;conjugative;10.0;11.362870512773714;64.02204684409189;;;;;;;;56978
S3798-2022-16-D02_bin_2;No hit found;mobilizable;-1.0;-4.148243539454222;29.72155811325534;;;;;;;;3372
S3798-2022-16-D02_bin_3;Col440I;mobilizable;30.0;-19.909228614739117;7.346422890739878;qnrB19;;;;;;;2989
S4099-2023-11-F04_bin_0;IncFIC(FII),IncR;conjugative;10.0;12.117344171401951;57.24571615480835;qnrS1,tet(A);;silS;;;;;75193
S3717-2022-13-F02_bin_0;IncA/C2;mobilizable;37.0;8.711201918280867;40.47609210819328;aph(3')-Ia,blaCMY-2,sul2;ybtP;;;;;;171286
S3717-2022-13-F02_bin_1;Col440I;mobilizable;30.0;-19.897037601434445;7.426249812165464;qnrB19;;;;;;;2989
S3717-2022-13-F02_bin_Unbinned;No hit found;non-mobilizable;24.0;-4.477206596908756;23.078432357739143;;;;;;;;30070
S3967-2023-04-G03_bin_Unbinned;IncX1;conjugative;-1.0;3.0981379612141917;5.520647868818005;;;;;;;;40287
S4039-2023-09-C08_bin_0;IncX1;conjugative;-1.0;3.097976878218657;5.512721916163208;;;;;;;;42615
S03465-2022-07-F06_bin_0;IncX1;conjugative;-1.0;3.097980960796276;5.511304356302704;;;;;;;;42668
S03525-2022-08-F03_bin_0;IncA/C2;conjugative;9.0;2.453337322699881;63.59465553015416;aph(3')-Ia,blaCMY-2,tet(A);ybtP;;;;;;208320
S03525-2022-08-F03_bin_1;No hit found;mobilizable;-1.0;-4.148243539454222;29.72155811325534;;;;;;;;3372
S03525-2022-08-F03_bin_2;Col440I;mobilizable;30.0;-19.897037601434445;7.426249812165464;qnrB19;;;;;;;2989
S03525-2022-08-F03_bin_3;ColpVC;mobilizable;-1.0;-7.042957984488619;33.73333202139034;;;;;;;;2096
6502100005_bin_0;No hit found;non-mobilizable;-1.0;16.15583805841505;25.350798890120416;;;;;;;;23359
6502100005_bin_Unbinned;No hit found;non-mobilizable;-;-;-;;;;;;;;4795
S3874-2023-02-C07_bin_Unbinned;IncX1;conjugative;-1.0;3.0981379612141917;5.520647868818005;;;;;;;;40290
S03472-2022-08-B05_bin_0;IncFII(S),IncX1;conjugative;-1.0;3.0993342186420767;5.4997131236328025;;spvD;;;;;;74599
S3809-2022-16-G02_bin_0;IncFII(S),IncX1;conjugative;-1.0;3.099370158624571;5.499381898754632;;spvD;;;;;;74541
S3933-2023-04-A08_bin_0;IncFIA(HI1),IncHI1A,IncHI1B(R27);conjugative;-1.0;15.812945044909515;37.91973070633794;blaTEM-1B,dfrA12,floR,qnrS1,sul2,sul3,tet(A),tet(M);;pcoA,pcoB,pcoC,silA,silB,silC,silF,silS;;;;;239492
S3933-2023-04-A08_bin_1;No hit found;mobilizable;24.0;-7.297000960964679;22.34414786231594;;;;;;;;5650
S3933-2023-04-A08_bin_Unbinned;No hit found;non-mobilizable;-;-;-;;;;;;;;77175
S3896-2023-03-A10_bin_0;IncHI2,IncHI2A;conjugative;35.0;20.03262220496976;42.688672632821216;aph(3')-Ia,mcr-9.1,sul1;;terD,terW,terZ;;;;;327235
S3961-2024-03-A07_bin_Unbinned;IncX1;conjugative;-1.0;3.0981379612141917;5.520647868818005;;;;;;;;40535
S4018-2023-08-C06_bin_0;IncI1;conjugative;9.0;2.3969881171591454;63.61909605175892;blaTEM-103,lnu(F),sul3;;;;;;;71861
S4018-2023-08-C06_bin_1;No hit found;mobilizable;24.0;-7.136729682483243;24.29612160570857;;;;;;;;6365
S4018-2023-08-C06_bin_2;IncQ1;mobilizable;23.0;-18.35432686971143;3.794842327658194;;;;;;;;5803
S4018-2023-08-C06_bin_3;No hit found;mobilizable;-1.0;-4.148243539454222;29.72155811325534;;;;;;;;3371
S4018-2023-08-C06_bin_4;No hit found;mobilizable;24.0;-9.250551019911658;19.32404781156593;;;;;;;;3360
S4018-2023-08-C06_bin_5;ColpVC;mobilizable;-1.0;-7.042957984488619;33.73333202139034;;;;;;;;2096
S3672-2022-12-F01_bin_0;IncFII(SARC14),IncFII(Yp);conjugative;-1.0;10.77367610896194;28.251677272905305;;;;;;;;63860
S3672-2022-12-F01_bin_1;IncFII(p96A);conjugative;-1.0;-2.037597685180412;35.21837278540924;;;;;;;;48639
S4234-2024-01-B02_bin_0;IncFIB(S),IncFII(S);conjugative;-1.0;16.221045628513867;25.21761379545767;;;;;;;;89532
S4043-2023-09-C12_bin_0;IncX1;conjugative;-1.0;3.097980960796276;5.511304356302704;;;;;;;;42668
S4000-2023-07-D07_bin_0;IncA/C2;conjugative;9.0;2.7521585901396106;64.05044748970933;blaCMY-2,sul2;ybtP;;;;;;183800
S4000-2023-07-D07_bin_1;No hit found;mobilizable;-1.0;-4.148243539454222;29.72155811325534;;;;;;;;3372
S4000-2023-07-D07_bin_2;Col440I;mobilizable;30.0;-19.916557833355004;7.487768646169196;qnrB19;;;;;;;2989
S03587-2022-10-E05_bin_0;No hit found;conjugative;9.0;3.299654184960888;63.14575835967483;aadA1;ybtP;;;;;;275156
S3928-2023-04-A03_bin_0;IncA/C2,IncI1;conjugative;9.0;2.6338326575041497;64.18628793524155;blaCMY-2,sul2;ybtP;;;;;;283083
S3928-2023-04-A03_bin_1;IncX1;conjugative;-1.0;3.097759562919497;5.436329888674944;;;;;;;;37697
S3928-2023-04-A03_bin_2;No hit found;mobilizable;24.0;-11.51614146252804;18.413750720618403;;;;;;;;4677
S4111-2023-11-H04_bin_0;IncA/C2;conjugative;9.0;2.461588024132785;63.59311708927077;blaCMY-2;ybtP;;;;;;146602
S4111-2023-11-H04_bin_1;No hit found;mobilizable;24.0;-7.136139286925466;24.299888594230623;;;;;;;;5615
S4111-2023-11-H04_bin_2;Col440I;mobilizable;30.0;-19.897037601434445;7.426249812165464;qnrB19;;;;;;;2989
S4111-2023-11-H04_bin_3;ColpVC;mobilizable;-1.0;-7.042957984488619;33.73333202139034;;;;;;;;2096
S4072-2023-14-E08_bin_0;IncA/C2;mobilizable;37.0;7.832179448339602;39.86607137571728;sul2;;;;;;;73608
S4072-2023-14-E08_bin_1;IncX1;conjugative;-1.0;3.097759562919497;5.436329888674944;;;;;;;;37697
S4072-2023-14-E08_bin_2;IncI1;conjugative;9.0;2.5712367050697744;63.967391176734026;blaCMY-2,sul3;;;;;;;249480
S4072-2023-14-E08_bin_3;No hit found;mobilizable;24.0;-8.152213182846104;20.866133793665867;;;;;;;;3282
S03419-2022-05-B06_bin_0;IncI1;conjugative;9.0;2.5472822750231696;63.54451833392452;;;;;;;;98150
S03419-2022-05-B06_bin_1;IncQ1,IncX1;conjugative;-1.0;11.978290321429071;29.18835625709297;aph(3'')-Ib,aph(6)-Id,dfrA5;;;;;;;37951
S03419-2022-05-B06_bin_Unbinned;No hit found;non-mobilizable;-;-;-;;;;;;;;1740
S3728-2022-14-B03_bin_0;IncA/C2;conjugative;9.0;2.45617247529136;63.58222403004719;aph(3')-Ia,blaCMY-2,tet(A);ybtP;;;;;;203528
S3728-2022-14-B03_bin_1;No hit found;mobilizable;24.0;-7.228572861337855;21.954336313415563;;;;;;;;6537
S3728-2022-14-B03_bin_2;No hit found;mobilizable;-1.0;-22.07248972487438;18.13879236875417;;;;;;;;4657
S3728-2022-14-B03_bin_3;No hit found;mobilizable;24.0;-7.661592439501899;20.73938040930381;;;;;;;;4462
S3728-2022-14-B03_bin_4;ColpVC;mobilizable;1.0;-20.72545603545952;38.90714056356387;;;;;;;;2257
S4145-2023-14-D01_bin_Unbinned;IncX1;conjugative;-1.0;3.0981379612141917;5.520647868818005;;;;;;;;40283
69136311-2020-11-A04_bin_0;No hit found;conjugative;9.0;3.0325869942756376;62.69945316245806;aadA1,dfrA14;ybtP;;;;;;279426
S03589-2022-10-E07_bin_0;IncHI2,IncHI2A;non-mobilizable;35.0;19.36993605212877;42.63027209508449;;;terD,terW,terZ;;;;;124376
S03589-2022-10-E07_bin_1;No hit found;mobilizable;-1.0;-4.148243539454222;29.72155811325534;;;;;;;;3373
S03589-2022-10-E07_bin_2;Col440I;mobilizable;30.0;-19.897999847625577;7.419921205090421;qnrB19;;;;;;;2978
S03570-2022-10-A12_bin_0;IncA/C2;conjugative;9.0;2.7204634482274512;64.06539623582651;blaCMY-2,sul2;ybtP;;;;;;198389
S03570-2022-10-A12_bin_1;No hit found;mobilizable;-1.0;-4.148243539454222;29.72155811325534;;;;;;;;3372
S3838-2022-21-A11_bin_Unbinned;IncX1;conjugative;-1.0;3.0981379612141917;5.520647868818005;;;;;;;;40532
S4129-2023-14-B02_bin_0;IncX1;conjugative;-1.0;3.097980960796276;5.511304356302704;;;;;;;;42668
S03453-2022-07-B08_bin_0;IncFII(S),IncX1;conjugative;-1.0;3.0993342186420767;5.4997131236328025;;spvD;;;;;;74571
S3631-2022-11-E09_bin_0;IncA/C2,IncI1;conjugative;9.0;2.5484039265249696;63.95226380789188;blaCMY-2,sul2;ybtP;;;;;;255460
S3631-2022-11-E09_bin_1;IncX1;conjugative;-1.0;3.1047225554339204;5.493597921184503;;;;;;;;36498
S3631-2022-11-E09_bin_2;ColpVC;mobilizable;-1.0;-7.042957984488619;33.73333202139034;;;;;;;;2096
S3631-2022-11-E09_bin_Unbinned;Col440I;mobilizable;24.0;-9.701400277032564;22.407318996285344;;;;;;;;7154
S3539-2022-09-B04_bin_Unbinned;IncX1;conjugative;-1.0;3.0981379612141917;5.520647868818005;;;;;;;;40280
S00977-2020-12-A04_bin_0;No hit found;conjugative;9.0;3.0354307311430317;62.70472789296423;aadA1,dfrA14;ybtP;;;;;;280670
S4083-2023-11-B12_bin_0;IncX1;conjugative;-1.0;3.097980960796276;5.511304356302704;;;;;;;;42668
S4331-2024-05-H10_bin_0;IncFII(S),IncX1;conjugative;-1.0;3.0993342186420767;5.4997131236328025;;spvD;;;;;;74571
S4332-2024-05-A11_bin_0;IncX4;conjugative;9.0;2.8514354881748964;62.40698772228013;blaTEM-1B,dfrA14,lnu(G),tet(A);ybtP;;;;;;315496
S4109-2023-11-G09_bin_0;No hit found;conjugative;9.0;3.037637672263414;62.7089618198464;dfrA14,tet(A);ybtP;;;;;;279435
S3549-2022-09-D08_bin_0;IncA/C2;conjugative;9.0;-0.8559092302384074;64.07814104129987;blaCMY-2,sul2;ybtP;;;;;;201579
S3549-2022-09-D08_bin_1;No hit found;mobilizable;24.0;-7.141182034977042;24.31596862936788;;;;;;;;5631
S3549-2022-09-D08_bin_2;ColpVC;mobilizable;-1.0;-7.042957984488619;33.73333202139034;;;;;;;;2096
S3549-2022-09-D08_bin_Unbinned;IncX1,IncX4;conjugative;-1.0;3.098118902974386;5.425903891941733;;;;;;;;65769
S4143-2023-14-C08_bin_0;IncX1;conjugative;-1.0;3.097980960796276;5.511304356302704;;;;;;;;42668
S3606-2022-11-G04_bin_0;No hit found;conjugative;9.0;3.3058599001766638;63.22452053088938;sul1;ybtP;merC,merT;;;;;270738
S03527-2022-08-G05_bin_0;No hit found;mobilizable;23.0;-18.03352637620468;4.566771071844571;dfrA14;;;;;;;6790
S03584-2022-10-D08_bin_0;No hit found;conjugative;9.0;3.3016560872912897;63.159357432815305;aadA1;ybtP;;;;;;273474
6502100276_bin_0;Col440I;mobilizable;-1.0;-19.713262097947748;15.873399978213582;;;;;;;;3830
6502100276_bin_1;No hit found;mobilizable;24.0;-8.019893166674052;20.336800696680623;;;;;;;;3554
S3608-2022-11-H04_bin_0;IncA/C2,IncFII(pHN7A8);conjugative;10.0;6.981420302424197;58.27454992826873;blaCMY-2,blaCTX-M-55,tet(A);ybtP;;;;;;262330
S03567-2022-10-A09_bin_0;IncA/C2;conjugative;9.0;2.554212251795855;63.75999468592348;blaCMY-2,sul2;ybtP;;;;;;192609
S03567-2022-10-A09_bin_1;IncX1;conjugative;-1.0;3.097759562919497;5.436329888674944;;;;;;;;37697
S03567-2022-10-A09_bin_2;No hit found;mobilizable;-1.0;-3.700178199843778;25.21864392030095;;;;;;;;3820
S03567-2022-10-A09_bin_3;No hit found;mobilizable;24.0;-8.152213182846104;20.866133793665867;;;;;;;;3282
S03567-2022-10-A09_bin_4;ColpVC;mobilizable;-1.0;-7.042957984488619;33.73333202139034;;;;;;;;2096
6502100207_bin_0;IncA/C2;conjugative;37.0;8.629616713421337;41.66557764588054;blaCMY-2,cpxA,tet(A);ybtP;;;;;;373164
6502100207_bin_1;IncX1;conjugative;-1.0;3.097759562919497;5.436329888674944;;;;;;;;37697
6502100207_bin_2;No hit found;mobilizable;24.0;-7.205032679224929;21.916670405808617;;;;;;;;5355
6502100207_bin_3;No hit found;mobilizable;-1.0;-4.148243539454222;29.72155811325534;;;;;;;;3377
6502100207_bin_4;No hit found;mobilizable;24.0;-8.150718595046506;20.883323257651536;;;;;;;;3282
6502100207_bin_5;ColpVC;mobilizable;-1.0;-7.042957984488619;33.73333202139034;;;;;;;;2096
S00752-2020-11-D06_bin_0;No hit found;conjugative;9.0;2.820629801965216;62.42670763321075;dfrA14,tet(A);ybtP;;;;;;279032
S3735-2022-14-E01_bin_0;IncA/C2;conjugative;37.0;8.091968130745444;40.51263999453896;blaCMY-2,tet(A);ybtP;;;;;;191337
S3735-2022-14-E01_bin_1;No hit found;mobilizable;-1.0;-4.148243539454222;29.72155811325534;;;;;;;;3374
S01376-2020-12-A06_bin_0;No hit found;conjugative;9.0;3.0443308247261736;62.72273409679741;sul1;ybtP;;;;;;273731
S4102-2023-11-E08_bin_0;IncX1;conjugative;-1.0;3.097980960796276;5.511304356302704;;;;;;;;42668
S3862-2023-01-E11_bin_0;IncFIB(S),IncFII(S);conjugative;-1.0;10.553665023862475;27.986763517164917;;spvD;;;;;;93498
S3862-2023-01-E11_bin_1;ColpVC;mobilizable;-1.0;-7.042957984488619;33.73333202139034;;;;;;;;2097
S3862-2023-01-E11_bin_Unbinned;No hit found;non-mobilizable;-;-;-;cpxA;;;;;;;23573
6502100275_bin_0;Col440I;mobilizable;-1.0;-19.72149995379232;15.85006989400661;;;;;;;;1976
69136508-2020-11-A05_bin_0;No hit found;conjugative;9.0;3.0354307311430317;62.70472789296423;aadA1,dfrA14;ybtP;;;;;;279425
69484794-2020-11-A03_bin_0;No hit found;conjugative;9.0;3.03314999952572;62.70101432189321;aadA1,dfrA14;ybtP;;;;;;279427
S4238-2024-01-C09_bin_0;No hit found;conjugative;9.0;3.167000801864203;62.95552458243299;dfrA14,sul1;ybtP;;;;;;278656
S4238-2024-01-C09_bin_1;IncX4;conjugative;55.0;9.104975232417775;32.590228954332375;blaTEM-1B;;;;;;;42455
S3844-2022-21-C01_bin_0;IncA/C2,p0111;mobilizable;16.0;1.5988776812262089;44.43987900086911;tet(A);ybtP;;;;;;238725
S3844-2022-21-C01_bin_1;No hit found;conjugative;9.0;2.487744827049923;63.56328135398867;blaCMY-2;;;;;;;52913
S3844-2022-21-C01_bin_2;IncX1;conjugative;-1.0;3.097759562919497;5.436329888674944;;;;;;;;37697
S3844-2022-21-C01_bin_3;No hit found;mobilizable;-1.0;-4.148243539454222;29.72155811325534;;;;;;;;3372
S3844-2022-21-C01_bin_4;Col440I;mobilizable;30.0;-19.87079652328081;7.496053601524284;qnrB19;;;;;;;2740
S3844-2022-21-C01_bin_Unbinned;No hit found;non-mobilizable;-1.0;-1.4906094055023895;-64.58445681717173;;;;;;;;1006
S3847-2023-01-B01_bin_0;p0111;conjugative;9.0;2.7486641698801577;64.14851885779636;blaCMY-2,tet(A);ybtP;;;;;;254483
S3847-2023-01-B01_bin_1;IncX1;conjugative;-1.0;3.097759562919497;5.436329888674944;;;;;;;;37697
S3847-2023-01-B01_bin_2;IncA/C2;mobilizable;37.0;7.720429822577627;39.54347797536522;;;;;;;;37091
S3847-2023-01-B01_bin_3;No hit found;mobilizable;-1.0;-4.148243539454222;29.72155811325534;;;;;;;;3372
S3847-2023-01-B01_bin_4;Col440I;mobilizable;30.0;-19.87079652328081;7.496053601524284;qnrB19;;;;;;;2740
S3847-2023-01-B01_bin_Unbinned;No hit found;non-mobilizable;-1.0;-1.4906094055023895;-64.58445681717173;;;;;;;;1005
S4321-2024-05-H07_bin_Unbinned;IncX1;conjugative;-1.0;3.0981379612141917;5.520647868818005;;;;;;;;40281
S03411-2022-04-B08_bin_0;IncFII(S),IncX1;conjugative;10.0;13.142115959275428;59.28202586610474;;spvD;;;;;;80014
S02753-2021-12-C03_bin_0;Col156,Col156;mobilizable;11.0;-11.132142887605903;37.920275310143495;;;;;;;;10675
S03473-2022-08-B06_bin_0;IncX1;mobilizable;-1.0;19.31963666107726;37.37342395506367;aadA2,aph(6)-Id,tet(A);;;;;;;27020
S03473-2022-08-B06_bin_1;IncQ1;mobilizable;23.0;-18.35432686971143;3.794842327658194;;;;;;;;6477
1092000906_bin_0;No hit found;mobilizable;-1.0;-4.169498492899306;29.7345746178375;;;;;;;;3373
S03368-2022-01-F03_bin_0;No hit found;mobilizable;-1.0;-4.148243539454222;29.72155811325534;;;;;;;;3372
S03368-2022-01-F03_bin_1;No hit found;mobilizable;43.0;-23.03404255914289;19.73479270674765;;;;;;;;5304
S03368-2022-01-F03_bin_2;Col440I;mobilizable;30.0;-19.90926155022922;7.346564983037414;qnrB19;;;;;;;2989
S03368-2022-01-F03_bin_3;Col440I;mobilizable;-1.0;-18.119697317168495;17.224282120991425;;;;;;;;2213
S03368-2022-01-F03_bin_Unbinned;No hit found;non-mobilizable;-1.0;-14.077692178385098;22.62044346616905;;;;;;;;1550
S3668-2022-12-E08_bin_0;IncA/C2;conjugative;37.0;8.180879856209378;40.63627354785256;blaCMY-2,tet(A);ybtP;;;;;;210826
S3668-2022-12-E08_bin_1;IncX1;conjugative;-1.0;3.097759562919497;5.436329888674944;;;;;;;;37697
S3668-2022-12-E08_bin_2;No hit found;mobilizable;24.0;-8.276348273512287;23.79410559786068;;;;;;;;6052
S3668-2022-12-E08_bin_3;Col(BS512);non-mobilizable;2.0;-21.789235509021253;33.48279025931575;;;;;;;;2089
S3915-2023-03-F01_bin_0;IncX1;conjugative;-1.0;3.097978721897294;5.5129200182983;;;;;;;;42603
S3899-2023-03-B03_bin_0;No hit found;non-mobilizable;-1.0;11.192360897846068;46.5947158203392;;;;;;;;20595
S3899-2023-03-B03_bin_1;No hit found;mobilizable;-1.0;-4.148243539454222;29.72155811325534;;;;;;;;3374
S03591-2022-10-F06_bin_0;IncA/C2,IncX1;conjugative;9.0;2.1524188270240114;63.18033264513398;aph(3')-Ia,blaCMY-2,tet(A);ybtP;silA,silB,silC,silF,silS;;;;;209681
S03591-2022-10-F06_bin_1;No hit found;mobilizable;-1.0;-4.148243539454222;29.72155811325534;;;;;;;;3374
S03591-2022-10-F06_bin_2;Col440I;mobilizable;24.0;-9.70668677528661;22.40920270336361;;;;;;;;3256
S03591-2022-10-F06_bin_3;No hit found;mobilizable;-1.0;-24.13156346139211;20.196458561155392;;;;;;;;3223
S03591-2022-10-F06_bin_4;ColpVC;mobilizable;-1.0;-7.042957984488619;33.73333202139034;;;;;;;;2095
S4122-2023-14-A04_bin_0;No hit found;conjugative;9.0;3.037637672263414;62.7089618198464;aadA1,dfrA14;ybtP;;;;;;280085
S0250-2020-11-B07_bin_0;No hit found;mobilizable;11.0;-10.098782723420696;39.40397768347;;ybtP;;;;;;169333
S4082-2023-11-B11_bin_0;IncX1;conjugative;-1.0;3.097980960796276;5.511304356302704;;;;;;;;42668
S4049-2023-09-E06_bin_0;IncX1;conjugative;-1.0;3.097980960796276;5.511304356302704;;;;;;;;42668
S03372-2022-02-B05_bin_0;IncA/C2;conjugative;9.0;2.453319096768473;63.594647136192776;aph(3')-Ia,blaCMY-2,tet(A);ybtP;;;;;;203586
S03372-2022-02-B05_bin_1;No hit found;mobilizable;-1.0;-24.13156346139211;20.196458561155392;;;;;;;;3223
S0126-2020-11-B05_bin_0;IncX4;conjugative;55.0;9.175239297044904;32.58845710656315;lnu(G);;;;;;;40503
S3554-2022-09-E11_bin_0;IncA/C2;conjugative;9.0;2.548015008867583;63.74476319287867;blaCMY-2,sul2;ybtP;;;;;;190910
S3554-2022-09-E11_bin_1;IncX1;conjugative;-1.0;3.097759562919497;5.436329888674944;;;;;;;;37697
S3554-2022-09-E11_bin_2;No hit found;mobilizable;24.0;-11.51614146252804;18.413750720618403;;;;;;;;4677
S3554-2022-09-E11_bin_3;ColpVC;mobilizable;-1.0;-7.042957984488619;33.73333202139034;;;;;;;;2096
S4201-2023-17-G07_bin_0;IncX4;conjugative;9.0;2.840770749109675;62.39317696831092;blaTEM-1B,dfrA14,lnu(G),sul1;ybtP;;;;;;318744
S4201-2023-17-G07_bin_Isolated_0;No hit found;non-mobilizable;-;-;-;;;;;;;;18175
S03457-2022-07-D06_bin_0;No hit found;conjugative;9.0;3.0404661662972945;62.7143966150546;tet(A);ybtP;;;;;;273983
S4019-2023-08-C07_bin_0;IncA/C2;conjugative;9.0;2.723376046636835;64.06591819563815;blaCMY-2,sul2,tet(A);ybtP;;;;;;197612
S4019-2023-08-C07_bin_1;No hit found;non-mobilizable;23.0;-18.998643528502942;3.648198871228502;aadA1;;;;;;;4354
S3765-2022-15-D05_bin_0;IncA/C2;conjugative;9.0;2.4729642640881715;63.57024610286259;blaCMY-2,sul2;;;;;;;105918
S3765-2022-15-D05_bin_1;No hit found;mobilizable;0.0;-33.90309615355129;35.75439877230698;;;;;;;;4110
S3765-2022-15-D05_bin_2;No hit found;mobilizable;-1.0;-4.148243539454222;29.72155811325534;;;;;;;;3372
S3765-2022-15-D05_bin_3;No hit found;mobilizable;24.0;-8.839398240119683;21.185523790810272;;;;;;;;3212
S3765-2022-15-D05_bin_4;Col440I;mobilizable;30.0;-19.897037601434445;7.426249812165464;qnrB19;;;;;;;2989
S3765-2022-15-D05_bin_5;ColpVC;mobilizable;-1.0;-7.042957984488619;33.73333202139034;;;;;;;;2096
S3910-2023-03-E08_bin_0;IncX1;conjugative;-1.0;3.097978721897294;5.5129200182983;;;;;;;;42605
6502100351_bin_Unbinned;IncFIB(S),IncFII(S);conjugative;-1.0;10.555893049212498;27.98372530769713;;spvD;;;;;;93830
6502100514_bin_0;p0111;non-mobilizable;16.0;1.2364334397938928;44.1043299118131;;;;;;;;88922
6502100514_bin_1;No hit found;mobilizable;-1.0;-21.718282093240177;21.593753822524867;;;;;;;;4664
6502100514_bin_2;Col440I;mobilizable;-1.0;-19.702546795259305;15.855583411630386;;;;;;;;3830
S3648-2022-12-B09_bin_0;IncQ2;mobilizable;-1.0;16.587389900928894;19.508006787777003;qnrS2;;;;;;;7615
S3648-2022-12-B09_bin_1;No hit found;non-mobilizable;-;-;-;;;;;;;;1240
S3716-2022-13-E11_bin_0;IncA/C2;conjugative;9.0;1.65537127186522;62.4825268841776;aph(3')-Ia,blaCMY-2,sul2;ybtP;;;;;;196531
S3716-2022-13-E11_bin_1;No hit found;mobilizable;0.0;-33.90309615355129;35.75439877230698;;;;;;;;4110
S3716-2022-13-E11_bin_2;No hit found;mobilizable;24.0;-9.657653078189911;22.30590453135121;;;;;;;;2285
S03407-2022-04-B04_bin_0;No hit found;conjugative;9.0;3.037637672263414;62.7089618198464;dfrA14,tet(A);ybtP;;;;;;279442
S3929-2023-04-A04_bin_0;IncA/C2,IncHI2,IncHI2A,IncI1;conjugative;9.0;2.488309570922325;63.70319544876183;blaCMY-2,sul2,tet(D);ybtP;;;;;;368961
S3929-2023-04-A04_bin_1;IncX1;conjugative;-1.0;3.097759562919497;5.436329888674944;;;;;;;;37697
103200-018-038_bin_0;No hit found;mobilizable;23.0;-18.033584239574893;4.566815599160113;sul2;;;;;;;6789
S3597-2022-11-A04_bin_0;IncA/C2;conjugative;37.0;8.17121383373076;40.62107670458935;tet(A);ybtP;;;;;;210813
S3597-2022-11-A04_bin_1;IncX1;conjugative;-1.0;3.097759562919497;5.436329888674944;;;;;;;;37697
S3597-2022-11-A04_bin_2;No hit found;mobilizable;24.0;-8.125755394267118;20.80197808044077;;;;;;;;4054
S03532-2022-08-G10_bin_0;No hit found;conjugative;-1.0;16.857657475207674;19.9910968431617;;;;;;;;94769
S03532-2022-08-G10_bin_1;IncFIB(S);conjugative;-1.0;10.786323085034072;28.26008496935645;;;;;;;;118105
S4228-2024-01-A03_bin_0;No hit found;non-mobilizable;10.0;8.03393615675183;61.94050444268156;dfrA8;;;;;;;17044
S4313-2024-05-A04_bin_0;IncA/C2;conjugative;37.0;9.01138437986964;40.53556409831192;sul2;ybtP;;;;;;213192
S4313-2024-05-A04_bin_1;No hit found;mobilizable;24.0;-8.006167353609076;20.39007574847669;;;;;;;;3319
S3996-2023-06-B03_bin_0;No hit found;conjugative;9.0;3.079282606905818;62.776342489570055;dfrA1;ybtP;;;;;;270318
S4152-2023-14-F06_bin_Unbinned;IncX1;conjugative;-1.0;3.0981379612141917;5.520647868818005;;;;;;;;40285
S3857-2023-01-E02_bin_Unbinned;IncX1;conjugative;-1.0;3.0981379612141917;5.520647868818005;;;;;;;;40286
6502100044_bin_0;IncFIB(pB171);non-mobilizable;-1.0;21.346536878080222;27.236526207733824;;mchF;;;;;;74580
6502100044_bin_Unbinned;IncFII(S);conjugative;-1.0;10.753093777914144;28.249814426776343;;;;;;;;97260
69969941-2020-11-A11_bin_0;No hit found;conjugative;9.0;3.03314999952572;62.70101432189321;aadA1,dfrA14;ybtP;;;;;;279426
S4025-2023-08-D08_bin_0;No hit found;conjugative;9.0;2.8202079535758795;62.42733784735682;aadA1,dfrA14;ybtP;;;;;;276703
S00512-2020-11-C06_bin_0;No hit found;conjugative;9.0;3.0017237525650824;62.64043851526712;dfrA14,tet(A);ybtP;;;;;;276788
S4125-2023-14-A08_bin_0;IncA/C2;conjugative;37.0;7.817649594026466;40.51264951169405;tet(A);ybtP;;;;;;164024
S4125-2023-14-A08_bin_1;IncX1;conjugative;-1.0;3.097759562919497;5.436329888674944;;;;;;;;37697
S4125-2023-14-A08_bin_2;No hit found;non-mobilizable;-1.0;4.908371910309327;37.9871282127625;blaCMY-2;;;;;;;11606
S4125-2023-14-A08_bin_3;No hit found;mobilizable;-1.0;-4.148243539454222;29.72155811325534;;;;;;;;3373
S4125-2023-14-A08_bin_4;ColpVC;mobilizable;-1.0;-7.042957984488619;33.73333202139034;;;;;;;;2096
S4125-2023-14-A08_bin_5;No hit found;mobilizable;41.0;-18.42402075994277;14.957456426751827;;;;;;;;1933
S03593-2022-10-H11_bin_0;IncN;conjugative;-1.0;6.211556677582035;33.9826442886891;aph(6)-Id;;;;;;;47469
S3858-2023-01-E03_bin_0;IncX1;conjugative;-1.0;3.097980960796276;5.511304356302704;;;;;;;;42668
69447716-2020-11-A02_bin_0;No hit found;conjugative;9.0;3.0353419288114982;62.70521903358591;dfrA14,tet(A);ybtP;;;;;;278198
S3833-2022-20-G09_bin_0;IncFII(S),IncX1;conjugative;-1.0;3.0993342186420767;5.4997131236328025;;spvD;;;;;;74580
S3922-2023-03-F08_bin_0;IncA/C2;conjugative;37.0;8.180485284714997;40.63580759202569;blaCMY-2,sul2;ybtP;;;;;;206782
S3922-2023-03-F08_bin_1;IncX1;conjugative;-1.0;3.097759562919497;5.436329888674944;;;;;;;;37697
S3922-2023-03-F08_bin_2;IncQ1;mobilizable;24.0;-6.737772642192037;20.36863664529689;aph(3')-Ia;;;;;;;6347
S3922-2023-03-F08_bin_3;No hit found;mobilizable;24.0;-8.35453821192497;23.76377612961168;;;;;;;;6052
S3922-2023-03-F08_bin_4;No hit found;mobilizable;24.0;-7.839382624781008;20.37089146493396;;;;;;;;3597
S3922-2023-03-F08_bin_5;No hit found;mobilizable;-1.0;-4.148243539454222;29.72155811325534;;;;;;;;3373
S3922-2023-03-F08_bin_6;No hit found;mobilizable;24.0;-8.152213182846104;20.866133793665867;;;;;;;;3282
S3922-2023-03-F08_bin_7;Col(BS512);non-mobilizable;2.0;-22.074710689359677;34.51032062272027;;;;;;;;2089
S3760-2022-15-C02_bin_0;IncA/C2,IncI1;conjugative;9.0;2.5541200178131667;63.94784633184878;tet(A);ybtP;;;;;;250160
S3760-2022-15-C02_bin_1;IncX1;conjugative;-1.0;3.097759562919497;5.436329888674944;;;;;;;;37697
S3760-2022-15-C02_bin_2;No hit found;mobilizable;24.0;-11.51614146252804;18.413750720618403;;;;;;;;4677
S3760-2022-15-C02_bin_3;ColpVC;mobilizable;-1.0;-7.042957984488619;33.73333202139034;;;;;;;;2096
S4302-2024-04-B05_bin_0;IncQ1;mobilizable;23.0;-18.35434012768247;3.7946820557724;;;;;;;;8132
S4302-2024-04-B05_bin_1;No hit found;non-mobilizable;1.0;-20.725486646772858;38.90716708190724;;;;;;;;1952
S3753-2022-15-A07_bin_0;IncA/C2;conjugative;9.0;-1.007822795261862;63.69297703285681;blaCMY-2,sul2;;;;;;;201583
S3753-2022-15-A07_bin_1;IncX1;conjugative;-1.0;3.097759562919497;5.436329888674944;;;;;;;;37697
S3753-2022-15-A07_bin_2;ColpVC;mobilizable;-1.0;-7.042957984488619;33.73333202139034;;;;;;;;2096
S03520-2022-08-D06_bin_0;IncA/C2;conjugative;9.0;2.720427388905792;64.06048751428389;blaCMY-2,tet(A);ybtP;;;;;;197439
S03520-2022-08-D06_bin_1;No hit found;mobilizable;0.0;-33.902540757011735;35.75242184709725;;;;;;;;4110
S03520-2022-08-D06_bin_2;Col440I;mobilizable;30.0;-19.897037601434445;7.426249812165464;qnrB19;;;;;;;2989
S4219-2023-19-D07_bin_Unbinned;IncX1;conjugative;-1.0;3.0981379612141917;5.520647868818005;;;;;;;;40535
S3911-2023-03-E09_bin_0;No hit found;conjugative;9.0;2.470503607810708;63.56266371841078;blaCMY-2;;;;;;;89846
S3911-2023-03-E09_bin_1;IncA/C2;mobilizable;37.0;7.782455591021655;40.30109306526502;tet(A);;;;;;;80778
S3911-2023-03-E09_bin_2;IncX1;conjugative;-1.0;3.097759562919497;5.436329888674944;;;;;;;;37697
S3911-2023-03-E09_bin_3;No hit found;mobilizable;24.0;-8.30732112802332;19.569203807410823;;;;;;;;4003
S3911-2023-03-E09_bin_4;No hit found;mobilizable;-1.0;-4.148243539454222;29.72155811325534;;;;;;;;3374
S3911-2023-03-E09_bin_5;ColpVC;mobilizable;1.0;-20.72545603545952;38.90714056356387;;;;;;;;2257
S03522-2022-08-D08_bin_0;No hit found;mobilizable;-1.0;-14.791261518036398;4.263577539143543;;;;;;;;3967
S03522-2022-08-D08_bin_1;No hit found;mobilizable;-;-;-;;;;;;;;3768
S03522-2022-08-D08_bin_Isolated_0;No hit found;non-mobilizable;-;-;-;;;;;;;;14831
S3603-2022-11-F11_bin_0;IncA/C2;conjugative;9.0;2.751937011337423;64.05036144569844;blaCMY-2,tet(A);ybtP;;;;;;183786
S3603-2022-11-F11_bin_1;No hit found;mobilizable;-1.0;-4.148243539454222;29.72155811325534;;;;;;;;3372
S3603-2022-11-F11_bin_2;Col440I;mobilizable;30.0;-19.89703733539306;7.426250508829705;qnrB19;;;;;;;2989
S4103-2023-11-G02_bin_Unbinned;IncX1;conjugative;-1.0;3.0981379612141917;5.520647868818005;;;;;;;;40288
S4303-2024-04-C05_bin_0;IncHI2,IncHI2A;conjugative;35.0;20.03366812019492;42.683339658826775;aph(3')-Ia,mcr-9.1,sul1;;terD,terW,terZ;;;;;319847
S4303-2024-04-C05_bin_1;Col156;mobilizable;11.0;-11.12082631835681;37.87895040890172;;;;;;;;4301
S4303-2024-04-C05_bin_2;ColRNAI;mobilizable;24.0;-7.703732668601452;20.70069018507984;;;;;;;;4660
S4303-2024-04-C05_bin_3;ColpVC;mobilizable;-1.0;-7.042957984488619;33.73333202139034;;;;;;;;2096
S4303-2024-04-C05_bin_4;No hit found;mobilizable;-1.0;-4.148243539454222;29.72155811325534;;;;;;;;3372
S03431-2022-05-E09_bin_0;IncA/C2;conjugative;37.0;8.148037249593056;40.52222309758844;blaCMY-2,tet(A);ybtP;;;;;;190244
S03431-2022-05-E09_bin_1;Col440I;mobilizable;30.0;-19.90926155022922;7.346564983037414;qnrB19;;;;;;;2989
S4098-2023-11-F03_bin_0;No hit found;mobilizable;24.0;-7.228385432930135;21.950465334177427;;;;;;;;6647
S4098-2023-11-F03_bin_1;No hit found;mobilizable;24.0;-7.141182031613621;24.315968641974365;;;;;;;;5874
S4123-2023-14-A05_bin_0;IncX1;conjugative;-1.0;6.072428486700368;33.91127453152342;blaTEM-1B;;;;;;;45040
S4123-2023-14-A05_bin_1;IncN;conjugative;-1.0;12.163901449693174;35.20895817845055;dfrA14,qnrS1;;;;;;;57134
S00622-2020-11-C12_bin_0;No hit found;conjugative;9.0;3.0354307311430317;62.70472789296423;dfrA14,tet(A);ybtP;;;;;;279366
S4299-2024-04-G04_bin_0;IncI1;conjugative;9.0;2.124811120357663;63.73359699629121;aph(3')-Ia,blaTEM-1B,sul1;;;;;;;97406
S03571-2022-10-C06_bin_0;No hit found;conjugative;9.0;3.299654184960888;63.14575835967483;aadA1;ybtP;;;;;;274548
S4044-2024-03-A01_bin_0;IncX1;conjugative;-1.0;3.097980960796276;5.511304356302704;;;;;;;;42669
S4028-2023-08-E04_bin_0;IncX1;conjugative;-1.0;3.097980960796276;5.511304356302704;;;;;;;;42668
S4225-2023-19-F02_bin_0;IncHI2,IncHI2A;conjugative;35.0;20.01575721940973;42.719146104337895;aph(3')-Ia,mcr-9.1,sul1;;terD,terW,terZ;;;;;669111
S4225-2023-19-F02_bin_1;ColpVC;mobilizable;-1.0;-7.042957984488619;33.73333202139034;;;;;;;;2096
S3607-2022-11-H03_bin_0;IncA/C2;conjugative;9.0;2.7085925335914607;64.06974452191292;blaCMY-2,sul2;ybtP;;;;;;203368
S3607-2022-11-H03_bin_1;No hit found;mobilizable;-1.0;-4.148243539454222;29.72155811325534;;;;;;;;3372
S3607-2022-11-H03_bin_2;No hit found;mobilizable;-1.0;-24.13156346139211;20.196458561155392;;;;;;;;3223
S3607-2022-11-H03_bin_3;Col440I;mobilizable;30.0;-19.897037601434445;7.426249812165464;qnrB19;;;;;;;2989
S3865-2023-02-B03_bin_0;IncA/C2;conjugative;9.0;2.7206551167132007;64.0612814203557;blaCMY-2,tet(A);ybtP;;;;;;197264
S3816-2022-17-B09_bin_0;Col440I;mobilizable;-1.0;-19.717880923830972;15.875472484683668;;;;;;;;3830
S3737-2022-14-E04_bin_0;IncA/C2;conjugative;37.0;7.9944534999052195;40.47280540865267;blaCMY-2,tet(A);;;;;;;192221
S3737-2022-14-E04_bin_1;No hit found;conjugative;-1.0;3.097812097585156;5.426188612901691;;;;;;;;37253
S3737-2022-14-E04_bin_2;No hit found;mobilizable;-1.0;-4.148243539454222;29.72155811325534;;;;;;;;3373
S03519-2022-08-D05_bin_0;No hit found;conjugative;9.0;2.538144033478724;63.477614186334826;sul1;ybtP;merC,merT;;;;;273324
S4150-2023-14-F04_bin_Unbinned;IncX1;conjugative;-1.0;3.0981379612141917;5.520647868818005;;;;;;;;40288
1092000466_bin_0;No hit found;non-mobilizable;41.0;-19.34232974448595;14.840049993767048;;;;;;;;3312
69063535-BGA1-2020-10-H02_bin_0;No hit found;conjugative;9.0;3.0354307311430317;62.70472789296423;aadA1,dfrA14;ybtP;;;;;;279486
S4026-2023-08-B11_bin_0;IncA/C2,IncX1;conjugative;9.0;2.765713326069577;64.08560473487744;blaCMY-2,sul2;ybtP;;;;;;225750
S4026-2023-08-B11_bin_1;ColpVC;mobilizable;-1.0;-7.042957984488619;33.73333202139034;;;;;;;;2096
S4026-2023-08-B11_bin_2;No hit found;non-mobilizable;-1.0;3.286504620325766;6.46588421670072;;;;;;;;1865
S3797-2022-16-D01_bin_0;IncX4;conjugative;-1.0;-2.1182320439802687;3.5070293302485007;;;;;;;;32673
S4226-2023-19-F03_bin_0;IncA/C2,IncI1;conjugative;9.0;2.488767239657245;63.6959943872963;sul2,tet(A);ybtP;;;;;;242549
S4226-2023-19-F03_bin_1;IncHI2,IncHI2A;non-mobilizable;35.0;18.386146724963123;42.41392537447334;cmlA1,sul1,sul3,tet(A);;silE,silS,terD,terW,terZ;qacL;;;;218837
S4226-2023-19-F03_bin_2;IncX1;conjugative;-1.0;3.097759562919497;5.436329888674944;;;;;;;;37697
S4226-2023-19-F03_bin_3;No hit found;mobilizable;24.0;-11.51614146252804;18.413750720618403;;;;;;;;4677
S4226-2023-19-F03_bin_4;ColpVC;mobilizable;-1.0;-7.042957984488619;33.73333202139034;;;;;;;;2096
S4226-2023-19-F03_bin_Isolated_0;No hit found;non-mobilizable;-;-;-;;;;;;;;14396
S4155-2023-14-G04_bin_0;IncFIB(S),IncFII(S);non-mobilizable;-1.0;14.47223337102288;39.36144640859536;;spvD;;;;;;58043
S4155-2023-14-G04_bin_1;No hit found;mobilizable;24.0;-7.8346218204942435;20.36379202927996;;;;;;;;3610
S3656-2022-12-C06_bin_0;ColpVC;mobilizable;1.0;-20.51940562691027;38.1697160231234;;;;;;;;1983
S3848-2023-01-B02_bin_0;IncA/C2;conjugative;9.0;2.798656765819748;64.10161135537469;blaCMY-2,tet(A);ybtP;;;;;;195747
S3848-2023-01-B02_bin_1;IncX1;conjugative;-1.0;3.097759562919497;5.436329888674944;;;;;;;;37697
S3848-2023-01-B02_bin_2;No hit found;mobilizable;24.0;-8.071228097578478;20.038760301242867;;;;;;;;3902
S3903-2023-03-C03_bin_0;IncX1;conjugative;-1.0;3.0981379612141917;5.520647868818005;;;;;;;;40536
S4277-2024-04-D01_bin_0;No hit found;conjugative;9.0;3.0934751308251154;62.813666496774985;sul1;ybtP;;;;;;273712
S4277-2024-04-D01_bin_1;IncX4;conjugative;55.0;9.219565382686122;32.778542782843644;blaTEM-1B,lnu(G);;;;;;;42311
S3702-2022-13-D04_bin_0;IncA/C2;conjugative;9.0;2.720427388905792;64.06048751428389;blaCMY-2,tet(A);ybtP;;;;;;197444
S3655-2022-12-C05_bin_0;No hit found;mobilizable;-1.0;-4.148243539454222;29.72155811325534;;;;;;;;3373
S3655-2022-12-C05_bin_1;Col440I;mobilizable;30.0;-19.897037601434445;7.426249812165464;qnrB19;;;;;;;2978
S3655-2022-12-C05_bin_2;IncA/C2;conjugative;37.0;8.829235573919519;40.2179065095431;aadA1;;;;;;;156078
S3733-2022-14-D11_bin_0;IncA/C2;conjugative;9.0;2.4519962323334896;63.5916520351317;aph(3')-Ia,blaCMY-2,tet(A);ybtP;;;;;;203650
S3733-2022-14-D11_bin_1;IncX4;conjugative;-1.0;-2.0186993981458152;3.489581900833823;;;;;;;;29615
S3733-2022-14-D11_bin_2;No hit found;mobilizable;24.0;-7.483948012838285;22.117818235693967;;;;;;;;5569
S3733-2022-14-D11_bin_3;No hit found;mobilizable;0.0;-33.62156862044001;34.882588490794376;;;;;;;;4074
S3733-2022-14-D11_bin_4;No hit found;mobilizable;-1.0;-4.148243539454222;29.72155811325534;;;;;;;;3372
S3733-2022-14-D11_bin_5;No hit found;mobilizable;-1.0;-24.13156346139211;20.196458561155392;;;;;;;;3223
S3733-2022-14-D11_bin_6;Col440I;mobilizable;30.0;-19.89703760143381;7.426249812167143;qnrB19;;;;;;;2989
S3733-2022-14-D11_bin_7;ColpVC;mobilizable;1.0;-20.72545603545952;38.90714056356387;;;;;;;;2257
S4079-2023-11-A08_bin_0;IncX1;conjugative;-1.0;3.097978721897294;5.5129200182983;;;;;;;;42605
S3817-2022-17-B10_bin_0;IncFII(S),IncX1;conjugative;-1.0;3.0993342186420767;5.4997131236328025;;spvD;;;;;;74607
S3817-2022-17-B10_bin_1;ColRNAI;mobilizable;24.0;-7.805585435955535;20.799321754305502;;;;;;;;3646
S03370-2022-01-F05_bin_0;IncA/C2,IncI1;mobilizable;37.0;8.756491103993664;40.27970091644604;aph(3')-Ia,blaCTX-M-8,sul2;ybtP;;;;;;207717
S03370-2022-01-F05_bin_1;Col440I;mobilizable;-1.0;-25.024811922912605;19.881318317291345;;;;;;;;4096
S03370-2022-01-F05_bin_2;Col440I;mobilizable;30.0;-20.21367879288339;7.474627830358285;qnrB19;;;;;;;2978
S4112-2023-14-F02_bin_0;IncHI2,IncHI2A;conjugative;35.0;19.78723769083205;42.996867223425625;blaCTX-M-2,mcr-9.1,qacEdelta1;;terD,terW,terZ;;;;;354301
S4112-2023-14-F02_bin_1;No hit found;mobilizable;-;-;-;;;;;;;;3480
S4112-2023-14-F02_bin_2;No hit found;mobilizable;-1.0;-4.148243539454222;29.72155811325534;;;;;;;;3373
S4112-2023-14-F02_bin_3;Col440I;mobilizable;30.0;-19.897037601434445;7.426249812165464;qnrB19;;;;;;;2978
S3860-2023-01-E07_bin_0;IncA/C2,IncI1;conjugative;9.0;2.5862401398319586;64.07377140663337;blaCMY-2,sul2;ybtP;;;;;;268243
S3860-2023-01-E07_bin_1;IncX1;conjugative;-1.0;3.097759562919497;5.436329888674944;;;;;;;;37697
S0034-2020-11-B03_bin_0;No hit found;conjugative;9.0;3.0382232024699847;62.71008611211371;tet(A);ybtP;;;;;;274941
S4177-2023-16-A09_bin_0;ColRNAI;mobilizable;24.0;-7.486666079023619;22.11302980946639;;;;;;;;5687
S3901-2023-03-B10_bin_0;IncFII(S);mobilizable;-1.0;10.786479528634304;28.257511687871908;;;;;;;;96810
1092001395_bin_0;IncFIB(S);non-mobilizable;-1.0;-1.7767442878290918;35.165542508978575;;spvD;;;;;;52541
1092001395_bin_1;No hit found;mobilizable;24.0;-7.8346218204942435;20.36379202927996;;;;;;;;3610
S4056-2023-10-A11_bin_0;IncA/C2;conjugative;9.0;2.414654601158719;63.48399326658921;blaCMY-2,sul2;ybtP;;;;;;195788
S4056-2023-10-A11_bin_1;No hit found;mobilizable;24.0;-7.227481129076458;21.950666396525246;;;;;;;;6647
S4056-2023-10-A11_bin_2;No hit found;mobilizable;-1.0;-24.13270263172703;20.19701003434056;;;;;;;;3223
S4120-2023-14-A02_bin_0;IncX1;conjugative;-1.0;3.097980960796276;5.511304356302704;;;;;;;;42668
S3609-2022-11-H05_bin_0;IncA/C2;conjugative;37.0;8.154995322456749;40.528447857494086;blaCMY-2,sul2;ybtP;;;;;;190752
S3609-2022-11-H05_bin_1;Col440I;mobilizable;30.0;-19.897037601434445;7.426249812165464;qnrB19;;;;;;;2989
S4137-2023-14-D11_bin_0;IncFIB(S),IncFII(S);non-mobilizable;-1.0;14.47223337102288;39.36144640859536;;spvD;;;;;;58043
S4137-2023-14-D11_bin_1;No hit found;mobilizable;-1.0;-22.42981770310471;24.89383735772548;;;;;;;;5219
S4024-2023-08-D02_bin_Unbinned;IncX1;conjugative;-1.0;3.0981379612141917;5.520647868818005;;;;;;;;40536
S3709-2022-13-E01_bin_0;ColpVC;mobilizable;-1.0;-7.042957984488619;33.73333202139034;;;;;;;;2096
S4304-2024-04-E05_bin_0;IncFII(S),IncX1;conjugative;-1.0;3.0993342186420767;5.4997131236328025;;spvD;;;;;;74571
S03534-2022-08-G12_bin_0;IncA/C2,IncFII(pHN7A8);conjugative;10.0;6.983422206160076;58.35158584496888;blaCMY-2,blaCTX-M-55,tet(A);ybtP;;;;;;295327
S03534-2022-08-G12_bin_1;IncX1;conjugative;-1.0;3.1047225554339204;5.493597921184503;;;;;;;;36489
S03534-2022-08-G12_bin_2;No hit found;mobilizable;24.0;-11.516076111087909;18.413759846522176;;;;;;;;4677
S03534-2022-08-G12_bin_3;ColpVC;mobilizable;-1.0;-7.042957984488619;33.73333202139034;;;;;;;;2096
S03534-2022-08-G12_bin_Unbinned;No hit found;non-mobilizable;9.0;3.6611328062662976;64.45644840346569;;;;;;;;6330
S4197-2023-17-C12_bin_0;No hit found;conjugative;9.0;3.0402861906735485;62.7139527985888;tet(A);ybtP;;;;;;272586
S3697-2022-13-C06_bin_0;IncA/C2,IncX1;conjugative;37.0;8.179114735416269;40.631342948581576;blaCMY-2;ybtP;;;;;;248509
S3697-2022-13-C06_bin_1;ColpVC;mobilizable;-1.0;-7.042957984488619;33.73333202139034;;;;;;;;2096
S03101-2021-12-C07_bin_0;No hit found;mobilizable;24.0;-8.175274420073972;20.86390630929302;;;;;;;;3650
S3863-2023-01-E12_bin_0;IncA/C2;conjugative;9.0;1.7693292283002426;62.334606888776285;aph(3')-Ia,blaCMY-2,tet(A);ybtP;;;;;;191187
S3863-2023-01-E12_bin_1;Col440I;mobilizable;30.0;-19.897037601434445;7.426249812165464;qnrB19;;;;;;;2989
S3863-2023-01-E12_bin_2;No hit found;mobilizable;24.0;-9.657653078189911;22.30590453135121;;;;;;;;2285
69326641-2020-11-A07_bin_0;IncFIB(S),IncFII(S);non-mobilizable;-1.0;14.47223337102288;39.36144640859536;;spvD;;;;;;58516
69326641-2020-11-A07_bin_1;Col156;mobilizable;11.0;-11.041148824813549;37.8995725579122;;;;;;;;3895
69326641-2020-11-A07_bin_2;No hit found;mobilizable;24.0;-7.8346218204942435;20.36379202927996;;;;;;;;3611
S3912-2023-03-E10_bin_0;IncX4;conjugative;55.0;9.107268682359202;32.58183617238405;blaTEM-1B;;;;;;;42743
S3912-2023-03-E10_bin_1;No hit found;mobilizable;24.0;-7.134304139244666;24.31675952443309;;;;;;;;5631
S3912-2023-03-E10_bin_2;No hit found;non-mobilizable;25.0;-5.100434557005186;29.76651372278808;;;;;;;;5511
S3912-2023-03-E10_bin_3;Col156;mobilizable;11.0;-11.099064497211252;37.90763751639314;;;;;;;;4048
S3912-2023-03-E10_bin_4;No hit found;mobilizable;-1.0;-4.148243539454222;29.72155811325534;;;;;;;;3373
S3912-2023-03-E10_bin_5;ColpVC;mobilizable;-1.0;-7.042957984488619;33.73333202139034;;;;;;;;2096
S3912-2023-03-E10_bin_6;No hit found;mobilizable;24.0;-7.08714321792373;24.923712692298533;;;;;;;;1146
1092000142_bin_Unbinned;p0111;non-mobilizable;16.0;1.054754737078022;43.69547586192549;;;;;;;;91597
S3701-2022-13-D03_bin_0;IncX4;conjugative;9.0;3.1220055490319827;62.71826804361324;blaTEM-1B,dfrA14,sul1;ybtP;;;;;;318344
S3701-2022-13-D03_bin_Isolated_0;No hit found;non-mobilizable;-;-;-;;;;;;;;18175
S3930-2023-04-A05_bin_0;IncX1;conjugative;-1.0;3.097976878218657;5.512721916163208;;;;;;;;42611
S3889-2023-02-E11_bin_0;IncX1;conjugative;-1.0;3.097980960796276;5.511304356302704;;;;;;;;42668
S3810-2022-16-G03_bin_0;IncA/C2;conjugative;9.0;2.721759353718556;64.06578278151235;blaCMY-2,tet(A);ybtP;;;;;;198376
S3810-2022-16-G03_bin_1;No hit found;mobilizable;-1.0;-4.148243539454222;29.72155811325534;;;;;;;;3372
S3822-2022-18-A11_bin_0;IncI1,IncX4;conjugative;55.0;10.264267194624212;34.08210915925831;blaTEM-1B,dfrA14,lnu(G),sul1;ybtP;;;;;;273544
S3822-2022-18-A11_bin_1;No hit found;non-mobilizable;9.0;2.02545529961464;63.75590341624703;;;;;;;;17242
S3822-2022-18-A11_bin_2;No hit found;non-mobilizable;-1.0;4.893104343525128;37.98884286683412;;;;;;;;7236
S3822-2022-18-A11_bin_Isolated_0;No hit found;non-mobilizable;-;-;-;;;;;;;;18175
S3822-2022-18-A11_bin_Unbinned;No hit found;non-mobilizable;9.0;1.0901177426559938;61.913315023203225;;;;;;;;15045
S4268-2024-03-C05_bin_0;IncFII(S),IncX1;conjugative;-1.0;3.0993342186420767;5.4997131236328025;;spvD;;;;;;74571
6502100260_bin_0;IncFIB(S);non-mobilizable;-1.0;-1.7767442878290918;35.165542508978575;;spvD;;;;;;52498
S3688-2022-13-B06_bin_0;IncA/C2,IncI1;conjugative;9.0;2.5455639128712493;63.954097418838266;blaCMY-2,tet(A);ybtP;;;;;;251644
S3688-2022-13-B06_bin_1;IncX1;conjugative;-1.0;3.097759562919497;5.436329888674944;;;;;;;;37697
S3688-2022-13-B06_bin_2;No hit found;mobilizable;24.0;-9.60697653222726;21.998125379565344;;;;;;;;9093
S3688-2022-13-B06_bin_3;No hit found;mobilizable;0.0;-33.62102801553248;34.883333040551484;;;;;;;;4074
S3688-2022-13-B06_bin_4;No hit found;mobilizable;24.0;-7.839506339061876;20.37085677894831;;;;;;;;3596
S3688-2022-13-B06_bin_5;ColpVC;mobilizable;1.0;-20.69853768276769;38.86654620214336;;;;;;;;2246
S00510-2020-11-C04_bin_0;No hit found;conjugative;9.0;3.037637672263414;62.7089618198464;dfrA14,tet(A);ybtP;;;;;;279447
S3661-2022-12-E01_bin_0;IncA/C2;conjugative;9.0;2.707850494883424;64.07763302335526;blaCMY-2,sul2;ybtP;;;;;;203333
S3661-2022-12-E01_bin_1;No hit found;mobilizable;-1.0;-4.148243539454222;29.72155811325534;;;;;;;;3372
S3768-2022-15-D11_bin_0;Col440I;mobilizable;30.0;-19.897037601434445;7.426249812165464;;;;;;;;2978
6502100165_bin_0;IncFIB(S),IncFII(S);conjugative;-1.0;10.554497717990383;28.0059977107937;;spvD;;;;;;93429
6502100165_bin_1;IncQ1;mobilizable;23.0;-18.14806418920025;4.404573852106004;tet(A);;;;;;;11032
6502100165_bin_2;No hit found;mobilizable;24.0;-7.839506339061876;20.37085677894831;;;;;;;;3598
S3925-2023-06-A04_bin_0;IncX1;conjugative;-1.0;3.097980960796276;5.511304356302704;;;;;;;;42668
S4133-2023-14-D07_bin_0;IncX1;conjugative;-1.0;3.097978721897294;5.5129200182983;;;;;;;;42591
6502100162_bin_Unbinned;IncX1;conjugative;-1.0;3.0981379612141917;5.520647868818005;;;;;;;;40345
S03442-2022-06-C09_bin_0;IncHI2,IncHI2A;conjugative;35.0;20.045111417041262;42.6979186115224;mcr-9.1,sul1;;terD,terW,terZ;;;;;232662
S03442-2022-06-C09_bin_1;Col440I;mobilizable;30.0;-20.909451225992303;8.22672861103359;qnrB19;;;;;;;2699
S3689-2022-13-B07_bin_0;IncA/C2,IncI1;conjugative;9.0;2.5455639128712493;63.954097418838266;blaCMY-2,sul2;ybtP;;;;;;251644
S3689-2022-13-B07_bin_1;IncX1;conjugative;-1.0;3.097759562919497;5.436329888674944;;;;;;;;37697
S3689-2022-13-B07_bin_2;No hit found;mobilizable;24.0;-9.604493165729217;22.00895853008992;;;;;;;;8305
S3689-2022-13-B07_bin_3;No hit found;mobilizable;0.0;-33.62260794208117;34.882913158321045;;;;;;;;4074
S3689-2022-13-B07_bin_4;No hit found;mobilizable;24.0;-7.839506339061876;20.37085677894831;;;;;;;;3596
S3689-2022-13-B07_bin_5;ColpVC;mobilizable;1.0;-20.69853768276769;38.86654620214336;;;;;;;;2246
S3689-2022-13-B07_bin_6;ColpVC;mobilizable;-1.0;-7.042957984488619;33.73333202139034;;;;;;;;2096
S4118-2023-14-C02_bin_0;IncX1;conjugative;-1.0;3.097976878218657;5.512721916163208;;;;;;;;42615
S4267-2024-03-B05_bin_Unbinned;IncFII(S);conjugative;-1.0;10.573641361487704;28.209761498731403;;;;;;;;72099
S4146-2023-14-D02_bin_0;IncX1;conjugative;-1.0;3.097976878218657;5.512721916163208;;;;;;;;42611
S3773-2022-16-A09_bin_0;IncFII(S),IncX1;conjugative;-1.0;3.0993342186420767;5.4997131236328025;;spvD;;;;;;74562
S3812-2022-16-H03_bin_0;IncHI2,IncHI2A;conjugative;35.0;20.102139859651757;42.69697006629536;aadA1,mcr-9.1,qnrE1;;terD,terW,terZ;;;;;324408
S3812-2022-16-H03_bin_1;p0111;non-mobilizable;16.0;1.2367308416932754;44.10356957922063;;;;;;;;95058
S3812-2022-16-H03_bin_2;No hit found;mobilizable;-1.0;-4.000748899009827;29.683858856413774;;;;;;;;3373
S3812-2022-16-H03_bin_3;Col440I;mobilizable;30.0;-19.897037601434445;7.426249812165464;qnrB19;;;;;;;2978
S3829-2022-18-D10_bin_0;IncA/C2;conjugative;37.0;8.092005445215259;40.51266000084426;blaCMY-2,tet(A);ybtP;;;;;;191338
S3829-2022-18-D10_bin_1;No hit found;mobilizable;-1.0;-4.148243539454222;29.72155811325534;;;;;;;;3372
S3829-2022-18-D10_bin_2;Col440I;mobilizable;30.0;-19.897037601434445;7.426249812165464;qnrB19;;;;;;;2989
S3859-2023-01-E04_bin_0;IncX1;conjugative;-1.0;3.097978721897294;5.5129200182983;;;;;;;;42606
S3917-2023-03-F03_bin_0;IncX1;conjugative;-1.0;3.097978721897294;5.5129200182983;;;;;;;;42603
S4170-2023-15-D06_bin_0;IncHI2,IncHI2A;conjugative;35.0;20.03123617657397;42.68879430835359;aph(3')-Ia,mcr-9.1,sul1;;terD,terW,terZ;;;;;317733
S4170-2023-15-D06_bin_1;ColRNAI;mobilizable;24.0;-7.683755210384764;20.70134078055342;;;;;;;;8032
S4170-2023-15-D06_bin_2;Col156;mobilizable;11.0;-11.12082631835681;37.87895040890172;;;;;;;;4301
S4170-2023-15-D06_bin_3;No hit found;mobilizable;-1.0;-7.042957984488619;33.73333202139034;;;;;;;;2096
S4170-2023-15-D06_bin_Unbinned;No hit found;non-mobilizable;-;-;-;;;;;;;;398371
S3897-2023-03-B01_bin_0;IncA/C2;conjugative;9.0;2.758182979856981;64.09436342405259;blaCMY-2,tet(A);ybtP;;;;;;208678
S3897-2023-03-B01_bin_1;No hit found;mobilizable;-1.0;-22.07246418940336;18.13877386797995;;;;;;;;4657
S3897-2023-03-B01_bin_2;No hit found;mobilizable;-1.0;-4.000748899009827;29.683858856413774;;;;;;;;3372
S3897-2023-03-B01_bin_3;Col440I;mobilizable;30.0;-19.897037601434445;7.426249812165464;qnrB19;;;;;;;2989
S4091-2023-11-D11_bin_0;IncA/C2;conjugative;9.0;2.7066126250611684;64.15918431973694;blaCMY-2,sul2;ybtP;;;;;;196305
S4091-2023-11-D11_bin_1;No hit found;conjugative;-;-;-;;;;;;;;41696
S4091-2023-11-D11_bin_2;No hit found;mobilizable;0.0;-33.90309615355129;35.75439877230698;;;;;;;;4110
S4091-2023-11-D11_bin_3;No hit found;mobilizable;24.0;-8.152213182846104;20.866133793665867;;;;;;;;3282
S4091-2023-11-D11_bin_4;No hit found;mobilizable;-;-;-;;;;;;;;2460
S3825-2022-18-B12_bin_0;p0111;non-mobilizable;16.0;1.2367308416932754;44.10356957922063;;;;;;;;95058
S3825-2022-18-B12_bin_1;IncHI2,IncHI2A;conjugative;35.0;20.63611652667566;42.27930952535523;qnrE1,sul1;;terD,terW,terZ;;;;;222961
S3825-2022-18-B12_bin_2;No hit found;mobilizable;-1.0;-4.148243539454222;29.72155811325534;;;;;;;;3373
S3825-2022-18-B12_bin_3;Col440I;mobilizable;30.0;-19.90926155022922;7.346564983037414;qnrB19;;;;;;;2978
S3763-2022-15-D03_bin_0;No hit found;conjugative;9.0;3.0444726631588668;62.72125752741186;aadA1;ybtP;;;;;;273743
S4068-2023-10-D03_bin_0;IncA/C2,IncI1;conjugative;9.0;2.5482234674082065;63.950336978474695;blaCMY-2,sul2;ybtP;;;;;;266630
S4068-2023-10-D03_bin_1;IncX1;conjugative;-1.0;3.097759562919497;5.436329888674944;;;;;;;;37697
S4068-2023-10-D03_bin_2;No hit found;mobilizable;24.0;-7.839506339061876;20.37085677894831;;;;;;;;3595
S4068-2023-10-D03_bin_3;ColpVC;mobilizable;-1.0;-7.042957984488619;33.73333202139034;;;;;;;;2096
69552218-salm-2020-10-G10_bin_0;IncI1;conjugative;9.0;2.5054471834596543;64.06845187298822;sul2;;;;;;;101363
S3870-2023-02-B10_bin_0;IncX1;conjugative;-1.0;3.097980960796276;5.511304356302704;;;;;;;;42668
S3800-2022-16-D11_bin_0;IncA/C2;conjugative;9.0;2.4696676836706435;63.59527196373204;blaCMY-2,sul2;;;;;;;110021
S3800-2022-16-D11_bin_1;No hit found;mobilizable;24.0;-8.049680593189287;20.83066734705157;;;;;;;;3887
S3800-2022-16-D11_bin_2;No hit found;mobilizable;-1.0;-4.148243539454222;29.72155811325534;;;;;;;;3372
S3800-2022-16-D11_bin_3;Col440I;mobilizable;30.0;-19.89703753948585;7.42624997538189;qnrB19;;;;;;;2989
S4051-2023-09-F09_bin_0;IncX1;conjugative;-1.0;3.120764055692837;4.938998845323825;aadA1;;;;;;;55563
S3850-2023-01-B10_bin_0;No hit found;conjugative;9.0;3.029470016309235;62.69381402227058;tet(A);ybtP;;;;;;274545
S3548-2022-09-D07_bin_0;IncFIB(S),IncFII(S);non-mobilizable;-1.0;14.472257360403454;39.36126076815273;;spvD;;;;;;58573
S3548-2022-09-D07_bin_1;Col440I;mobilizable;-1.0;-18.1349896795991;12.404225518170009;;;;;;;;3386
S3954-2023-04-D03_bin_0;IncA/C2;conjugative;9.0;2.6826069537660304;64.0521667225994;blaCMY-2,tet(A);ybtP;;;;;;189405
S4094-2023-11-E02_bin_0;IncX1;conjugative;-1.0;3.0981379612141917;5.520647868818005;;;;;;;;40537
S3654-2022-12-C03_bin_0;IncA/C2;conjugative;9.0;2.438262719998753;63.60988208962176;aph(3')-Ia,blaCMY-2,sul2;ybtP;;;;;;203529
S3654-2022-12-C03_bin_1;No hit found;mobilizable;-1.0;-4.148243539454222;29.72155811325534;;;;;;;;3374
S3654-2022-12-C03_bin_2;Col440I;mobilizable;30.0;-19.897037601434445;7.426249812165464;qnrB19;;;;;;;2989
S4184-2023-16-D04_bin_0;IncX1;conjugative;-1.0;3.097980960796276;5.511304356302704;;;;;;;;42668
S3759-2022-15-C01_bin_0;IncHI2,IncHI2A;conjugative;35.0;19.711045779808515;42.927809145354;mcr-9.1,sul1;;terD,terW,terZ;;;;;178036
S3759-2022-15-C01_bin_1;Col440I;mobilizable;30.0;-20.909484082356677;8.227364381233434;qnrB19;;;;;;;2699
S02168-2020-10-B06_bin_0;No hit found;conjugative;9.0;3.0311468422390986;62.6970082342456;dfrA14,tet(A);ybtP;;;;;;281281
S4167-2023-13-D03_bin_0;IncX1;conjugative;-1.0;3.097978721897294;5.5129200182983;;;;;;;;42607
S03531-2022-08-G09_bin_0;IncA/C2;conjugative;9.0;2.537452774451185;63.7192546344367;blaCMY-2,sul2;ybtP;;;;;;187472
S03531-2022-08-G09_bin_1;No hit found;mobilizable;-1.0;-4.148243539454222;29.72155811325534;;;;;;;;3372
S03390-2022-02-F04_bin_0;IncHI2,IncHI2A;conjugative;35.0;20.031485813034006;42.68780199535251;aph(3')-Ia,mcr-9.1,sul1;;terD,terW,terZ;;;;;685260
S4097-2023-11-E11_bin_0;IncA/C2;conjugative;9.0;2.4100656914500824;63.477844165281866;aph(3')-Ia,blaCMY-2,tet(A);ybtP;;;;;;198599
S4097-2023-11-E11_bin_1;Col156;mobilizable;11.0;-9.208481541431825;38.12818349756737;;;;;;;;3751
S4097-2023-11-E11_bin_2;No hit found;mobilizable;-1.0;-4.148243539454222;29.72155811325534;;;;;;;;3372
S4097-2023-11-E11_bin_3;Col440I;mobilizable;30.0;-19.90926155022922;7.346564983037414;qnrB19;;;;;;;2989
S4153-2023-14-G02_bin_0;IncX1;conjugative;-1.0;6.072204186842342;33.911275387725425;blaTEM-1B;;;;;;;45040
S4153-2023-14-G02_bin_1;No hit found;mobilizable;-1.0;-15.790047838827418;18.491663661061448;;;;;;;;3428
S4153-2023-14-G02_bin_2;No hit found;mobilizable;-;-;-;;;;;;;;3351
S00417-2020-11-C01_bin_0;No hit found;conjugative;9.0;3.0354307311430317;62.70472789296423;aadA1,dfrA14;ybtP;;;;;;280690
S4130-2023-14-B03_bin_0;IncA/C2;conjugative;37.0;8.015017862491632;40.56401549108082;blaCMY-2,sul2;ybtP;;;;;;175630
S4130-2023-14-B03_bin_1;IncX1;conjugative;-1.0;3.097759562919497;5.436329888674944;;;;;;;;37697
S4130-2023-14-B03_bin_2;No hit found;mobilizable;-1.0;-4.148243539454222;29.72155811325534;;;;;;;;3373
S4130-2023-14-B03_bin_3;No hit found;mobilizable;41.0;-18.42402075994277;14.957456426751827;;;;;;;;1933
6502100131_bin_0;No hit found;mobilizable;23.0;-18.033525439434516;4.566763889832737;aph(6)-Id;;;;;;;6790
6502100131_bin_1;Col156;mobilizable;11.0;-11.092475793360428;37.91101480628434;;;;;;;;4585
S4105-2023-11-G04_bin_Unbinned;IncX1;conjugative;-1.0;3.0981379612141917;5.520647868818005;;;;;;;;40288
S0141-2020-11-B06_bin_0;No hit found;mobilizable;11.0;-10.098782723420696;39.40397768347;;ybtP;;;;;;169337
S4314-2024-05-B04_bin_0;IncFII(S),IncX1;conjugative;-1.0;3.0993342186420767;5.4997131236328025;;spvD;;;;;;74571
S4210-2023-19-B11_bin_0;IncFIB(S),IncFII(S);non-mobilizable;-1.0;14.47223337102288;39.36144640859536;;spvD;;;;;;58851
S3987-2023-05-F07_bin_0;IncX1;conjugative;-1.0;3.097978721897294;5.5129200182983;;;;;;;;42607
S3856-2023-01-D01_bin_Unbinned;IncX1;conjugative;-1.0;3.0981379612141917;5.520647868818005;;;;;;;;40533
S00904-2020-11-D09_bin_0;No hit found;conjugative;9.0;3.2549170316060545;63.171300010503415;aadA1;ybtP;;;;;;271291
S3590-2022-12-D10_bin_0;No hit found;mobilizable;41.0;-18.343107659120168;14.137446286207789;;;;;;;;4801
S3590-2022-12-D10_bin_1;No hit found;mobilizable;0.0;-34.58727622070131;35.439774404739616;;;;;;;;4060
S3590-2022-12-D10_bin_2;ColpVC;mobilizable;-1.0;-7.042957984488619;33.73333202139034;;;;;;;;2096
S3590-2022-12-D10_bin_3;No hit found;non-mobilizable;-;-;-;;;;;;;;1242
S3801-2022-16-D12_bin_0;IncA/C2;mobilizable;37.0;9.152725829815346;41.10762023121897;aph(3')-Ia,blaCMY-2,sul2;ybtP;;;;;;181644
S3801-2022-16-D12_bin_1;Col440I;mobilizable;30.0;-19.88302090280509;7.352867664575366;qnrB19;;;;;;;2989
S4106-2023-11-G06_bin_0;IncX1;conjugative;-1.0;3.097980960796276;5.511304356302704;;;;;;;;42668
6502100283_bin_0;IncI;conjugative;9.0;2.516135204497409;63.527522295002726;;;;;;;;87213
S3873-2023-02-C03_bin_0;Col440I;mobilizable;-1.0;2.745737934987488;34.81317291413868;qnrB19;;;;;;;3539
S3843-2022-21-B12_bin_0;Col440I;non-mobilizable;41.0;-17.95903622236218;15.856036340514054;;;;;;;;3806
S3843-2022-21-B12_bin_1;Col440I;mobilizable;-1.0;-19.22287811777797;16.586928728802633;;;;;;;;2264
S4002-2023-07-D09_bin_0;IncX1;conjugative;-1.0;3.097980960796276;5.511304356302704;;;;;;;;42668
S4212-2023-19-C02_bin_0;IncX1;conjugative;-1.0;3.097980960796276;5.511304356302704;;;;;;;;42668
S03443-2022-06-C10_bin_0;No hit found;conjugative;-1.0;5.511554016619139;28.279023051991626;;;;;;;;31823
S03443-2022-06-C10_bin_1;No hit found;non-mobilizable;-;-;-;;;;;;;;1383
S3904-2023-03-E02_bin_0;No hit found;conjugative;9.0;3.037637672263414;62.7089618198464;aadA1,dfrA14;ybtP;;;;;;280065
S03468-2022-08-B01_bin_0;IncI2;conjugative;10.0;11.362256749835192;64.02270715636122;;;;;;;;60429
S03468-2022-08-B01_bin_1;No hit found;non-mobilizable;55.0;9.983919568004795;30.63814274138089;floR;;;;;;;7910
S03468-2022-08-B01_bin_Unbinned;No hit found;non-mobilizable;-;-;-;;;;;;;;77175
S4262-2024-03-F03_bin_0;IncHI2,IncHI2A;conjugative;35.0;20.033763527647665;42.697012533819226;mcr-9.1,sul1;;terD,terW,terZ;;;;;288480
S4262-2024-03-F03_bin_1;Col440I;mobilizable;30.0;-19.89703760095456;7.426249812914604;qnrB19;;;;;;;2989
S3828-2022-18-C08_bin_0;IncFIB(S),IncFII(S);conjugative;-1.0;16.280633684283934;25.05428968344504;;spvD;;;;;;93675
103200-018-036_bin_0;No hit found;conjugative;9.0;2.403053723816002;63.62684037911229;;;;;;;;68571
S4151-2023-14-F05_bin_0;IncX1;conjugative;-1.0;3.097976878218657;5.512721916163208;;;;;;;;42611
S03523-2022-08-F01_bin_0;IncA/C2;conjugative;9.0;2.7521585901396106;64.05044748970933;blaCMY-2,tet(A);ybtP;;;;;;183782
S03523-2022-08-F01_bin_1;No hit found;mobilizable;-1.0;-4.148243539454222;29.72155811325534;;;;;;;;3372
S03523-2022-08-F01_bin_2;Col440I;mobilizable;30.0;-19.897037601434445;7.426249812165464;qnrB19;;;;;;;2989
S3723-2022-14-A10_bin_0;No hit found;mobilizable;24.0;-7.434163880888683;21.99848381752402;;;;;;;;5055
S3723-2022-14-A10_bin_1;No hit found;mobilizable;-;-;-;;;;;;;;3351
S03579-2022-10-D02_bin_0;No hit found;conjugative;9.0;2.33335837040789;62.951019369456354;aadA22,erm(B);ybtP;;;;;;219835
6502100121_bin_Unbinned;IncX1;conjugative;-1.0;3.0981379612141917;5.520647868818005;;;;;;;;40534
S03404-2022-03-E12_bin_0;IncFII(S),IncX1;conjugative;-1.0;3.0993342186420767;5.4997131236328025;;spvD;;;;;;74571
S4193-2024-03-B07_bin_0;IncFIB(S),IncFII(S);non-mobilizable;-1.0;14.47223337102288;39.36144640859536;;spvD;;;;;;58851
S4216-2023-19-D04_bin_0;IncHI2,IncHI2A;conjugative;35.0;19.728483137249835;42.89869370176896;aph(3')-Ia,mcr-9.1,sul1;;terD,terW,terZ;;;;;611877
S3976-2023-04-E09_bin_0;IncX1;conjugative;-1.0;3.097980960796276;5.511304356302704;;;;;;;;42668
S3827-2022-18-C07_bin_0;IncX1;non-mobilizable;-1.0;3.003003501505232;34.6495437877846;;ybtP;silA,silB,silC,silF,silS;;;;;79951
S3827-2022-18-C07_bin_1;IncA/C2;mobilizable;37.0;7.732092265108676;39.53811444310453;;;;;;;;47279
S3827-2022-18-C07_bin_2;No hit found;conjugative;9.0;2.3563881817547125;63.46577757290011;blaCMY-2,tet(A);;;;;;;79351
S3827-2022-18-C07_bin_3;No hit found;mobilizable;0.0;-33.90309615355129;35.75439877230698;;;;;;;;4110
S3827-2022-18-C07_bin_4;Col156;mobilizable;11.0;-11.107612182472476;37.898606137210486;;;;;;;;3761
S3827-2022-18-C07_bin_5;No hit found;mobilizable;24.0;-7.136270834192257;24.298675296348573;;;;;;;;3691
S3827-2022-18-C07_bin_6;No hit found;mobilizable;-1.0;-4.148243539454222;29.72155811325534;;;;;;;;3372
S3827-2022-18-C07_bin_7;No hit found;mobilizable;-1.0;-24.13156346139211;20.196458561155392;;;;;;;;3223
S3827-2022-18-C07_bin_8;Col440I;mobilizable;30.0;-19.916557833355004;7.487768646169196;qnrB19;;;;;;;2989
S4180-2023-16-C01_bin_0;IncHI2,IncHI2A;conjugative;35.0;20.031298594821585;42.68375714443634;mcr-9.1,sul1;;terD,terW,terZ;;;;;717514
103200-018-015_bin_0;IncHI2,IncHI2A;conjugative;35.0;18.32768093008917;42.545199806601694;tet(A);;;;;;;127090
103200-018-015_bin_1;No hit found;non-mobilizable;35.0;18.69325423798018;42.993751646032855;;;terW;;;;;59898
S3601-2022-11-B03_bin_0;IncA/C2,IncX4;conjugative;9.0;2.467528613967047;63.5113943984342;blaCMY-2,sul2;ybtP;;;;;;234004
S03529-2022-08-G07_bin_0;IncI1;conjugative;9.0;2.409091787621934;63.61535898679716;lnu(F),sul3,tet(A);;;qacL;;;;68413
S03529-2022-08-G07_bin_1;IncQ1;mobilizable;23.0;-18.35432686971143;3.794842327658194;;;;;;;;6477
S03529-2022-08-G07_bin_2;No hit found;mobilizable;24.0;-7.686280772720684;20.77143599970812;;;;;;;;4420
S03529-2022-08-G07_bin_3;No hit found;mobilizable;24.0;-7.937797124271152;20.418836002294952;;;;;;;;3469
S3914-2023-03-E12_bin_0;Col440I;mobilizable;-1.0;-19.717880923830972;15.875472484683668;;;;;;;;3830
S3978-2023-04-E11_bin_0;IncX1;conjugative;-1.0;3.097980960796276;5.511304356302704;;;;;;;;42668
S4259-2024-03-H02_bin_0;IncN;conjugative;-1.0;6.211556677582035;33.9826442886891;aph(6)-Id;;;;;;;48302
S3538-2022-09-B03_bin_0;IncFII(S),IncX1;conjugative;-1.0;3.099370158624571;5.499381898754632;;spvD;;;;;;74541
6502100132_bin_0;IncFIB(AP001918);non-mobilizable;10.0;11.890124480500385;57.42042356363435;tet(M);;;;;;;63629
6502100132_bin_Isolated_0;No hit found;conjugative;10.0;11.60959353301292;59.05400019165018;;;;;;;;32191
S3700-2022-13-D02_bin_0;IncHI2,IncHI2A;conjugative;35.0;20.102130787162903;42.6969803922663;aadA1,mcr-9.1,qnrE1;;terD,terW,terZ;;;;;324408
S3700-2022-13-D02_bin_1;p0111;non-mobilizable;16.0;1.2367308416932754;44.10356957922063;;;;;;;;95058
S3700-2022-13-D02_bin_2;No hit found;mobilizable;-1.0;-4.148243539454222;29.72155811325534;;;;;;;;3373
S3700-2022-13-D02_bin_3;Col440I;mobilizable;30.0;-19.897037601434445;7.426249812165464;qnrB19;;;;;;;2978
S4075-2023-14-E11_bin_0;IncA/C2;conjugative;37.0;7.8901177142732575;40.49256569979124;tet(A);;;;;;;173526
S4075-2023-14-E11_bin_1;IncX1;conjugative;-1.0;3.097759562919497;5.436329888674944;;;;;;;;37697
S4075-2023-14-E11_bin_2;No hit found;mobilizable;24.0;-11.51614146252804;18.413750720618403;;;;;;;;4677
S4075-2023-14-E11_bin_3;ColpVC;mobilizable;-1.0;-7.042957984488619;33.73333202139034;;;;;;;;2096
S4132-2023-14-D06_bin_0;IncX1;conjugative;-1.0;3.097980960796276;5.511304356302704;;;;;;;;42668
S3867-2023-02-B05_bin_0;IncA/C2;conjugative;9.0;2.7525253713402296;64.05048309178149;blaCMY-2,tet(A);ybtP;;;;;;183782
S3867-2023-02-B05_bin_1;No hit found;mobilizable;-1.0;-4.148243539454222;29.72155811325534;;;;;;;;3372
S3867-2023-02-B05_bin_2;Col440I;mobilizable;30.0;-19.90926155022922;7.346564983037414;qnrB19;;;;;;;2989
S3727-2022-14-B02_bin_0;IncHI2,IncHI2A;conjugative;35.0;20.102148932033863;42.69695973989473;blaCTX-M-2,mcr-9.1,qacEdelta1,qnrE1;;terD,terW,terZ;;;;;324417
S3727-2022-14-B02_bin_1;p0111;non-mobilizable;16.0;1.2367308416932754;44.10356957922063;;;;;;;;95058
S3727-2022-14-B02_bin_2;No hit found;mobilizable;-1.0;-4.148243539454222;29.72155811325534;;;;;;;;3373
S3727-2022-14-B02_bin_3;Col440I;mobilizable;30.0;-19.897037601434445;7.426249812165464;qnrB19;;;;;;;2978
S4041-2023-09-C10_bin_0;IncX1;conjugative;-1.0;3.097980960796276;5.511304356302704;;;;;;;;42668
S3992-2023-05-H03_bin_0;IncX1;conjugative;-1.0;3.097976878218657;5.512721916163208;;;;;;;;42610
S3722-2022-14-A04_bin_0;IncFIB(S),IncFII(S);conjugative;-1.0;10.553665023862475;27.986763517164917;;spvD;;;;;;93492
S3722-2022-14-A04_bin_1;ColpVC;mobilizable;-1.0;-7.042957984488619;33.73333202139034;;;;;;;;2097
S3722-2022-14-A04_bin_Unbinned;No hit found;non-mobilizable;-;-;-;cpxA;;;;;;;23573
S3693-2022-13-C02_bin_0;ColpVC;mobilizable;-1.0;-7.042957984488619;33.73333202139034;;;;;;;;2096
S3665-2022-12-E05_bin_0;IncA/C2;conjugative;37.0;7.985180528103576;40.46569704680702;blaCMY-2,tet(A);;;;;;;165603
S3665-2022-12-E05_bin_1;No hit found;conjugative;-1.0;3.097812097585156;5.426188612901691;;;;;;;;37253
S3665-2022-12-E05_bin_2;No hit found;mobilizable;24.0;-7.841095231821187;20.371049290165548;;;;;;;;3598
S3665-2022-12-E05_bin_3;No hit found;mobilizable;-1.0;-4.148243539454222;29.72155811325534;;;;;;;;3373
S3665-2022-12-E05_bin_4;ColpVC;mobilizable;-1.0;-7.042957984488619;33.73333202139034;;;;;;;;2096
S3673-2022-12-F02_bin_0;No hit found;conjugative;9.0;2.7224022920570548;63.38282873407267;aadA1,aph(4)-Ia,blaCTX-M-65,dfrA14,floR;ybtP;;;;;;307428
S3802-2022-16-E01_bin_0;IncA/C2;conjugative;9.0;2.454606107729621;63.54284645880779;blaCMY-2,sul2;;;;;;;105040
S3802-2022-16-E01_bin_1;Col156;mobilizable;11.0;-9.208481541431825;38.12818349756737;;;;;;;;3751
S3802-2022-16-E01_bin_2;No hit found;mobilizable;-1.0;-4.148243539454222;29.72155811325534;;;;;;;;3372
S3802-2022-16-E01_bin_3;Col440I;mobilizable;30.0;-19.89703760142904;7.426249812174372;qnrB19;;;;;;;2989
S4139-2023-14-E01_bin_0;Col(Ye4449);mobilizable;-;-;-;;;;;;;;4386
S4139-2023-14-E01_bin_1;Col156;mobilizable;11.0;-9.523191519570746;38.35169856652741;;;;;;;;4249
S4139-2023-14-E01_bin_2;No hit found;mobilizable;7.0;-31.305116238350585;14.97812517387344;;;;;;;;2495
S3711-2022-13-E04_bin_0;IncFIA(HI1),IncHI1A,IncHI1B(R27);conjugative;-1.0;19.019490544863395;37.54301975431851;aadA2,qnrS1,tet(A);;;;;;;193353
S03409-2022-04-B06_bin_0;IncFII(S),IncX1;conjugative;-1.0;3.0993342186420767;5.4997131236328025;;spvD;;;;;;74571
S3872-2023-02-B12_bin_0;IncA/C2;conjugative;9.0;2.6299032979898334;63.91517792639639;blaCMY-2,tet(A);ybtP;;;;;;187832
S3872-2023-02-B12_bin_1;IncX1;conjugative;-1.0;3.097759562919497;5.436329888674944;;;;;;;;37697
S3872-2023-02-B12_bin_2;No hit found;mobilizable;24.0;-7.205989506334048;21.91688162494101;;;;;;;;5355
S3872-2023-02-B12_bin_3;No hit found;mobilizable;24.0;-8.152213182846104;20.866133793665867;;;;;;;;3282
S00718-2020-11-D02_bin_0;No hit found;conjugative;9.0;3.301333793378304;63.15793491481833;aadA1;ybtP;;;;;;273421
S00718-2020-11-D02_bin_1;Col(MG828);mobilizable;25.0;-8.721517611283462;29.43094321955476;;;;;;;;1546
S03444-2022-06-G04_bin_0;IncFII(S),IncX1;conjugative;-1.0;3.0993342186420767;5.4997131236328025;;spvD;;;;;;74599
S03444-2022-06-G04_bin_1;ColRNAI;mobilizable;24.0;-7.805585435955535;20.799321754305502;;;;;;;;3646
S00948-2020-12-A02_bin_0;No hit found;conjugative;9.0;3.042053932278248;62.7183417633829;sul1;ybtP;;;;;;274959
1092001136_bin_0;Col156;mobilizable;11.0;-9.208466041299316;38.12804622299991;;;;;;;;3751
S03577-2022-10-C12_bin_0;IncA/C2,IncFII(pHN7A8);conjugative;10.0;6.98167335097687;58.27799956348216;aph(3')-Ia,blaCMY-2,blaCTX-M-55,sul2;ybtP;;;;;;268528
S03577-2022-10-C12_bin_1;No hit found;mobilizable;-1.0;-22.07248972487438;18.13879236875417;;;;;;;;4657
S03454-2022-07-B09_bin_0;IncFII(S),IncX1;conjugative;-1.0;3.0993342186420767;5.4997131236328025;;spvD;;;;;;74571
S4245-2024-01-D02_bin_0;IncA/C2,IncX4;conjugative;9.0;2.388719438009216;63.54037599160893;blaCMY-2,sul2;ybtP;;;;;;235214
S4204-2023-17-G10_bin_0;IncX4;conjugative;9.0;2.840770749109675;62.39317696831092;blaTEM-1B,dfrA14,lnu(G),sul1;ybtP;;;;;;318744
S4204-2023-17-G10_bin_Isolated_0;No hit found;non-mobilizable;-;-;-;;;;;;;;18175
S03416-2022-04-D07_bin_0;No hit found;conjugative;9.0;3.0361245601417566;62.706058350786286;dfrA14,tet(A);ybtP;;;;;;278891
S3537-2022-09-B01_bin_0;IncFII(S),IncX1;conjugative;-1.0;3.0993342186420767;5.4997131236328025;;spvD;;;;;;74563
S03420-2022-05-B07_bin_0;IncA/C2,IncI1;conjugative;9.0;2.56046458959474;64.00567860802103;blaCMY-2,tet(A);ybtP;;;;;;272247
S03420-2022-05-B07_bin_1;IncX1;conjugative;-1.0;3.1047225554339204;5.493597921184503;;;;;;;;36489
S03420-2022-05-B07_bin_2;No hit found;mobilizable;24.0;-11.51614146252804;18.413750720618403;;;;;;;;4677
S03420-2022-05-B07_bin_3;ColpVC;mobilizable;-1.0;-7.042957984488619;33.73333202139034;;;;;;;;2096
S3762-2022-15-D02_bin_0;IncFII(S),IncX1;conjugative;-1.0;3.0993342186420767;5.4997131236328025;;spvD;;;;;;74577
S3552-2022-09-E05_bin_0;IncI1;conjugative;9.0;2.406001088925275;63.61738782413871;lnu(F),sul3,tet(A);;;;;;;95497
S3552-2022-09-E05_bin_1;IncQ1;mobilizable;23.0;-18.35432686971143;3.794842327658194;;;;;;;;6477
S3552-2022-09-E05_bin_2;No hit found;mobilizable;24.0;-7.686280772720684;20.77143599970812;;;;;;;;4420
S3552-2022-09-E05_bin_3;No hit found;mobilizable;24.0;-7.937797124271152;20.418836002294952;;;;;;;;3469
S00952-2020-12-A03_bin_0;No hit found;conjugative;9.0;2.822640610254396;62.42709812736828;dfrA14,tet(A);ybtP;;;;;;279049
S4183-2023-16-C08_bin_0;IncA/C2;conjugative;37.0;8.206824505712902;40.62637032234573;blaCMY-2,sul2;ybtP;;;;;;196920
S4183-2023-16-C08_bin_1;No hit found;mobilizable;-1.0;-4.000748899009827;29.683858856413774;;;;;;;;3372
S4183-2023-16-C08_bin_2;Col440I;mobilizable;30.0;-19.897037601434445;7.426249812165464;qnrB19;;;;;;;2989
S4258-2024-02-D5_bin_0;IncFIB(AP001918),IncFIC(FII);conjugative;10.0;11.86414618763457;57.489906473694354;;;;;;;;96667
S4258-2024-02-D5_bin_1;No hit found;mobilizable;0.0;-35.250090337535;34.735166784736975;;;;;;;;4074
S3640-2022-12-A09_bin_0;IncA/C2;conjugative;37.0;8.155216629747743;40.52813599920436;blaCMY-2,sul2;ybtP;;;;;;190765
S3640-2022-12-A09_bin_1;No hit found;mobilizable;24.0;-7.839268150249657;20.37055548396378;;;;;;;;3597
S3732-2022-14-C12_bin_0;IncA/C2;conjugative;37.0;8.180879856209378;40.63627354785256;blaCMY-2,sul2;ybtP;;;;;;210826
S3732-2022-14-C12_bin_1;IncX1;conjugative;-1.0;3.097759562919497;5.436329888674944;;;;;;;;37697
S3732-2022-14-C12_bin_2;No hit found;mobilizable;24.0;-11.476089652625548;18.4569384058314;;;;;;;;6052
S3732-2022-14-C12_bin_3;Col(BS512);non-mobilizable;2.0;-22.074710689359677;34.51032062272027;;;;;;;;2089
S03395-2022-03-D03_bin_0;No hit found;conjugative;9.0;3.0404661662972945;62.7143966150546;aadA1;ybtP;;;;;;273983
S03395-2022-03-D03_bin_1;No hit found;mobilizable;0.0;-33.13782119875751;34.985246576304526;;;;;;;;4074
S4058-2023-10-B10_bin_0;IncA/C2,IncI1;conjugative;-1.0;7.619537154773163;44.72018111099595;sul2;ybtP;;;;;;258793
S4058-2023-10-B10_bin_1;IncX1;conjugative;-1.0;3.097759562919497;5.436329888674944;;;;;;;;37697
S4058-2023-10-B10_bin_2;No hit found;mobilizable;-1.0;-13.970673449853354;17.031199506779263;;;;;;;;3100
S3984-2023-05-A09_bin_0;ColRNAI;mobilizable;24.0;-7.703732668601452;20.70069018507984;;;;;;;;4659
S3984-2023-05-A09_bin_1;Col156;mobilizable;11.0;-11.12082631835681;37.87895040890172;;;;;;;;4301
S3984-2023-05-A09_bin_2;No hit found;non-mobilizable;-1.0;10.61706247637921;36.226749340982565;aph(3')-Ia,sul1;;;;;;;3866
S3984-2023-05-A09_bin_3;ColpVC;mobilizable;-1.0;-7.042957984488619;33.73333202139034;;;;;;;;2096
S3984-2023-05-A09_bin_Unbinned;No hit found;non-mobilizable;-;-;-;;;;;;;;398371
69403069-salm-2020-10-G07_bin_0;No hit found;mobilizable;-1.0;-24.13134097881869;20.196995932765116;;;;;;;;3223
69403069-salm-2020-10-G07_bin_1;No hit found;non-mobilizable;-1.0;-26.193432668035296;21.855637838022037;;;;;;;;1307
69403069-salm-2020-10-G07_bin_Unbinned;No hit found;non-mobilizable;-;-;-;;;;;;;;77175
S3635-2022-12-A02_bin_0;IncA/C2;conjugative;37.0;7.8901177142732575;40.49256569979124;tet(A);ybtP;;;;;;172921
S3635-2022-12-A02_bin_1;IncI1;conjugative;9.0;2.576898281782044;63.46162399011014;aadA12;;;;;;;90865
S3635-2022-12-A02_bin_2;IncX1;conjugative;-1.0;3.0976481262006765;5.447866746586754;;;;;;;;37697
S3635-2022-12-A02_bin_3;No hit found;mobilizable;24.0;-11.51614146252804;18.413750720618403;;;;;;;;4677
6502100578_bin_0;Col440I;mobilizable;-1.0;-19.713262097947748;15.873399978213582;;;;;;;;3830
S03583-2022-10-D07_bin_0;IncFII(S),IncX1;conjugative;-1.0;3.0993342186420767;5.4997131236328025;;spvD;;;;;;74571
S03447-2022-06-G07_bin_0;IncFII(S),IncX1;conjugative;-1.0;3.099370158624571;5.499381898754632;;spvD;;;;;;74417
S4016-2023-07-C05_bin_0;IncX1;conjugative;-1.0;3.097976878218657;5.512721916163208;;;;;;;;42612
S3703-2022-13-D07_bin_0;IncX4;conjugative;55.0;9.967303103223951;30.97468203608;mcr-1.1;;;;;;;33310
S3703-2022-13-D07_bin_1;IncI1;conjugative;9.0;2.141298078482334;63.74382382070566;blaTEM-135;;;;;;;90885
S03490-2022-08-D02_bin_0;IncA/C2;conjugative;9.0;-0.8559092302384074;64.07814104129987;blaCMY-2,tet(A);ybtP;;;;;;201579
S03490-2022-08-D02_bin_1;IncX1;conjugative;-1.0;3.097759562919497;5.436329888674944;;;;;;;;37697
S4189-2023-17-A07_bin_0;IncA/C2;conjugative;9.0;2.709661907176512;64.07131160129082;aadA1,blaCMY-2,sul2,tet(A);ybtP;;;;;;202028
S4189-2023-17-A07_bin_1;Col440I;mobilizable;30.0;-19.897037601434445;7.426249812165464;qnrB19;;;;;;;2989
S03429-2022-05-D01_bin_0;IncFII(S),IncX1;conjugative;-1.0;3.0993342186420767;5.4997131236328025;;spvD;;;;;;74589
S03429-2022-05-D01_bin_1;IncN;conjugative;-1.0;6.192550893485447;33.978564942170685;aph(6)-Id;;;;;;;46978
S03429-2022-05-D01_bin_2;ColRNAI;mobilizable;24.0;-7.805585435955535;20.799321754305502;;;;;;;;3646
S4012-2023-07-E11_bin_0;ColpVC;mobilizable;1.0;-20.51940562691027;38.1697160231234;;;;;;;;1983
S3626-2022-11-D01_bin_0;IncA/C2,IncI1;conjugative;9.0;2.455103848500184;63.58184764880167;tet(A);ybtP;;;;;;194537
S3626-2022-11-D01_bin_1;IncX1;conjugative;-1.0;3.097759562919497;5.436329888674944;;;;;;;;37697
S3626-2022-11-D01_bin_2;No hit found;mobilizable;24.0;-7.141182017690583;24.315968692056757;;;;;;;;5874
S3626-2022-11-D01_bin_3;No hit found;mobilizable;-1.0;-4.148243539454222;29.72155811325534;;;;;;;;3373
S3626-2022-11-D01_bin_4;No hit found;mobilizable;24.0;-8.152213182846104;20.866133793665867;;;;;;;;3282
S3626-2022-11-D01_bin_5;No hit found;mobilizable;24.0;-11.436094683368024;18.4360004696288;;;;;;;;2678
S3761-2022-15-C12_bin_0;IncFII(S),IncX1;conjugative;-1.0;3.099370158624571;5.499381898754632;;spvD;;;;;;74541
S03487-2022-08-B09_bin_0;IncA/C2;conjugative;37.0;8.155216629747743;40.52813599920436;blaCMY-2,tet(A);ybtP;;;;;;190770
S4031-2023-09-A02_bin_0;IncA/C2;conjugative;9.0;2.411920543306956;63.480131876081686;aph(3')-Ia,blaCMY-2,sul2;ybtP;;;;;;197480
S4031-2023-09-A02_bin_1;No hit found;mobilizable;-1.0;-4.148243539454222;29.72155811325534;;;;;;;;3372
S4031-2023-09-A02_bin_2;Col440I;mobilizable;30.0;-19.897037601434445;7.426249812165464;qnrB19;;;;;;;2989
S4031-2023-09-A02_bin_3;No hit found;mobilizable;7.0;-31.53847305784771;14.912026854177574;;;;;;;;2495
S4093-2023-11-E01_bin_0;IncX1;conjugative;-1.0;3.097980960796276;5.511304356302704;;;;;;;;42668
S3849-2023-01-B03_bin_0;IncA/C2;conjugative;9.0;2.703869439451545;64.06964054597081;blaCMY-2,sul2;ybtP;;;;;;203374
S3849-2023-01-B03_bin_1;No hit found;mobilizable;34.0;-22.358835761551397;24.0002067761567;;;;;;;;5410
S3849-2023-01-B03_bin_2;No hit found;mobilizable;-1.0;-4.148243539454222;29.72155811325534;;;;;;;;3372
S3849-2023-01-B03_bin_3;Col440I;mobilizable;30.0;-19.89703760143443;7.426249812165502;qnrB19;;;;;;;2989
S4220-2023-19-D08_bin_0;IncX1;conjugative;-1.0;3.097980960796276;5.511304356302704;;;;;;;;42668
S3932-2023-04-A07_bin_0;IncX1;conjugative;-1.0;3.097980960796276;5.511304356302704;;;;;;;;42668
6502100334_bin_Unbinned;IncFIB(S),IncFII(S);conjugative;-1.0;10.553665023862475;27.986763517164917;;spvD;;;;;;93783
S03455-2022-07-B10_bin_0;IncFII(S),IncX1;conjugative;-1.0;3.0993342186420767;5.4997131236328025;;spvD;;;;;;74571
1092000057_bin_0;IncY;non-mobilizable;16.0;1.2366405063945574;44.10350101483101;;;;;;;;91611
1092000057_bin_1;IncX1;conjugative;-1.0;3.104100230843749;5.496947950340631;;;;;;;;32973
1092000057_bin_2;Col156;mobilizable;11.0;-9.208496608072648;38.12814281418637;;;;;;;;3750
S3611-2022-11-B08_bin_0;IncA/C2;conjugative;9.0;2.437174826101566;63.51763643840233;blaCMY-2,tet(A);;;;;;;119372
S3611-2022-11-B08_bin_1;No hit found;mobilizable;24.0;-7.839506339061876;20.37085677894831;;;;;;;;3597
S3611-2022-11-B08_bin_2;Col440I;mobilizable;30.0;-19.897037601434445;7.426249812165464;;;;;;;;2978
S4070-2023-14-E04_bin_Unbinned;IncX1;conjugative;-1.0;3.0981379612141917;5.520647868818005;;;;;;;;40535
S3692-2022-13-B10_bin_0;IncFII(S),IncX1;conjugative;-1.0;3.0993342186420767;5.4997131236328025;;spvD;;;;;;74572
S03560-2022-10-A02_bin_0;No hit found;conjugative;9.0;3.301333793378304;63.15793491481833;tet(A);ybtP;;;;;;274061
S03445-2022-06-G05_bin_0;No hit found;conjugative;9.0;3.046366120562781;62.72454221792169;tet(A);ybtP;;;;;;274967
S3543-2022-09-C04_bin_0;IncX1;conjugative;-1.0;3.097980960796276;5.511304356302704;;;;;;;;42668
S3729-2022-14-B04_bin_0;IncA/C2;conjugative;9.0;2.45617247529136;63.58222403004719;aph(3')-Ia,blaCMY-2,sul2;ybtP;;;;;;203529
S3729-2022-14-B04_bin_1;No hit found;mobilizable;24.0;-7.228572861337855;21.954336313415563;;;;;;;;6537
S3729-2022-14-B04_bin_2;No hit found;mobilizable;-1.0;-22.067122169706995;18.13442777230612;;;;;;;;4657
S3729-2022-14-B04_bin_3;No hit found;mobilizable;24.0;-7.661592439501899;20.73938040930381;;;;;;;;4462
S3729-2022-14-B04_bin_4;ColpVC;mobilizable;1.0;-20.72545603545952;38.90714056356387;;;;;;;;2257
S4270-2024-03-D05_bin_0;IncFII(S),IncX1;conjugative;-1.0;3.0993342186420767;5.4997131236328025;;spvD;;;;;;74563
S03528-2022-08-G06_bin_0;IncFIB(S),IncFII(S);conjugative;-1.0;10.555893049212498;27.98372530769713;;spvD;;;;;;93977
S3916-2023-03-F02_bin_0;IncX1;conjugative;-1.0;3.0981379612141917;5.520647868818005;;;;;;;;40535
S3883-2023-02-E01_bin_0;IncHI2,IncHI2A;conjugative;35.0;20.02874266300868;42.67630672145034;aph(3')-Ia,dfrA1,mcr-9.1,sul1;;terD,terW,terZ;;;;;321248
S3883-2023-02-E01_bin_1;ColRNAI;mobilizable;24.0;-7.703732668601452;20.70069018507984;;;;;;;;4660
S3883-2023-02-E01_bin_2;Col156;mobilizable;11.0;-11.125159094211885;37.87585903208362;;;;;;;;4301
S3883-2023-02-E01_bin_3;ColpVC;mobilizable;-1.0;-7.042957984488619;33.73333202139034;;;;;;;;2096
S3906-2023-03-E04_bin_0;IncX1;conjugative;-1.0;3.0981379612141917;5.520647868818005;;;;;;;;40536
S03566-2022-10-A08_bin_0;IncA/C2,pEC4115;conjugative;37.0;8.42349149270023;41.02960196363734;blaCMY-2,sul2;ybtP;;;;;;244064
S03566-2022-10-A08_bin_1;No hit found;non-mobilizable;-;-;-;;;;;;;;44336
S03566-2022-10-A08_bin_2;No hit found;mobilizable;24.0;-7.839506339061876;20.37085677894831;;;;;;;;3597
S03566-2022-10-A08_bin_3;ColpVC;mobilizable;-1.0;-7.042957984488619;33.73333202139034;;;;;;;;2096
S03397-2022-03-D05_bin_0;IncI1;conjugative;9.0;2.496736474967556;63.5606580594427;;;;;;;;91072
S03397-2022-03-D05_bin_1;No hit found;mobilizable;-1.0;-22.0488982312572;18.10893901076329;;;;;;;;5116
S03397-2022-03-D05_bin_2;No hit found;mobilizable;-1.0;-4.148243539454222;29.72155811325534;;;;;;;;3374
S03397-2022-03-D05_bin_3;Col440I;mobilizable;-1.0;-19.72292510183073;15.850904862291564;;;;;;;;1976
S4311-2024-05-C03_bin_0;IncX1;conjugative;-1.0;6.072204186842342;33.911275387725425;blaTEM-1B;;;;;;;45040
S4311-2024-05-C03_bin_1;No hit found;mobilizable;-1.0;-15.790047838827418;18.491663661061448;;;;;;;;3428
S4311-2024-05-C03_bin_2;No hit found;mobilizable;-;-;-;;;;;;;;3351
S3671-2022-12-E11_bin_0;IncFII(S),IncX1;conjugative;-1.0;3.0993342186420767;5.4997131236328025;;spvD;;;;;;74577
6502100208_bin_0;Col440I;mobilizable;-1.0;-19.713262097947748;15.873399978213582;;;;;;;;3830
6502100208_bin_1;No hit found;mobilizable;24.0;-8.022373648613765;20.37649066287178;;;;;;;;3554
S03405-2022-03-F01_bin_0;IncA/C2,IncI1;conjugative;9.0;2.41393867256011;63.52880818521292;blaCMY-2,sul2;ybtP;;;;;;262509
S03405-2022-03-F01_bin_1;IncX1;conjugative;-1.0;3.097759562919497;5.436329888674944;;;;;;;;37697
S03405-2022-03-F01_bin_2;No hit found;mobilizable;24.0;-7.098312696298615;23.04303605801076;;;;;;;;5165
S03405-2022-03-F01_bin_3;No hit found;mobilizable;24.0;-7.839506339061876;20.37085677894831;;;;;;;;3595
S03405-2022-03-F01_bin_4;No hit found;mobilizable;-1.0;-4.148243539454222;29.72155811325534;;;;;;;;3371
S03405-2022-03-F01_bin_5;No hit found;mobilizable;24.0;-8.952881617869258;21.236862745155072;;;;;;;;3022
S03405-2022-03-F01_bin_6;ColpVC;mobilizable;-1.0;-7.042957984488619;33.73333202139034;;;;;;;;2096
S3926-2023-06-A05_bin_0;IncX1;conjugative;-1.0;3.097980960796276;5.511304356302704;;;;;;;;42668
S4034-2023-09-A11_bin_0;IncHI2,IncHI2A;conjugative;35.0;19.728483137249835;42.89869370176896;aph(3')-Ia,mcr-9.1,sul1;;terD,terW,terZ;;;;;213498
S3675-2022-12-F05_bin_0;IncA/C2;conjugative;9.0;2.454438819833082;63.595514937876445;aph(3')-Ia,blaCMY-2,tet(A);ybtP;;;;;;203650
S3675-2022-12-F05_bin_1;No hit found;mobilizable;24.0;-7.483096030767522;22.120392112698507;;;;;;;;5570
S3675-2022-12-F05_bin_2;No hit found;mobilizable;0.0;-33.62156862044001;34.882588490794376;;;;;;;;4074
S3675-2022-12-F05_bin_3;No hit found;mobilizable;-1.0;-4.148243539454222;29.72155811325534;;;;;;;;3372
S3675-2022-12-F05_bin_4;Col440I;mobilizable;30.0;-19.897037601332297;7.426249812435159;qnrB19;;;;;;;2989
S3803-2022-16-E02_bin_0;IncA/C2;conjugative;9.0;2.7521585901396106;64.05044748970933;blaCMY-2,sul2;ybtP;;;;;;183767
S3803-2022-16-E02_bin_1;No hit found;mobilizable;-1.0;-4.148243539454222;29.72155811325534;;;;;;;;3372
S3803-2022-16-E02_bin_2;Col440I;mobilizable;30.0;-19.897037601434445;7.426249812165464;qnrB19;;;;;;;2989
S00526-2020-11-C07_bin_0;No hit found;conjugative;9.0;3.042194633020427;62.71687404438539;aadA1;ybtP;;;;;;274965
S4040-2023-09-C09_bin_0;IncX1;conjugative;-1.0;3.097980960796276;5.511304356302704;;;;;;;;42668
S4042-2023-09-C11_bin_0;IncX1;conjugative;-1.0;3.097976878218657;5.512721916163208;;;;;;;;42612
S03393-2022-03-D02_bin_0;IncFII(S),IncX1;conjugative;-1.0;3.0993342186420767;5.4997131236328025;;spvD;;;;;;74563
S4147-2023-14-D03_bin_Unbinned;IncX1;conjugative;-1.0;3.0981379612141917;5.520647868818005;;;;;;;;40290
S03401-2022-03-E09_bin_0;IncFII(S),IncX1;conjugative;-1.0;3.0993342186420767;5.4997131236328025;;spvD;;;;;;74571
S4134-2023-14-D08_bin_0;No hit found;conjugative;9.0;3.299654184960888;63.14575835967483;tet(A);ybtP;;;;;;274546
S4242-2024-01-D01_bin_0;Col440I;mobilizable;24.0;-9.703949232048547;22.406440442484776;;;;;;;;3187
S03361-2022-01-B09_bin_0;IncX4;conjugative;9.0;3.1220055490319827;62.71826804361324;blaTEM-1B,dfrA14,tet(A);ybtP;;;;;;318364
S3712-2022-13-E05_bin_0;IncFIC(FII);conjugative;10.0;11.839239750990195;57.5258635463655;sul2,tet(A),tet(M);;;;;;;86276
S3712-2022-13-E05_bin_1;IncFIB(AP001918);non-mobilizable;-1.0;2.72017702740816;34.81541883942517;;;;;;;;19419
S3813-2022-17-A11_bin_0;IncA/C2;conjugative;37.0;8.092005445215259;40.51266000084426;blaCMY-2,tet(A);ybtP;;;;;;191338
S3813-2022-17-A11_bin_1;No hit found;mobilizable;-1.0;-4.000748899009827;29.683858856413774;;;;;;;;3374
S3854-2023-01-C04_bin_0;IncX4;conjugative;9.0;2.849028489331;62.40239343722167;blaTEM-1B,dfrA14,lnu(G),tet(A);ybtP;;;;;;318164
S4011-2023-07-E10_bin_0;IncFIB(S),IncFII(S);conjugative;-1.0;10.553665023862475;27.986763517164917;;spvD;;;;;;93492
S4011-2023-07-E10_bin_1;ColpVC;mobilizable;-1.0;-7.042957984488619;33.73333202139034;;;;;;;;2097
S4011-2023-07-E10_bin_Unbinned;No hit found;non-mobilizable;-;-;-;cpxA;;;;;;;23573
S03521-2022-08-D07_bin_Unbinned;IncX1;conjugative;-1.0;3.0981379612141917;5.520647868818005;;;;;;;;40535
S3832-2022-20-G02_bin_0;IncX1;conjugative;-1.0;3.097980960796276;5.511304356302704;;;;;;;;42668
S4156-2023-13-B12_bin_0;IncX1;conjugative;-1.0;3.097976878218657;5.512721916163208;;;;;;;;42612
S3959-2023-16-B09_bin_0;IncA/C2;conjugative;37.0;8.204123166335389;40.625762670717855;blaCMY-2,sul2;ybtP;;;;;;197168
S3959-2023-16-B09_bin_1;No hit found;mobilizable;-1.0;-4.148243539454222;29.72155811325534;;;;;;;;3372
S3959-2023-16-B09_bin_2;Col440I;mobilizable;30.0;-19.897037601434445;7.426249812165464;qnrB19;;;;;;;2989
S4080-2023-11-A09_bin_0;IncA/C2;conjugative;9.0;2.7206021216177003;64.06116191145713;blaCMY-2,sul2;ybtP;;;;;;197323
S4080-2023-11-A09_bin_1;No hit found;mobilizable;-1.0;-4.148243539454222;29.72155811325534;;;;;;;;3372
S4080-2023-11-A09_bin_2;No hit found;non-mobilizable;7.0;-31.30460737748475;14.977631190252705;;;;;;;;2495
S4236-2024-01-C05_bin_0;No hit found;conjugative;9.0;3.0282875403731717;62.69304019123411;tet(A);ybtP;;;;;;273696
1092001004_bin_0;No hit found;mobilizable;-1.0;-3.990800132130503;29.68227514243153;;;;;;;;3373
S3921-2023-03-F07_bin_0;IncA/C2;mobilizable;37.0;7.719120252570084;39.52887385411152;;ybtP;;;;;;124914
S3921-2023-03-F07_bin_1;No hit found;conjugative;9.0;2.4690941325330136;63.55840152921959;blaCMY-2,sul2;;;;;;;73373
S3921-2023-03-F07_bin_2;No hit found;mobilizable;-1.0;-4.148243539454222;29.72155811325534;;;;;;;;3373
S3921-2023-03-F07_bin_3;Col440I;mobilizable;30.0;-19.909228614739117;7.346422890739878;qnrB19;;;;;;;2989
S3993-2023-05-H04_bin_0;IncX1;conjugative;-1.0;3.097980960796276;5.511304356302704;;;;;;;;42668
S02365-2020-10-B09_bin_0;No hit found;conjugative;9.0;3.0404661662972945;62.7143966150546;tet(A);ybtP;;;;;;273733
S3990-2023-05-G03_bin_0;IncFIB(S),IncFII(S);non-mobilizable;-1.0;14.47223337102288;39.36144640859536;;spvD;;;;;;58043
S3990-2023-05-G03_bin_1;Col156;mobilizable;11.0;-9.208569301730954;38.12890384566335;;;;;;;;5463
S3990-2023-05-G03_bin_2;Col440I;mobilizable;30.0;-19.897037601434445;7.426249812165464;qnrB19;;;;;;;3191
S3909-2023-03-E07_bin_Unbinned;IncX1;conjugative;-1.0;3.0981379612141917;5.520647868818005;;;;;;;;40280
S3726-2022-14-B01_bin_0;IncA/C2,IncI1;conjugative;9.0;2.5455639128712493;63.954097418838266;blaCMY-2,tet(A);ybtP;;;;;;251644
S3726-2022-14-B01_bin_1;IncX1;conjugative;-1.0;3.097759562919497;5.436329888674944;;;;;;;;37697
S3726-2022-14-B01_bin_2;No hit found;mobilizable;24.0;-11.517300383692762;18.4102941823844;;;;;;;;4677
S3726-2022-14-B01_bin_3;ColRNAI;mobilizable;24.0;-7.839599006195226;20.371020531761424;;;;;;;;3596
S3726-2022-14-B01_bin_4;ColpVC;mobilizable;-1.0;-7.042957984488619;33.73333202139034;;;;;;;;2096
S4171-2023-15-D12_bin_0;No hit found;mobilizable;24.0;-7.141182034977042;24.31596862936788;;;;;;;;5631
S4171-2023-15-D12_bin_1;No hit found;mobilizable;-1.0;-22.074764908080063;18.140317814186528;;;;;;;;4657
S4171-2023-15-D12_bin_2;Col156;mobilizable;11.0;-11.071368206211048;37.893134863183526;;;;;;;;4301
S4171-2023-15-D12_bin_Unbinned;No hit found;non-mobilizable;-;-;-;;;;;;;;398371
S3989-2023-05-F09_bin_0;IncX1;conjugative;55.0;9.155972366522862;32.62731629463738;aph(3')-Ia;;;;;;;33499
S3989-2023-05-F09_bin_1;No hit found;mobilizable;-;-;-;;;;;;;;5907
S3989-2023-05-F09_bin_2;Col156;mobilizable;11.0;-11.068203793142702;37.91495115009824;;;;;;;;5090
S3989-2023-05-F09_bin_3;Col440I;mobilizable;-1.0;-19.22087489627586;16.586664510012607;;;;;;;;2264
S3989-2023-05-F09_bin_4;ColpVC;mobilizable;-1.0;-7.042615296539235;33.72666374434299;;;;;;;;2096
S3989-2023-05-F09_bin_5;No hit found;non-mobilizable;-1.0;10.462676420459143;36.32856018921908;dfrA14;;;;;;;1815
S4149-2023-14-D05_bin_0;No hit found;non-mobilizable;9.0;2.9734937864836777;63.73390697935343;;;;;;;;57155
6502100217_bin_0;IncX1;conjugative;-1.0;6.072204186842342;33.911275387725425;blaTEM-1B;;;;;;;45040
6502100217_bin_1;No hit found;mobilizable;-1.0;-15.790047838827418;18.491663661061448;;;;;;;;3428
6502100217_bin_2;No hit found;mobilizable;-;-;-;;;;;;;;3351
S3751-2022-14-H02_bin_0;IncFII(S),IncX1;conjugative;-1.0;3.0990559514902785;5.500440372274;;spvD;;;;;;74571
S3604-2022-11-F12_bin_0;IncA/C2;conjugative;9.0;2.535798333274504;63.71490396147821;blaCMY-2,tet(A);ybtP;;;;;;187425
S3604-2022-11-F12_bin_1;IncX1;conjugative;-1.0;3.097759562919497;5.436329888674944;;;;;;;;37697
S3604-2022-11-F12_bin_2;ColpVC;mobilizable;-1.0;-7.042957984488619;33.73333202139034;;;;;;;;2096
S3806-2022-16-F09_bin_0;IncA/C2;conjugative;9.0;2.7521585901396106;64.05044748970933;blaCMY-2,tet(A);ybtP;;;;;;183740
S3806-2022-16-F09_bin_1;No hit found;mobilizable;-1.0;-4.148243539454222;29.72155811325534;;;;;;;;3372
S3806-2022-16-F09_bin_2;Col440I;mobilizable;30.0;-19.90926155022922;7.346564983037414;qnrB19;;;;;;;2989
S4173-2023-15-E02_bin_0;IncHI2,IncHI2A;conjugative;35.0;20.015753472458535;42.71915083632022;aph(3')-Ia,mcr-9.1,sul1;;terD,terW,terZ;;;;;669106
S3908-2023-03-E06_bin_Unbinned;IncX1;conjugative;-1.0;3.0981379612141917;5.520647868818005;;;;;;;;40287
S4144-2023-14-C12_bin_0;No hit found;mobilizable;24.0;-7.141182034615123;24.31596863078541;;;;;;;;5874
S4144-2023-14-C12_bin_1;No hit found;mobilizable;0.0;-33.1502861235037;34.97731496624448;;;;;;;;4064
S4144-2023-14-C12_bin_2;ColpVC;mobilizable;1.0;-20.51940562691027;38.1697160231234;;;;;;;;1983
69438628-Mlcb-1-2020-10-H05_bin_0;No hit found;conjugative;9.0;3.037637672263414;62.7089618198464;dfrA14,tet(A);ybtP;;;;;;278198
S03580-2022-10-D03_bin_0;IncFII(S),IncX1;conjugative;-1.0;3.099370158624571;5.499381898754632;;spvD;;;;;;74550
S03580-2022-10-D03_bin_1;Col440I;mobilizable;-1.0;-18.12234521921256;12.410504608886402;;;;;;;;3386
S4265-2024-03-B04_bin_0;No hit found;mobilizable;24.0;-7.3710719619824925;21.950333072252665;;;;;;;;4678
S4265-2024-03-B04_bin_1;No hit found;mobilizable;0.0;-33.63237578355748;34.89178630668728;;;;;;;;4074
S4265-2024-03-B04_bin_2;IncI1;conjugative;9.0;2.1047855859119826;63.75138413834563;blaTEM-1A,lnu(F);;;;;;;96728
S4265-2024-03-B04_bin_3;ColpVC;mobilizable;-1.0;-7.042957984488619;33.73333202139034;;;;;;;;2096
S3594-2022-11-A01_bin_0;IncX1;conjugative;-1.0;3.097980960796276;5.511304356302704;;;;;;;;42669
S3602-2022-11-F10_bin_0;IncA/C2,IncFII(pHN7A8);conjugative;10.0;6.982582242493658;58.27924674507243;blaCMY-2,blaCTX-M-55,fosA3,tet(A);ybtP;;;;;;295749
S3602-2022-11-F10_bin_1;IncI2;conjugative;10.0;11.365824056468393;64.02563660488931;;;;;;;;55944
S3602-2022-11-F10_bin_2;No hit found;mobilizable;-1.0;-21.83052087318384;18.982224090571435;;;;;;;;4018
S3602-2022-11-F10_bin_3;No hit found;mobilizable;-1.0;-4.148243539454222;29.72155811325534;;;;;;;;3372
S3602-2022-11-F10_bin_4;ColpVC;mobilizable;1.0;-20.72545603545952;38.90714056356387;;;;;;;;2257
S3602-2022-11-F10_bin_5;ColpVC;mobilizable;-1.0;-7.042957984488619;33.73333202139034;;;;;;;;2097
S3852-2023-01-B12_bin_0;IncFII(S),IncX1;conjugative;-1.0;3.0993342186420767;5.4997131236328025;;spvD;;;;;;74577
S3851-2023-01-B11_bin_0;ColpVC;mobilizable;-1.0;-7.042957984488619;33.73333202139034;;;;;;;;2096
S3900-2023-03-B04_bin_0;IncA/C2;conjugative;9.0;2.7196004133937577;64.06193694896217;blaCMY-2,sul2;ybtP;;;;;;198346
S3900-2023-03-B04_bin_1;No hit found;mobilizable;-1.0;-21.83052087318384;18.982224090571435;;;;;;;;4018
S3900-2023-03-B04_bin_2;No hit found;mobilizable;-1.0;-4.148243539454222;29.72155811325534;;;;;;;;3372
S3900-2023-03-B04_bin_3;No hit found;mobilizable;24.0;-8.044694081286995;20.79204665456075;;;;;;;;3272
S3900-2023-03-B04_bin_4;ColpVC;mobilizable;-1.0;-7.042957984488619;33.73333202139034;;;;;;;;2097
S4030-2023-09-A01_bin_0;IncA/C2,IncI1;conjugative;9.0;2.5481733142558194;63.949648690124405;blaCMY-2,sul2;ybtP;;;;;;269226
S4030-2023-09-A01_bin_1;IncX1;conjugative;-1.0;3.097759562919497;5.436329888674944;;;;;;;;37697
S4030-2023-09-A01_bin_2;No hit found;mobilizable;24.0;-7.8346218204942435;20.36379202927996;;;;;;;;3598
S4030-2023-09-A01_bin_3;ColpVC;mobilizable;-1.0;-7.042957984488619;33.73333202139034;;;;;;;;2096
6502100272_bin_0;No hit found;non-mobilizable;-;-;-;;;;;;;;2804
S4247-2024-01-D04_bin_0;IncA/C2,IncI1;conjugative;9.0;2.545563516400199;63.954106817231946;blaCMY-2,tet(A);ybtP;;;;;;251649
S4247-2024-01-D04_bin_1;IncX1;conjugative;-1.0;3.097759562919497;5.436329888674944;;;;;;;;37697
S4247-2024-01-D04_bin_2;No hit found;mobilizable;24.0;-11.51614146252804;18.413750720618403;;;;;;;;4677
S4247-2024-01-D04_bin_3;No hit found;mobilizable;24.0;-7.839506339061876;20.37085677894831;;;;;;;;3596
S4247-2024-01-D04_bin_4;ColpVC;mobilizable;-1.0;-7.042957984488619;33.73333202139034;;;;;;;;2096
S03474-2022-08-B07_bin_0;IncFII(S),IncX1;conjugative;-1.0;3.099286311824411;5.500160161049981;;spvD;;;;;;72298
S3890-2023-02-F03_bin_Unbinned;IncX1;conjugative;-1.0;3.0981379612141917;5.520647868818005;;;;;;;;40278
S3739-2022-14-E11_bin_0;IncFIB(pB171),IncFII(S);conjugative;17.0;0.9160894805267024;39.48179863162298;;;;;;;;96054
S3739-2022-14-E11_bin_Unbinned;No hit found;non-mobilizable;-;-;-;;;;;;;;3152
S3614-2022-11-B11_bin_0;No hit found;conjugative;9.0;2.7229667666522595;63.38350678345021;aph(4)-Ia,blaCTX-M-65,dfrA14,floR,tet(A);ybtP;;;;;;307431
S4214-2023-19-C03_bin_0;IncFII(pHN7A8);conjugative;10.0;7.9804050446378;57.82002502908157;blaCTX-M-55,fosA3;;;;;;;79492
S4214-2023-19-C03_bin_1;IncA/C2;conjugative;37.0;8.045213643469078;40.13146525935501;dfrA8,sul2;;;;;;;89694
S4214-2023-19-C03_bin_2;No hit found;non-mobilizable;9.0;1.883589720327994;64.12931164430056;;;;;;;;27652
S4214-2023-19-C03_bin_3;No hit found;non-mobilizable;10.0;4.28430832966099;58.38694908260451;;;;;;;;6931
S4214-2023-19-C03_bin_4;No hit found;mobilizable;-1.0;-4.148243539454222;29.72155811325534;;;;;;;;3372
S4214-2023-19-C03_bin_5;Col440I;mobilizable;30.0;-19.909264614334138;7.346708018777371;qnrB19;;;;;;;2989
S4214-2023-19-C03_bin_6;No hit found;non-mobilizable;-1.0;6.083453755612837;33.68578501531141;;;;;;;;2606
6502100579_bin_0;IncFIB(S);non-mobilizable;-1.0;-1.7767442878290918;35.165542508978575;;spvD;;;;;;52527
S4128-2023-14-B01_bin_0;IncFII(S);conjugative;10.0;11.85728661396869;60.45955383898781;;spvD;;;;;;87214
S03380-2022-02-D05_bin_0;No hit found;non-mobilizable;9.0;3.1787491154039147;61.693605514450354;;mchF;;;;;;112020
S03380-2022-02-D05_bin_1;IncFIB(pB171);conjugative;-1.0;10.774973475386616;28.260803039738704;;;;;;;;105638
S03380-2022-02-D05_bin_Unbinned;No hit found;non-mobilizable;-;-;-;;;;;;;;1132
S3931-2023-04-A06_bin_0;IncX1;conjugative;-1.0;3.097980960796276;5.511304356302704;;;;;;;;42668
S4190-2023-17-A08_bin_0;IncA/C2;conjugative;9.0;2.456148070472037;63.58224940122828;aph(3')-Ia,blaCMY-2,tet(A);ybtP;;;;;;203528
S4190-2023-17-A08_bin_1;No hit found;mobilizable;-1.0;-22.07248972487438;18.13879236875417;;;;;;;;4657
S4190-2023-17-A08_bin_2;No hit found;mobilizable;0.0;-34.019945617503296;35.758335878177945;;;;;;;;4074
S4190-2023-17-A08_bin_3;No hit found;mobilizable;-1.0;-21.83052087318384;18.982224090571435;;;;;;;;4018
S03375-2022-02-B08_bin_0;No hit found;conjugative;-1.0;15.780265059375612;23.273656757439447;;ybtP;;;;;;325316
S03375-2022-02-B08_bin_1;IncFIB(pB171),IncFII(SARC14),IncFII(Yp);conjugative;-1.0;10.78682588717865;28.258056301814104;;;;;;;;96264
S4218-2023-19-D06_bin_0;IncHI2,IncHI2A;conjugative;35.0;19.73037252223087;42.89672058470792;aph(3')-Ia,dfrA1,mcr-9.1,sul1;;terD,terW,terZ;;;;;613473
S4136-2023-14-D10_bin_0;IncFII(S),IncX1;conjugative;-1.0;3.0993342186420767;5.4997131236328025;;spvD;;;;;;74572
S3814-2022-17-B02_bin_0;IncA/C2;conjugative;37.0;8.091968130745444;40.51263999453896;blaCMY-2,sul2;ybtP;;;;;;191337
S4108-2023-11-G08_bin_0;IncX1;conjugative;-1.0;3.097980960796276;5.511304356302704;;;;;;;;42668
S03437-2022-06-A11_bin_0;IncHI2,IncHI2A;conjugative;35.0;20.04552973366402;42.70097487271584;mcr-9.1,sul1;;;;;;;202370
S03437-2022-06-A11_bin_1;Col440I;mobilizable;30.0;-20.909272915966184;8.226696471017041;qnrB19;;;;;;;2699
S3807-2022-16-F10_bin_0;IncFII(S);conjugative;-1.0;3.8348044014353486;33.77812161307561;;;;;;;;144195
S3973-2023-04-D09_bin_Unbinned;IncX1;conjugative;-1.0;3.0981379612141917;5.520647868818005;;;;;;;;40281
1092001391_bin_0;IncQ1;mobilizable;23.0;-18.38959538487444;3.7041785726043175;floR;;;;;;;7494
S4131-2023-14-B07_bin_0;IncI;conjugative;9.0;2.4880951334139843;63.65118719863277;;;;;;;;109442
S4131-2023-14-B07_bin_1;IncX1;conjugative;-1.0;3.097976878218657;5.512721916163208;;;;;;;;42600
S4131-2023-14-B07_bin_2;ColRNAI;mobilizable;24.0;-7.689745440798773;20.707456590611105;;;;;;;;4593
S3653-2022-12-C02_bin_0;IncA/C2;conjugative;9.0;2.5700027903460025;63.80019272139348;blaCMY-2,tet(A);ybtP;;;;;;193558
S3653-2022-12-C02_bin_1;IncX1;conjugative;-1.0;3.097759562919497;5.436329888674944;;;;;;;;37697
S3653-2022-12-C02_bin_2;No hit found;mobilizable;24.0;-11.51614146252804;18.413750720618403;;;;;;;;4677
S3653-2022-12-C02_bin_3;No hit found;mobilizable;24.0;-8.264079176520799;19.62059992335224;;;;;;;;4100
S3653-2022-12-C02_bin_4;No hit found;mobilizable;-1.0;-4.148243539454222;29.72155811325534;;;;;;;;3373
S3653-2022-12-C02_bin_5;Col440I;mobilizable;30.0;-19.87079652328081;7.496053601524284;qnrB19;;;;;;;2740
S3653-2022-12-C02_bin_6;ColpVC;mobilizable;-1.0;-7.042957984488619;33.73333202139034;;;;;;;;2096
S3653-2022-12-C02_bin_Unbinned;No hit found;non-mobilizable;-1.0;-1.4906094055023895;-64.58445681717173;;;;;;;;1007
S4110-2023-11-H03_bin_0;IncI1;conjugative;9.0;2.399279467742766;64.15453681297954;aph(3')-Ia,sul1,sul2;;;;;;;104418
S4110-2023-11-H03_bin_1;ColRNAI;mobilizable;24.0;-7.703732668601452;20.70069018507984;;;;;;;;4659
S4110-2023-11-H03_bin_2;Col156;mobilizable;11.0;-11.12082631835681;37.87895040890172;;;;;;;;4301
S4110-2023-11-H03_bin_3;No hit found;mobilizable;0.0;-33.90309615355129;35.75439877230698;;;;;;;;4110
S4110-2023-11-H03_bin_Unbinned;No hit found;non-mobilizable;-;-;-;;;;;;;;398371
1092001003_bin_0;ColRNAI;mobilizable;24.0;-7.689745440798773;20.707456590611105;;;;;;;;4593
